190,405,225,389,241,355,234,327,214,320,234,329,240,299,245,295,243,308,216,326,217,288,225,288,226,306,198,327,196,293,207,288,210,306,180,329,179,299,189,291,197,301,E
190,404,225,387,240,353,235,326,213,320,233,327,239,298,244,294,242,304,215,324,216,287,224,286,225,303,197,325,195,291,206,286,210,304,179,327,179,297,189,290,197,301,E
188,401,222,387,239,352,234,324,213,318,231,322,236,291,242,289,241,302,213,317,213,281,221,280,223,298,195,318,192,285,203,281,207,299,177,322,175,293,186,287,195,299,E
187,402,222,385,238,349,229,322,207,318,229,323,234,292,240,288,239,300,211,320,211,282,219,282,220,300,193,321,190,287,201,282,204,300,175,324,173,295,183,287,192,298,E
187,400,222,385,238,349,231,321,209,316,230,322,235,290,240,288,239,302,212,318,212,280,220,280,221,299,194,319,191,285,202,281,206,299,175,323,174,293,184,287,193,298,E
188,400,224,383,238,348,229,320,206,316,232,322,238,291,242,288,240,301,213,319,214,281,221,281,223,299,195,320,193,285,203,280,206,299,176,322,176,291,186,284,195,297,E
189,400,224,383,239,348,231,320,209,316,232,322,238,291,243,287,242,299,214,319,214,281,222,279,223,297,195,320,193,285,204,279,207,297,177,323,176,292,186,285,195,295,E
190,400,224,383,240,347,230,319,205,318,233,321,239,290,243,287,241,300,215,319,215,280,222,280,223,298,196,320,194,285,204,280,207,298,177,323,176,292,186,285,194,295,E
189,401,225,385,241,349,232,320,209,316,233,321,239,290,244,287,242,301,214,319,215,280,223,280,224,298,196,320,193,284,204,280,208,298,177,323,176,292,186,285,195,296,E
189,400,225,383,240,348,231,321,209,315,233,320,239,290,243,287,242,300,214,318,215,279,222,280,224,298,195,319,194,284,204,279,207,298,176,322,176,291,186,284,194,295,E
187,400,223,384,239,348,230,320,208,315,231,320,238,290,243,286,241,298,213,317,214,279,221,279,222,296,194,318,193,283,203,279,206,297,175,321,175,291,185,284,194,296,E
187,400,223,383,238,348,229,320,207,315,231,321,237,290,242,287,240,299,212,318,213,279,221,280,222,298,194,319,192,284,202,280,205,298,175,321,174,291,185,284,193,295,E
184,403,221,386,236,351,229,323,207,316,229,325,236,295,240,290,238,302,210,322,211,282,219,283,220,301,192,322,190,287,200,283,203,301,172,325,172,294,182,287,190,298,E
184,404,220,388,236,352,227,324,205,320,229,325,236,294,240,290,238,303,210,322,211,282,219,283,219,301,192,323,190,287,200,283,203,301,173,325,172,295,182,288,190,299,E
184,404,220,387,235,353,227,325,207,317,228,326,235,296,240,290,239,302,209,324,211,284,219,283,219,301,191,324,190,289,200,283,202,301,172,325,172,296,182,287,190,298,E
181,406,218,387,233,353,224,326,204,318,227,327,234,296,237,291,234,301,207,324,208,285,214,283,215,301,188,324,186,289,195,283,198,301,169,327,168,297,177,288,185,297,E
177,406,214,388,230,354,222,326,201,317,223,327,230,296,234,291,232,303,204,324,205,285,212,284,213,303,185,324,183,289,192,283,196,302,165,327,164,297,173,287,182,296,E
172,407,209,388,224,354,216,326,194,318,218,326,224,298,230,291,229,299,198,323,199,284,207,283,208,301,179,324,176,288,187,283,190,301,159,326,158,296,169,288,177,299,E
172,406,208,390,224,353,215,324,191,321,217,325,224,293,229,291,226,306,198,321,199,282,207,284,207,303,180,322,178,286,188,284,191,303,160,326,160,295,170,289,179,302,E
172,407,208,390,223,354,215,326,193,319,217,326,224,295,229,290,227,303,198,323,199,283,207,282,207,300,179,323,177,288,187,282,190,301,160,326,158,296,168,288,177,299,E
171,408,207,390,222,354,214,327,192,319,216,328,224,297,229,292,226,304,197,325,199,284,206,284,207,303,178,325,177,290,186,285,189,303,159,328,157,298,167,290,175,300,E
169,409,206,389,220,354,210,327,188,321,214,327,222,296,226,292,224,305,195,325,196,285,203,284,204,302,175,325,174,290,183,285,187,303,155,328,154,298,164,289,173,300,E
165,411,203,393,217,356,208,327,184,322,212,330,219,300,224,295,223,305,193,326,194,286,201,286,202,305,174,327,172,290,182,286,184,306,154,329,153,298,163,292,172,305,E
168,414,204,398,221,361,212,333,189,326,214,334,223,304,227,298,224,309,195,329,197,289,204,290,204,310,176,329,175,292,185,291,187,310,157,332,156,301,167,296,175,309,E
167,426,205,407,222,372,213,345,190,340,217,346,227,317,231,312,228,322,197,342,201,301,207,302,207,321,177,342,177,305,186,302,189,321,157,344,157,314,168,307,176,318,E
524,449,488,436,469,412,470,387,476,369,470,387,460,360,465,357,471,363,488,381,479,352,482,353,486,362,504,379,497,353,496,352,496,361,523,381,519,359,514,355,510,359,E
469,387,433,373,415,347,422,321,439,311,425,320,419,288,415,287,415,298,442,315,439,280,432,280,430,294,458,316,457,284,448,283,446,299,476,318,476,292,466,287,460,298,E
471,393,433,375,415,348,425,321,448,314,424,320,418,290,415,286,417,295,441,315,439,279,434,278,433,292,459,316,459,284,451,282,449,299,478,319,479,291,469,285,462,296,E
473,392,435,372,417,343,430,315,453,308,425,315,419,284,418,279,421,289,443,311,441,276,438,271,438,280,462,312,462,280,456,274,454,290,481,315,483,287,474,279,467,289,E
473,391,434,369,417,340,429,313,451,304,426,313,420,281,419,277,421,286,444,310,442,272,437,269,437,280,462,311,463,277,456,273,454,289,481,314,483,285,473,278,466,290,E
471,392,432,370,416,341,428,313,449,303,425,313,419,281,417,279,419,291,443,310,440,272,436,270,436,282,461,311,462,277,454,274,452,292,480,314,482,285,472,279,464,292,E
471,392,434,372,416,344,426,316,447,305,426,313,421,282,418,279,418,287,444,309,441,272,436,270,435,281,462,310,463,276,454,276,451,293,481,314,482,286,471,282,463,294,E
482,392,445,373,427,344,438,317,459,305,437,311,432,278,431,277,432,290,455,308,454,270,449,270,448,283,474,310,475,275,467,275,464,293,494,314,496,285,486,280,478,291,E
483,393,447,373,429,345,439,317,458,300,438,313,434,280,432,278,433,288,457,309,454,271,452,271,451,285,475,310,476,276,470,276,466,293,495,315,497,286,488,282,478,293,E
481,397,443,375,426,347,436,319,455,304,437,315,432,282,429,280,429,292,456,312,453,274,449,272,448,285,474,314,475,280,467,277,464,296,494,318,495,289,486,282,477,294,E
481,398,443,376,425,348,436,320,455,305,434,317,428,284,427,281,429,290,452,314,450,276,447,273,447,282,471,316,472,281,466,277,464,294,492,319,493,290,484,282,476,294,E
478,398,440,376,423,345,437,318,460,310,431,317,425,284,425,280,427,291,449,313,446,276,444,272,446,283,469,315,469,281,464,276,462,294,489,319,490,289,481,283,474,296,E
475,398,437,376,419,347,431,319,453,309,427,317,421,285,421,283,423,294,445,313,442,276,440,274,441,285,464,314,465,281,458,277,456,295,484,318,485,289,476,284,469,296,E
473,398,435,376,418,349,427,321,445,305,427,319,420,287,419,282,420,291,445,315,442,277,439,274,438,285,464,317,464,282,457,279,454,296,484,320,485,290,475,284,466,296,E
473,397,436,376,419,348,429,321,448,306,426,318,421,285,420,282,422,293,445,314,442,275,439,273,439,286,463,315,465,280,458,277,456,294,483,318,484,289,475,283,467,295,E
474,399,436,377,419,350,428,322,447,306,427,320,421,288,420,283,422,290,445,316,441,279,440,274,440,282,464,317,464,282,459,278,456,295,484,320,484,291,475,286,466,298,E
475,398,437,377,420,350,431,322,447,306,429,319,424,286,423,281,424,290,447,315,444,276,441,273,441,285,466,316,467,280,460,277,457,295,486,319,487,290,478,285,469,298,E
477,397,439,377,422,349,434,322,453,307,430,318,425,284,424,283,425,294,448,314,446,275,443,275,443,288,467,315,468,280,461,278,459,295,487,319,489,290,480,284,471,296,E
478,399,440,378,423,350,434,322,453,306,431,319,426,286,425,283,426,292,450,315,447,277,444,274,444,283,469,316,470,281,464,277,461,293,489,320,491,290,481,284,473,295,E
481,396,443,376,427,347,440,320,461,306,434,317,430,282,430,280,432,293,454,313,451,274,449,272,449,286,473,314,474,279,468,276,465,294,493,318,495,289,486,284,478,296,E
481,397,444,376,426,348,438,321,460,307,433,316,428,283,428,281,430,291,453,312,450,275,449,273,449,285,472,314,473,280,468,277,465,295,492,318,494,289,485,284,476,296,E
480,396,443,376,426,348,439,320,461,308,432,316,428,282,428,280,430,292,452,312,449,273,448,273,449,287,471,313,472,278,467,276,465,293,491,317,492,288,484,283,477,295,E
480,397,443,376,426,347,438,319,459,304,433,316,428,283,428,280,430,291,452,312,448,275,448,273,449,284,471,313,472,279,467,276,464,293,491,317,492,289,484,283,475,294,E
480,397,443,377,427,348,437,320,456,304,433,317,428,283,429,281,431,293,452,313,448,274,448,274,450,286,471,314,472,279,467,276,465,293,491,318,493,289,485,283,477,295,E
481,396,445,377,428,347,440,320,461,305,434,316,429,282,430,282,432,295,453,312,450,273,449,275,450,289,472,313,473,278,468,277,466,294,493,317,495,289,486,283,478,293,E
218,251,243,239,260,215,250,194,237,184,257,192,261,170,251,187,247,201,238,189,241,166,234,189,233,202,220,189,222,167,218,189,219,199,202,193,205,178,205,192,207,199,E
218,250,243,239,260,215,250,194,237,183,257,192,261,170,252,186,247,201,238,189,241,166,234,189,234,201,220,189,222,166,219,189,220,200,203,193,205,177,205,192,207,200,E
218,248,244,236,260,213,250,191,238,180,258,189,260,166,251,184,248,199,238,186,241,163,234,187,235,199,220,186,222,164,219,188,220,198,203,190,204,175,205,190,206,198,E
224,239,248,226,264,203,257,184,246,175,262,179,263,158,254,175,251,189,243,176,244,154,237,175,238,188,226,177,225,155,223,175,224,187,209,181,209,166,210,179,212,187,E
245,238,270,225,285,201,279,182,269,172,280,177,285,157,283,172,281,184,265,174,269,153,267,171,266,184,249,175,251,153,252,171,252,183,232,180,234,164,237,175,238,184,E
257,236,281,223,297,200,287,183,271,176,294,178,298,158,294,174,292,186,278,175,280,154,277,173,277,185,261,175,262,154,262,173,262,184,244,179,245,165,247,177,248,185,E
289,238,314,227,329,202,322,183,313,172,329,177,335,156,329,174,326,184,312,173,318,151,314,173,313,184,295,173,299,150,299,171,298,183,276,177,280,160,282,174,283,183,E
303,238,330,231,349,206,341,184,327,176,345,179,354,156,346,174,339,189,327,174,335,150,328,174,324,187,308,173,315,150,312,173,309,183,289,176,295,161,296,175,293,181,E
303,238,330,229,350,204,341,182,328,172,346,179,355,156,348,173,341,189,327,174,336,150,330,173,325,187,309,174,315,150,313,172,310,185,290,176,295,159,297,174,296,182,E
283,238,310,222,325,196,313,175,295,168,320,173,326,152,323,170,320,180,304,171,309,149,307,169,305,179,288,173,291,149,293,168,291,179,270,177,274,160,277,172,277,180,E
268,235,294,221,310,197,301,177,286,172,305,172,311,151,308,166,306,178,289,169,293,148,292,165,291,177,274,170,276,148,278,165,277,176,257,174,259,158,262,169,263,177,E
232,231,255,215,269,189,255,168,236,162,265,167,262,144,254,161,251,171,249,166,247,142,242,162,242,172,235,169,231,147,230,166,231,174,221,174,219,159,219,170,220,176,E
209,229,235,213,249,188,235,166,221,157,243,165,240,141,233,158,232,173,223,164,221,140,216,162,219,175,206,166,202,142,201,162,205,174,190,172,186,155,188,168,193,177,E
206,228,230,212,244,187,231,167,216,159,238,165,236,141,229,158,229,173,219,165,217,141,213,163,215,176,201,167,199,142,198,163,201,176,185,173,182,156,184,169,188,178,E
203,230,228,215,242,189,229,168,215,160,235,168,233,145,225,163,223,177,215,167,214,143,209,166,211,179,198,169,195,145,194,168,198,181,182,175,179,159,182,173,185,182,E
203,231,227,216,240,192,227,172,214,163,234,170,232,147,224,164,223,179,214,170,213,146,207,169,210,181,197,172,194,148,193,169,196,180,181,178,178,162,180,175,184,183,E
199,246,224,233,237,211,228,193,214,185,230,188,229,166,223,182,222,198,211,186,209,165,206,186,208,198,193,189,191,167,191,187,193,199,177,195,176,181,178,193,181,201,E
199,265,222,254,235,230,227,211,216,201,231,206,230,185,223,202,222,217,212,205,211,184,207,206,209,217,194,208,192,187,191,208,194,218,177,213,176,199,178,213,181,220,E
198,285,223,275,238,249,229,229,217,221,231,225,230,204,223,224,222,237,210,224,210,203,206,227,208,236,193,226,192,206,191,229,193,238,176,231,177,217,178,232,181,238,E
197,291,222,279,239,252,229,231,216,223,228,229,227,209,220,230,218,243,209,229,208,208,204,232,205,243,192,231,190,210,189,234,191,244,176,236,175,223,176,238,178,245,E
193,295,217,284,234,258,225,237,212,230,224,233,223,211,215,232,214,244,205,232,204,211,199,235,201,243,188,234,185,213,184,235,186,243,172,238,170,225,171,240,173,245,E
190,297,214,284,229,256,215,236,198,230,222,234,220,213,213,232,212,245,202,233,201,213,196,236,198,246,184,236,182,215,181,237,183,245,168,241,166,227,167,242,170,249,E
193,294,218,280,232,254,222,236,206,232,223,231,223,211,217,230,215,243,204,230,203,209,200,232,200,243,186,233,186,213,185,233,186,244,170,238,171,224,172,237,174,243,E
218,289,241,273,255,245,243,225,230,217,247,222,248,203,245,225,245,231,230,221,231,202,229,226,230,231,215,223,213,205,214,227,215,233,198,228,197,215,200,230,202,235,E
233,306,258,292,273,267,264,245,251,233,266,243,268,223,264,242,262,256,246,241,247,220,245,244,246,255,228,243,228,222,229,245,229,256,210,249,211,234,214,249,215,257,E
455,375,424,371,399,347,390,323,390,306,410,322,402,295,398,278,395,266,430,317,423,292,419,285,417,284,450,318,443,295,439,293,437,297,469,321,462,302,457,301,455,305,E
425,290,394,284,373,257,373,231,378,214,382,226,375,200,377,218,381,235,402,223,394,194,394,218,397,237,422,224,415,200,411,224,413,241,444,229,435,210,429,227,429,242,E
422,272,390,261,371,230,378,204,390,189,374,201,366,176,372,196,377,214,394,197,388,169,390,196,393,215,415,197,410,173,408,200,410,219,437,202,431,181,426,198,426,213,E
424,262,391,250,372,221,377,197,386,181,376,193,368,166,374,185,379,203,396,188,390,159,393,185,396,203,417,187,413,162,412,189,414,206,440,191,434,169,429,185,429,198,E
434,248,401,236,384,206,392,182,404,168,390,178,381,150,387,170,393,188,411,172,406,143,408,171,411,189,432,173,428,147,427,173,427,191,454,177,450,154,445,171,442,184,E
444,244,411,233,395,200,407,176,423,164,402,173,395,144,401,164,406,183,424,167,422,137,424,166,425,184,446,168,445,142,443,168,441,184,468,173,466,149,461,165,457,178,E
450,243,418,232,401,198,413,174,428,161,407,171,402,141,408,163,413,182,430,166,428,133,430,165,431,184,452,167,452,139,450,168,448,185,474,172,474,149,469,166,464,178,E
456,244,423,232,405,199,417,174,432,160,411,169,406,140,413,162,418,182,434,164,432,134,436,165,436,183,456,165,457,138,456,167,454,183,479,170,479,148,474,166,470,178,E
462,242,429,229,412,195,424,171,439,158,420,168,414,138,420,159,426,178,442,163,441,131,443,160,443,179,464,164,465,135,463,162,460,178,485,169,487,144,481,160,477,172,E
469,241,435,227,420,193,435,171,452,160,426,167,422,138,427,160,432,179,449,162,449,130,451,160,451,179,472,163,474,135,471,163,468,180,493,169,495,144,489,162,484,174,E
478,241,444,226,428,191,444,166,462,155,437,164,433,135,440,156,445,176,460,160,461,129,463,159,462,179,482,161,485,134,483,163,479,181,504,167,506,143,502,162,496,176,E
470,241,437,228,420,195,436,172,454,163,427,167,424,139,428,161,432,179,450,162,450,130,451,159,452,175,472,162,473,135,471,162,469,175,493,166,494,144,490,161,486,172,E
453,242,420,229,404,198,417,175,431,163,411,168,406,143,410,166,415,182,432,163,430,134,432,162,434,178,453,162,452,138,452,163,451,177,475,167,473,145,470,163,468,174,E
430,246,397,234,381,203,393,180,408,170,384,173,378,147,382,168,386,185,404,168,400,138,402,164,405,182,426,167,423,140,421,166,422,181,448,171,445,148,440,164,438,177,E
410,249,379,237,362,207,374,185,390,176,368,178,358,151,363,171,370,189,387,172,380,141,382,167,386,185,407,172,403,144,401,168,402,185,429,175,425,150,420,165,419,178,E
404,249,371,239,353,207,365,182,378,168,356,181,347,152,354,171,362,190,377,174,370,142,375,171,379,189,397,172,393,145,392,172,394,189,419,175,415,152,410,168,409,180,E
419,247,387,236,369,206,380,183,394,171,374,176,366,151,372,172,378,187,393,170,389,141,392,168,395,185,414,169,411,144,410,169,411,184,436,172,432,150,428,165,427,178,E
435,247,403,237,385,205,396,182,411,172,390,175,384,150,390,171,396,187,411,169,408,140,411,168,413,186,433,169,431,143,431,170,430,185,455,173,453,151,449,168,447,181,E
452,253,417,243,397,209,409,185,426,173,405,179,399,153,407,175,413,193,428,173,425,143,429,174,431,193,450,173,450,147,449,176,449,192,472,177,472,154,468,173,464,186,E
448,260,415,248,397,216,406,191,418,179,403,186,397,160,404,182,410,199,425,181,421,151,425,179,427,197,446,180,445,154,445,181,444,197,469,184,468,161,464,177,462,189,E
438,265,406,255,386,226,393,203,404,190,391,195,386,170,392,191,398,208,412,189,409,159,413,186,415,204,434,187,432,162,431,187,431,202,456,191,455,168,450,183,447,195,E
421,269,391,262,368,236,371,212,383,200,372,201,363,175,371,196,378,214,392,193,385,164,390,191,394,209,413,192,409,166,410,192,411,207,435,195,432,172,428,188,426,199,E
414,269,382,263,358,233,365,209,381,199,364,201,355,176,362,196,370,214,384,193,378,165,383,192,387,210,405,192,401,167,402,192,403,208,426,195,422,174,419,189,418,200,E
401,271,370,265,347,237,352,214,365,200,350,206,339,181,347,201,356,219,370,199,362,170,367,199,372,217,391,197,385,172,386,199,388,215,413,199,407,177,404,194,403,205,E
402,270,371,264,349,235,355,211,366,197,353,205,343,179,352,201,360,218,372,197,365,168,371,197,376,214,393,196,388,170,389,198,392,214,414,198,410,176,407,193,406,204,E
