173,373,165,336,175,304,188,280,195,259,208,296,241,273,261,260,277,252,225,312,261,283,282,267,298,256,237,330,269,301,288,285,303,273,244,348,268,324,282,310,294,299,Thank You
175,370,166,333,176,300,190,276,197,256,210,293,243,270,262,257,278,248,227,309,263,280,285,264,301,252,239,326,271,298,290,281,304,268,246,344,270,321,284,307,296,296,Thank You
177,369,168,331,177,298,191,273,198,252,212,290,244,266,264,254,279,245,229,306,265,277,287,260,303,248,242,324,274,294,293,277,307,265,249,342,273,318,287,304,299,293,Thank You
182,364,172,327,181,293,195,269,203,247,215,286,248,262,268,249,284,240,233,302,269,272,291,255,307,242,245,320,278,289,297,272,311,259,253,337,277,314,291,300,303,288,Thank You
185,363,174,325,183,291,198,267,205,244,218,284,252,259,273,246,289,237,236,300,273,269,296,252,312,240,249,318,282,287,301,269,316,256,257,336,281,312,295,297,307,286,Thank You
185,362,174,324,184,289,198,263,204,241,218,281,253,256,274,243,290,234,236,297,273,267,295,249,311,237,249,315,281,285,300,267,315,254,257,334,281,309,295,295,307,283,Thank You
185,358,174,319,182,283,195,258,201,237,217,277,250,252,270,238,287,228,235,293,271,262,293,243,310,229,248,311,279,280,298,262,313,248,257,328,280,304,294,289,305,277,Thank You
182,340,171,300,179,264,188,239,192,219,211,257,245,230,267,214,283,203,230,273,267,240,289,220,306,204,244,291,277,259,296,239,311,224,254,310,278,284,292,268,303,255,Thank You
178,324,167,286,175,249,185,222,187,199,207,238,241,210,261,193,277,180,227,253,263,220,285,200,302,184,242,271,274,238,293,218,307,203,253,290,275,262,288,246,300,234,Thank You
174,297,163,256,172,217,184,189,187,165,205,201,239,170,261,152,279,138,224,215,261,181,285,159,303,141,240,235,272,200,293,178,309,160,252,256,276,228,290,211,303,195,Thank You
176,283,162,242,170,204,184,175,189,150,207,189,244,158,265,139,282,125,228,205,268,167,291,144,308,127,244,225,279,187,300,165,315,148,254,245,280,214,296,198,309,183,Thank You
175,278,162,235,172,197,187,168,193,143,210,179,248,148,271,130,288,117,230,196,272,158,297,135,315,117,245,216,282,179,305,157,322,139,256,238,283,210,300,193,314,179,Thank You
172,278,161,233,172,194,189,165,194,139,209,179,248,147,271,129,289,115,229,195,272,156,297,133,316,115,245,216,283,177,306,155,323,137,255,238,284,207,301,191,315,176,Thank You
171,273,160,228,172,188,188,159,192,133,207,173,247,140,271,121,290,107,229,191,271,150,298,126,318,107,245,212,283,173,307,150,325,132,256,234,284,203,302,186,317,171,Thank You
173,266,161,219,174,177,191,148,198,122,212,163,252,130,277,111,296,97,233,181,277,141,304,116,325,97,249,204,288,165,311,141,330,121,259,228,288,197,305,179,320,162,Thank You
185,255,176,205,192,161,213,132,227,107,234,150,281,117,310,98,331,85,256,170,307,132,338,108,361,90,272,195,317,156,344,133,364,115,281,220,315,190,336,171,352,156,Thank You
194,256,185,204,204,160,228,130,241,105,247,149,297,118,326,101,348,90,270,172,323,134,354,111,378,94,285,197,332,159,360,136,380,117,293,222,328,193,349,175,366,159,Thank You
187,275,181,222,198,177,219,148,233,126,242,170,285,137,313,118,334,104,263,192,309,153,338,130,360,113,277,215,319,177,344,155,363,137,284,237,316,207,335,190,350,175,Thank You
179,311,173,264,189,224,208,196,220,174,225,215,272,184,296,172,315,162,244,234,293,200,318,184,338,171,257,257,299,223,321,205,337,192,265,280,293,255,308,240,321,228,Thank You
176,348,173,304,189,271,210,248,223,228,226,267,270,244,293,235,311,229,243,288,291,260,317,246,336,236,253,310,294,282,317,266,334,254,259,331,289,308,306,294,319,282,Thank You
170,360,168,316,185,281,207,258,218,236,219,280,258,257,282,245,300,235,236,299,279,270,304,253,323,241,246,320,285,291,307,274,324,261,252,340,281,316,298,303,312,291,Thank You
172,366,169,322,187,287,206,264,219,244,220,285,259,264,282,252,299,243,236,305,279,277,304,261,324,249,248,325,287,297,309,282,325,270,254,345,282,323,299,309,313,298,Thank You
182,372,180,331,198,298,217,276,229,257,232,293,270,274,292,264,309,257,248,311,289,288,313,275,332,265,258,331,294,306,315,292,330,281,263,350,289,329,304,317,316,307,Thank You
210,372,207,331,223,299,243,278,255,260,261,297,298,281,320,271,337,264,276,316,317,294,341,281,359,271,285,334,321,313,342,300,358,289,288,353,316,334,332,323,345,313,Thank You
217,370,212,330,227,300,248,279,262,261,265,297,303,279,324,270,341,265,280,315,322,292,345,280,363,271,290,335,326,311,348,298,363,288,294,353,322,333,338,321,350,311,Thank You
208,364,205,325,219,293,238,273,252,256,254,290,290,272,312,262,329,256,269,307,308,285,332,272,351,264,279,325,313,303,334,290,349,281,284,344,309,327,324,315,336,306,Thank You
173,358,171,320,186,289,201,266,211,249,211,282,243,260,263,249,278,241,225,296,261,271,281,257,296,246,235,313,267,288,285,274,298,262,241,332,266,312,280,300,291,291,Thank You
154,349,154,312,169,281,183,259,188,240,191,275,221,254,240,242,255,234,205,288,239,264,259,250,274,239,216,304,246,279,264,265,277,254,223,322,245,303,259,291,269,281,Thank You
141,340,137,305,148,275,162,253,169,234,169,266,198,242,216,229,230,220,182,279,216,250,236,234,250,223,193,294,223,267,241,250,254,237,201,313,223,291,235,278,246,267,Thank You
142,340,138,306,147,276,159,255,168,238,170,269,198,246,215,233,229,223,183,281,215,255,234,238,249,226,193,298,222,271,240,255,253,241,200,316,222,294,234,281,245,270,Thank You
146,363,143,327,157,297,173,276,181,259,182,292,211,273,228,262,241,255,196,306,227,283,245,269,260,259,205,323,233,299,249,285,260,274,211,342,232,321,244,309,254,299,Thank You
154,376,151,342,164,313,178,294,186,277,187,308,218,288,236,277,250,269,202,321,234,298,254,284,269,274,212,338,240,314,258,300,271,289,218,355,239,337,252,325,262,314,Thank You
173,388,168,352,183,322,201,301,211,284,208,317,240,300,259,290,275,284,224,333,258,311,280,298,297,287,235,350,265,329,283,315,298,305,242,368,264,349,276,337,286,327,Thank You
196,385,192,346,204,315,222,293,235,274,234,312,268,292,289,281,304,273,251,328,287,304,309,289,326,279,263,344,294,320,314,306,328,294,269,361,293,341,307,328,318,317,Thank You
200,344,204,299,224,265,241,241,255,220,249,262,275,244,292,233,307,223,261,273,287,256,305,244,321,233,271,287,297,268,315,255,329,243,279,302,304,283,320,273,334,264,Thank You
194,301,201,256,219,223,233,201,242,181,246,218,274,199,291,186,307,176,258,229,286,208,306,194,323,182,268,244,294,222,313,209,327,197,274,261,296,241,311,229,324,218,Thank You
422,287,431,251,419,220,398,202,384,186,372,214,337,191,318,179,304,169,357,233,321,206,300,189,284,176,349,253,315,226,297,208,283,194,346,274,319,254,307,241,299,230,Thank You
405,291,412,267,414,247,404,234,387,226,383,242,361,229,352,226,343,220,372,253,345,237,334,231,321,223,366,268,346,257,335,249,325,240,366,283,353,279,348,275,343,269,Thank You
214,341,204,304,215,272,231,250,241,230,251,265,283,243,304,229,320,219,269,281,304,255,326,238,345,225,280,300,312,273,331,256,346,244,285,318,309,297,323,284,335,272,Thank You
204,303,202,260,218,226,233,203,241,182,245,214,278,193,298,180,314,170,261,226,293,203,315,187,331,175,274,243,302,218,322,202,337,189,283,263,306,241,320,228,332,217,Thank You
183,265,178,222,193,188,209,165,217,145,222,177,258,151,278,136,294,124,239,192,278,162,300,143,316,129,252,211,287,180,306,163,320,148,261,230,287,202,301,188,311,175,Thank You
176,266,171,223,185,189,202,166,209,145,215,180,253,153,276,139,293,127,232,197,273,166,297,147,316,132,245,216,281,185,302,166,318,151,254,236,280,210,296,195,309,183,Thank You
179,263,172,223,186,187,203,161,212,139,218,177,257,150,280,135,297,123,236,194,279,161,304,141,323,126,249,214,286,181,309,162,325,146,258,234,285,207,301,192,314,179,Thank You
181,261,173,219,187,183,204,157,215,134,221,172,262,144,285,129,303,118,240,190,284,156,310,137,329,122,254,211,292,177,315,157,332,142,262,231,291,203,308,187,322,174,Thank You
183,257,174,213,188,176,207,149,218,127,224,166,266,137,290,121,309,110,243,184,289,149,316,129,336,113,257,205,298,170,322,150,340,134,266,227,297,199,316,183,332,170,Thank You
185,254,176,209,190,170,209,143,220,120,228,161,271,131,297,116,317,105,247,180,295,144,324,124,345,109,261,202,304,166,330,145,349,130,269,225,301,197,321,181,336,169,Thank You
184,252,176,206,191,166,211,139,220,115,229,157,272,127,298,111,319,100,249,176,299,139,330,118,353,101,263,199,306,163,333,141,353,125,271,223,304,195,323,179,338,165,Thank You
189,254,179,206,195,164,215,136,225,113,234,153,278,124,305,108,326,97,255,172,306,135,338,112,362,95,271,195,314,160,341,138,360,121,281,219,313,193,332,177,346,164,Thank You
193,259,184,210,200,166,219,137,231,113,241,156,288,125,317,108,338,97,262,177,315,139,346,116,369,98,277,200,323,163,350,141,370,124,285,224,320,197,340,181,356,168,Thank You
198,260,188,210,205,166,225,135,237,111,247,154,294,124,322,106,344,95,269,175,322,136,354,111,377,92,285,198,330,161,358,139,377,122,293,223,328,196,348,180,364,168,Thank You
