222,416,248,389,253,359,244,339,233,324,243,328,244,298,244,281,244,271,223,334,227,312,231,339,234,354,204,342,208,327,215,353,216,358,186,351,190,338,198,355,198,361,X
223,415,247,392,254,361,246,341,234,328,243,328,244,297,244,279,244,271,223,334,227,313,231,341,233,355,205,341,207,327,214,353,215,359,187,352,190,338,198,355,198,361,X
222,417,247,392,252,362,246,343,235,327,243,329,244,300,244,281,244,269,223,334,226,313,231,341,233,355,204,342,207,327,214,352,215,359,186,352,188,338,197,354,198,361,X
222,417,247,392,253,361,245,342,234,328,242,329,242,300,242,281,243,271,222,335,226,313,230,341,232,355,203,342,206,328,214,353,215,360,185,353,188,339,197,354,197,361,X
222,418,246,393,252,361,243,342,232,328,241,330,242,299,242,281,243,271,221,335,225,314,230,342,232,356,203,343,206,329,213,354,214,361,185,354,188,340,196,355,197,362,X
221,418,247,392,253,362,244,343,232,330,241,330,242,299,242,281,242,271,221,336,225,314,229,342,231,356,202,344,206,329,213,354,214,360,185,354,187,340,196,356,196,362,X
221,418,247,392,253,362,244,343,231,329,242,329,243,299,242,281,243,272,222,336,225,315,230,343,232,356,203,344,206,330,213,356,214,360,185,354,188,341,196,358,196,363,X
218,418,247,388,250,359,241,339,231,323,241,330,243,300,243,281,244,271,220,337,225,316,230,343,231,358,201,345,205,330,213,356,213,362,183,353,188,341,196,358,196,364,X
220,418,247,392,252,360,242,340,230,325,241,329,242,299,242,281,243,273,220,337,225,317,229,345,230,358,201,345,205,331,213,358,213,363,183,354,187,341,196,359,196,365,X
220,420,247,394,253,363,243,343,230,329,241,331,242,301,242,283,243,273,221,338,225,317,230,345,231,359,202,346,205,331,213,358,213,364,184,355,187,341,196,359,196,365,X
222,420,246,396,254,365,245,345,232,332,243,331,243,300,243,282,243,272,222,337,225,317,229,346,231,359,203,345,205,331,213,357,214,364,185,355,187,342,196,359,197,366,X
221,419,248,395,253,364,244,345,231,331,243,330,243,298,243,280,244,273,222,337,226,316,231,345,233,359,203,345,207,331,214,358,215,363,185,355,189,342,197,360,197,365,X
220,420,248,394,252,365,244,346,232,330,242,331,244,299,244,281,244,274,222,338,226,317,231,345,232,359,203,346,206,331,213,358,214,364,184,355,188,342,197,360,197,366,X
218,419,247,390,251,362,242,343,230,329,241,331,243,299,243,282,244,274,220,338,225,318,230,346,231,360,201,346,205,332,213,359,213,364,183,354,188,343,196,361,196,365,X
220,421,247,394,253,363,242,343,228,328,241,331,243,301,243,283,243,274,220,338,225,318,230,347,231,360,201,346,205,333,213,359,213,365,183,356,187,343,196,360,196,366,X
219,421,247,395,253,364,244,345,232,330,241,332,242,300,242,282,243,273,221,338,225,317,230,346,231,360,202,346,205,332,213,359,214,365,183,356,188,344,196,361,196,367,X
220,422,247,395,252,364,242,344,230,329,241,332,243,302,243,283,243,275,221,339,225,318,230,346,231,361,201,347,205,333,213,360,213,366,183,357,187,344,196,361,196,367,X
219,420,247,394,252,364,243,345,229,332,242,331,242,299,242,281,243,275,221,339,225,318,229,347,230,361,201,347,205,334,213,360,213,365,183,356,187,345,196,362,196,367,X
220,421,248,395,253,364,243,344,230,329,242,331,243,300,243,283,243,275,221,338,225,318,230,347,231,361,202,347,205,333,213,360,214,365,184,356,187,344,196,362,197,367,X
219,421,248,393,252,362,242,342,230,326,242,332,244,301,243,283,244,274,222,339,225,318,230,347,232,361,202,347,205,333,213,360,214,365,184,356,187,344,196,362,197,367,X
223,419,247,396,253,363,240,342,225,329,243,330,244,297,244,280,243,276,222,335,223,318,227,345,230,360,203,343,204,332,212,357,214,367,185,354,187,343,196,360,198,367,X
222,411,225,381,218,352,199,334,178,321,231,312,233,275,214,262,195,264,216,326,188,308,182,330,191,340,202,338,178,328,178,345,189,352,192,349,173,344,173,355,182,361,X
229,406,227,379,216,351,196,338,175,328,222,303,211,268,192,259,176,263,211,322,176,308,176,327,185,340,198,336,170,325,174,341,186,350,191,344,168,338,171,350,181,358,X
240,406,234,373,220,345,200,332,179,324,230,305,223,268,201,259,184,267,221,322,190,308,186,326,194,333,210,336,180,328,183,344,193,349,202,345,179,340,181,351,190,357,X
242,406,234,371,219,341,200,328,184,319,233,306,223,270,203,261,188,264,224,324,199,306,189,314,189,322,213,337,187,323,185,340,192,348,207,345,184,338,184,348,191,356,X
242,406,236,372,220,340,198,326,180,316,233,304,223,267,203,259,186,264,223,323,191,309,188,324,194,335,212,337,183,326,185,342,195,348,207,346,183,339,184,350,195,355,X
241,407,236,372,220,339,198,325,180,315,233,305,222,268,202,261,186,266,222,323,194,305,192,317,198,327,211,337,184,325,187,341,196,348,204,345,182,339,184,350,194,357,X
241,406,235,371,218,339,196,325,180,317,232,305,221,267,201,261,185,266,222,323,195,306,192,316,198,324,211,337,184,326,187,342,196,348,204,346,182,339,184,350,194,357,X
241,409,238,375,223,344,201,329,182,317,233,308,225,269,205,262,187,267,223,325,193,310,191,324,198,333,211,339,183,328,186,344,196,351,204,348,181,342,184,353,194,360,X
241,416,242,386,231,354,212,336,189,324,239,313,234,272,211,264,194,271,227,328,201,312,196,331,202,339,213,342,189,330,188,345,197,353,204,353,182,346,182,355,191,361,X
521,479,496,472,480,455,481,437,488,424,482,426,473,397,470,376,467,360,503,420,504,398,508,412,507,427,524,422,526,409,528,420,527,433,543,429,545,421,543,431,541,442,X
503,413,476,408,457,382,459,357,468,342,461,350,456,324,454,305,452,290,482,347,481,325,483,349,483,366,503,351,502,335,501,360,500,373,523,358,522,345,518,364,516,374,X
488,388,458,378,441,348,450,321,466,309,448,317,445,287,446,268,447,253,469,318,472,293,472,320,471,336,489,323,492,303,488,330,485,343,508,330,512,316,506,335,501,345,X
481,390,453,378,435,347,444,319,461,305,443,313,440,283,441,264,443,249,465,316,468,290,465,318,463,334,485,320,488,301,483,330,480,342,504,328,506,312,501,333,498,343,X
479,389,452,375,436,344,445,315,462,299,442,310,440,280,440,260,442,245,465,313,467,286,463,317,461,333,485,317,487,297,481,328,478,341,505,326,506,309,498,331,494,342,X
479,390,452,375,435,343,445,314,461,299,442,308,439,278,439,257,442,244,464,311,468,285,464,315,461,331,484,316,488,296,481,326,477,339,504,324,506,308,499,329,494,340,X
478,389,451,374,434,343,446,314,462,299,441,307,438,277,439,257,442,243,464,310,467,284,464,315,460,332,484,315,488,296,481,326,477,339,504,324,506,308,499,329,494,340,X
478,391,450,376,433,345,443,315,459,300,440,310,436,278,437,259,440,244,462,312,466,286,463,316,460,332,482,317,486,298,481,327,476,339,501,325,505,308,498,329,493,339,X
472,392,444,378,426,348,437,320,453,305,434,311,430,280,431,262,435,248,456,315,460,289,456,319,453,332,477,319,480,301,474,331,471,340,496,327,499,311,493,332,489,341,X
469,394,440,378,424,348,435,320,451,304,430,313,426,282,427,263,431,249,452,315,456,290,454,318,451,334,472,319,477,302,471,330,467,342,492,327,495,312,489,332,485,342,X
470,388,446,365,441,330,463,307,483,295,435,299,437,265,448,248,461,235,459,306,477,281,470,307,461,322,480,313,494,298,485,325,475,332,496,323,507,313,499,330,490,336,X
470,382,465,350,471,317,489,295,504,281,449,284,460,245,480,231,501,224,466,295,499,279,498,298,489,308,482,307,511,295,505,314,493,320,493,318,515,311,511,323,500,328,X
484,373,494,354,507,325,518,305,533,285,494,266,521,228,548,222,570,220,503,276,547,272,546,300,535,314,513,286,551,288,545,316,531,324,520,292,544,296,544,315,535,322,X
466,372,486,342,500,312,512,291,524,275,483,263,508,229,534,222,557,222,486,278,525,262,538,276,541,288,491,289,527,287,527,313,519,324,495,295,516,300,518,317,512,327,X
461,370,480,343,494,315,505,294,517,278,478,266,505,228,531,221,553,221,483,275,519,245,542,238,560,237,488,283,526,284,525,307,519,320,494,290,515,297,517,313,512,325,X
462,371,480,344,496,316,506,296,517,279,479,265,507,230,532,223,554,224,484,277,520,250,543,245,560,247,489,287,525,284,525,307,518,321,494,293,514,298,516,315,510,327,X
459,371,478,343,494,313,506,292,519,276,476,265,504,229,530,223,552,223,482,276,518,249,541,243,558,243,488,285,524,284,524,306,517,318,493,292,513,296,516,312,510,323,X
456,369,473,342,487,313,498,293,512,277,473,265,501,228,526,221,548,222,480,275,514,244,537,238,553,239,486,283,521,282,519,305,512,318,491,290,510,294,512,311,506,322,X
456,370,471,344,486,315,497,293,511,276,471,265,497,229,522,222,544,224,478,275,512,243,536,237,554,238,484,284,520,282,518,306,510,320,489,290,509,295,510,312,503,324,X
457,370,472,342,487,313,499,292,511,275,470,265,497,230,522,223,544,225,477,276,512,246,536,240,553,241,483,285,519,282,517,306,509,319,489,290,509,294,511,312,504,324,X
159,311,199,300,221,282,236,270,248,264,203,230,216,198,235,195,246,204,195,233,238,248,233,267,223,268,192,245,233,270,223,285,211,283,193,259,222,281,213,292,202,291,X
160,310,201,298,223,279,238,267,247,260,203,229,216,198,235,195,246,203,195,232,238,248,233,266,222,268,192,244,233,270,223,284,211,282,193,260,222,281,214,291,203,289,X
160,310,201,298,223,278,238,266,247,257,203,228,217,198,236,195,248,204,195,232,238,250,233,269,222,270,193,244,234,271,223,285,211,282,194,259,223,281,214,291,203,289,X
160,309,201,298,222,279,238,268,248,261,204,228,218,197,236,194,248,204,196,231,239,247,234,266,223,267,193,243,235,268,224,283,213,281,193,258,224,279,215,290,204,288,X
157,308,201,296,222,275,236,260,239,251,200,228,214,197,234,194,245,203,192,232,236,247,231,267,219,269,188,243,230,268,220,283,208,281,189,258,220,279,212,289,201,287,X
150,309,193,298,215,279,227,268,230,259,192,228,199,197,218,193,229,203,179,231,225,236,221,257,209,260,173,241,216,262,208,278,195,277,172,256,205,278,199,288,188,285,X
143,307,184,296,204,280,217,268,219,259,182,227,190,197,207,192,219,201,169,231,209,243,205,261,194,262,162,242,202,262,195,277,184,276,159,258,192,276,188,286,178,284,X
131,309,168,296,190,279,203,267,200,260,167,226,172,197,190,193,203,203,153,229,192,236,190,257,179,259,145,240,184,258,179,275,167,274,141,255,173,272,170,285,159,284,X
122,310,158,297,178,280,191,268,187,259,155,227,157,196,176,193,190,203,141,230,178,238,177,259,166,261,134,240,170,258,166,275,154,273,130,255,160,273,157,285,146,284,X
120,309,155,297,174,281,186,268,183,258,151,228,155,195,173,192,186,202,137,231,173,237,172,258,162,259,128,241,166,257,162,274,151,273,125,255,155,272,152,285,141,283,X
121,310,156,297,175,282,188,270,185,261,152,228,155,196,173,193,186,202,137,231,175,238,174,258,164,259,129,242,167,259,164,276,152,273,125,257,156,274,154,286,144,285,X
131,311,169,297,190,281,202,268,200,260,166,231,171,200,190,197,203,206,153,235,192,243,190,263,179,264,146,245,185,264,180,280,169,278,143,260,174,276,172,287,162,285,X
145,308,181,298,203,282,216,271,218,261,182,231,187,199,206,194,218,203,170,234,208,242,207,261,196,264,163,243,201,263,196,278,185,278,160,257,191,274,188,285,178,284,X
169,305,205,297,226,280,241,267,240,258,209,228,215,197,232,193,241,203,196,229,231,236,229,256,218,257,188,237,221,255,216,271,205,268,183,250,210,269,206,280,195,279,X
189,307,221,300,245,280,260,264,249,257,228,230,229,197,244,191,252,198,211,228,238,233,238,255,229,258,198,234,226,252,224,270,215,268,190,245,213,265,211,278,202,276,X
207,308,234,300,258,279,259,259,240,250,240,232,241,200,248,189,255,191,221,233,229,222,235,238,237,253,203,240,208,233,217,248,221,259,185,251,191,242,200,253,206,262,X
208,311,232,295,249,270,236,250,215,245,235,232,240,208,241,195,241,188,215,236,210,222,216,241,220,253,197,246,193,238,202,257,206,266,180,258,181,251,189,264,193,270,X
207,310,224,294,232,268,214,252,194,246,220,230,221,204,218,192,212,190,200,237,189,228,196,246,202,255,185,248,176,248,187,264,195,268,172,262,168,262,176,273,183,276,X
205,316,218,298,218,274,198,259,178,253,205,236,202,207,194,196,185,198,187,245,169,239,177,258,187,264,173,258,159,259,172,274,182,274,163,274,154,274,165,285,173,285,X
198,320,211,303,210,276,189,259,166,253,199,237,196,207,187,198,176,199,181,245,161,242,172,261,182,266,167,259,153,262,168,278,178,277,157,274,148,276,160,288,168,288,X
195,322,207,305,204,277,182,260,159,253,191,236,185,206,175,197,165,199,174,247,153,242,165,262,177,267,162,261,144,262,162,278,174,278,153,276,140,274,154,286,166,288,X
194,323,205,306,202,278,179,260,155,253,190,235,183,204,173,196,163,199,171,245,153,242,166,262,176,266,158,260,144,261,161,277,171,277,150,276,140,276,154,288,164,289,X
195,324,205,306,201,278,179,260,155,254,189,235,181,204,170,197,160,199,171,245,149,241,161,260,173,265,158,260,141,260,157,277,169,277,150,277,137,276,151,287,162,289,X
194,324,205,306,200,279,178,260,155,253,188,235,181,205,170,196,160,198,170,246,147,241,160,260,172,266,157,261,140,261,156,277,168,278,149,278,137,277,151,288,162,290,X
199,329,213,309,210,279,188,260,165,252,197,237,192,207,180,196,171,200,178,248,159,244,171,263,181,267,165,262,150,263,166,278,177,278,156,278,146,277,159,288,169,290,X
207,334,223,310,220,280,201,262,181,254,208,244,207,213,198,200,188,196,191,253,170,245,181,263,193,271,177,267,161,262,175,278,186,282,167,282,157,279,169,290,179,293,X
496,344,471,319,441,298,416,289,395,281,449,275,441,236,420,231,405,238,448,283,421,265,403,272,398,280,448,299,411,300,401,319,405,332,450,319,420,321,415,333,420,340,X
497,317,472,289,441,267,412,261,394,257,441,244,429,205,405,199,389,205,436,251,389,252,387,272,398,281,434,265,390,279,395,295,407,297,435,282,400,295,404,308,416,311,X
494,309,472,280,445,256,419,249,400,246,440,232,428,191,406,188,393,197,435,237,385,240,388,260,402,267,431,252,385,266,393,284,405,284,428,269,395,284,401,298,411,298,X
500,299,481,267,458,244,436,238,419,240,446,219,434,179,414,176,403,185,437,226,389,225,395,244,410,248,431,241,385,252,397,267,411,265,428,258,394,272,405,284,418,283,X
499,292,481,258,458,236,435,228,416,230,450,211,438,172,416,170,404,179,443,216,395,220,399,240,412,245,437,230,391,246,401,263,414,263,433,247,399,264,408,278,420,278,X
499,285,453,276,427,253,408,237,393,225,445,200,436,167,413,164,398,171,450,204,398,214,399,238,412,244,452,218,402,238,408,258,421,260,453,236,415,255,418,270,430,271,X
480,297,446,288,420,263,405,244,391,228,434,209,431,169,412,162,398,166,454,205,415,204,408,231,415,243,471,212,432,227,431,251,439,256,486,225,454,240,451,257,459,260,X
464,305,435,292,413,262,413,234,430,217,436,212,437,174,427,163,418,164,459,215,447,200,437,219,435,229,482,225,470,218,458,239,454,245,504,238,491,231,478,245,474,252,X
463,309,436,289,429,256,445,229,461,211,450,217,450,185,452,168,456,157,474,224,491,199,479,225,468,244,493,237,504,226,488,251,476,262,507,253,516,244,503,259,492,266,X
463,308,439,290,433,258,451,233,468,217,453,218,454,186,457,170,461,158,476,226,496,204,485,230,474,249,494,238,509,230,491,255,479,265,509,254,520,247,506,262,494,269,X
467,306,444,289,438,257,458,232,477,218,461,214,465,181,470,164,475,155,484,223,508,205,494,234,479,252,502,237,520,232,500,256,485,265,515,253,528,249,513,264,500,269,X
470,307,449,288,447,256,468,232,486,218,466,212,469,179,474,163,481,155,488,222,513,206,499,233,485,251,505,235,524,227,504,252,489,262,519,252,532,246,515,261,500,267,X
472,311,452,290,453,259,477,238,497,224,473,215,478,181,486,164,496,156,495,225,522,213,507,240,492,257,511,239,532,234,511,256,495,265,523,255,537,254,519,268,503,271,X
472,313,453,291,454,260,479,240,498,227,473,216,481,181,491,165,501,158,495,226,519,214,505,242,490,260,512,239,534,230,513,253,494,264,524,257,538,255,520,268,503,271,X
467,313,452,292,457,264,483,245,505,233,475,216,491,185,506,172,521,164,495,226,526,221,511,246,493,259,511,239,536,237,515,259,496,266,521,256,540,256,524,269,506,272,X
467,306,455,288,463,262,490,245,513,233,478,212,497,182,514,170,531,164,498,221,528,225,513,249,497,260,513,233,537,239,517,260,498,265,523,248,540,251,524,264,507,267,X
466,304,455,285,463,260,490,243,513,232,478,210,498,181,516,169,532,163,498,219,528,222,513,247,496,258,513,232,538,236,517,258,498,264,522,247,540,250,525,263,508,266,X
467,304,456,285,463,259,490,243,514,232,478,210,498,181,516,169,532,163,498,219,529,223,514,247,497,258,513,232,538,238,518,259,498,266,522,247,541,251,526,264,510,268,X
469,302,446,286,441,254,460,233,480,226,459,211,474,177,486,164,498,157,481,218,503,214,488,240,474,250,499,229,515,229,497,252,484,257,513,243,526,244,512,260,500,262,X
469,299,440,286,421,254,438,231,462,227,443,209,453,180,460,166,468,153,468,209,476,210,466,237,459,247,488,217,495,225,483,247,476,250,506,230,510,239,498,255,490,256,X
489,294,447,280,420,263,401,246,396,232,430,211,416,178,396,177,382,186,443,213,400,232,404,253,418,256,453,226,409,254,418,267,430,263,458,242,423,265,429,275,441,272,X
500,286,454,274,422,254,401,241,394,232,431,210,420,179,398,177,382,188,441,216,394,239,402,257,416,258,448,232,406,258,418,270,431,266,453,250,420,268,429,277,440,273,X
509,294,477,275,446,255,421,246,404,240,444,219,426,185,405,184,392,195,444,225,396,245,405,261,421,262,445,239,405,265,418,276,430,271,447,255,418,277,429,286,440,282,X
507,296,481,271,449,251,420,246,400,245,443,222,425,185,402,186,390,200,441,229,394,246,403,263,417,264,441,244,403,270,416,281,427,276,442,262,414,282,425,292,435,288,X
191,305,224,289,244,273,256,260,250,250,218,214,220,181,236,167,250,163,199,217,239,226,239,247,229,250,187,230,229,250,227,266,215,264,182,249,217,270,217,280,207,276,X
187,313,223,295,244,277,257,263,253,254,215,220,219,184,238,173,254,174,198,224,243,233,242,254,230,255,189,239,236,259,232,274,218,271,186,259,225,279,225,289,215,286,X
180,323,215,304,236,285,250,270,248,261,204,222,211,185,233,175,251,179,187,229,237,238,237,260,225,260,179,248,232,268,227,283,212,280,177,270,221,289,220,299,209,296,X
176,330,213,307,235,286,250,271,251,263,204,223,212,185,234,178,253,186,187,231,240,242,239,263,225,264,178,250,234,273,227,287,212,283,176,275,222,294,221,303,211,298,X
174,337,211,312,235,293,251,279,253,267,204,225,213,184,237,178,256,189,185,234,241,246,238,268,223,267,175,255,234,280,227,294,209,288,173,281,222,303,223,309,212,303,X
177,342,215,316,240,295,257,282,256,279,208,226,217,184,241,177,261,186,187,235,242,249,242,273,228,272,175,257,234,283,229,298,213,293,172,283,221,308,220,318,208,312,X
201,342,244,317,274,297,295,284,286,283,239,219,251,173,280,171,301,187,214,231,274,251,275,276,261,274,200,257,265,291,260,303,242,295,196,288,252,316,256,322,246,314,X
204,345,248,317,281,295,302,285,293,287,244,218,258,169,287,170,308,188,217,231,280,250,280,278,264,275,203,258,271,291,267,307,250,299,198,289,256,319,260,327,250,319,X
215,351,264,323,298,299,321,291,318,293,264,215,278,167,309,167,332,186,237,228,307,255,304,284,287,279,222,257,296,299,289,314,271,301,216,291,276,328,275,336,261,325,X
225,352,275,326,312,307,336,299,322,302,279,213,294,163,324,163,345,184,246,223,309,261,307,293,290,286,223,252,292,302,287,319,269,305,212,288,267,334,268,344,254,332,X
227,352,271,328,304,310,325,302,309,300,268,207,281,150,312,149,331,169,228,212,288,252,291,289,275,284,201,242,265,302,269,321,251,303,184,281,236,337,244,349,229,335,X
222,358,264,332,300,308,318,298,297,300,256,204,269,149,299,147,323,167,212,210,269,251,277,288,263,281,184,242,248,302,252,318,233,297,167,281,219,337,227,349,211,333,X
210,354,247,330,284,303,298,285,271,285,240,200,239,140,264,135,286,153,192,208,239,240,251,277,240,272,161,237,218,293,227,309,211,292,140,273,189,324,204,337,194,324,X
184,340,220,321,254,292,255,271,222,264,205,187,199,125,216,117,232,135,154,194,189,226,207,263,202,258,121,222,169,276,190,294,185,276,100,257,145,306,169,320,170,307,X
149,321,184,296,214,260,191,247,155,247,161,172,148,115,157,104,172,120,110,181,137,215,154,244,157,249,77,208,114,259,135,275,139,265,54,240,91,285,112,298,116,286,X
148,315,182,296,209,263,184,249,146,246,162,174,151,114,160,105,175,129,115,179,133,206,150,239,156,245,83,200,108,249,129,268,137,259,58,227,85,273,104,289,108,277,X
164,313,203,292,233,259,204,243,165,238,191,179,185,117,191,108,200,128,145,180,150,202,163,233,168,241,113,198,132,242,153,260,160,251,89,221,116,262,135,279,139,271,X
210,307,245,283,274,254,259,232,231,220,249,177,246,120,253,108,260,120,212,178,224,181,235,211,239,227,184,192,199,213,212,234,215,238,159,212,178,236,190,251,193,249,X
247,302,281,284,313,255,311,230,286,216,296,184,298,130,307,119,314,135,264,182,276,176,281,208,280,223,238,191,251,200,261,225,261,231,216,204,233,220,242,238,242,240,X
266,293,299,280,331,256,331,232,310,218,321,190,325,139,335,130,341,146,292,191,301,177,306,209,308,223,269,198,276,191,285,219,287,230,245,209,257,206,267,227,269,235,X
279,287,310,280,342,255,341,231,319,217,334,191,340,146,350,139,356,151,308,189,316,186,319,215,320,221,286,194,292,200,298,226,300,228,265,204,273,216,279,235,277,235,X
307,287,339,278,372,256,378,232,359,222,363,195,370,158,381,151,386,160,338,191,354,193,356,221,352,227,318,196,334,208,338,232,334,235,300,207,317,223,321,240,315,240,X
311,279,350,272,378,253,396,238,389,225,364,190,374,155,394,151,407,161,345,187,381,201,377,226,364,223,332,195,366,221,361,241,349,235,322,210,351,239,347,253,334,247,X
302,274,348,265,374,249,391,237,398,225,354,182,373,148,395,145,410,155,341,183,391,202,382,224,368,225,334,196,382,230,369,248,355,245,332,216,369,247,361,261,350,257,X
295,263,335,249,364,230,388,223,405,219,344,169,368,135,393,132,410,143,338,175,394,200,383,221,367,220,336,193,387,227,369,242,352,236,337,215,371,245,358,255,344,250,X
286,262,314,238,347,218,381,216,402,216,335,163,360,129,385,125,403,133,334,174,393,195,383,214,366,212,335,196,387,226,369,238,350,232,336,219,373,245,358,255,341,249,X
265,276,289,244,320,220,354,217,381,221,309,179,331,130,362,126,381,137,307,193,374,188,370,212,351,217,309,216,371,224,360,241,341,241,311,242,355,251,344,262,327,260,X
468,351,454,327,436,304,428,285,432,270,422,295,402,275,391,255,386,239,427,310,378,319,370,325,370,325,434,334,385,348,381,354,384,352,441,361,406,377,405,381,410,379,X
467,333,438,321,395,313,361,319,337,321,402,272,370,276,352,272,344,268,412,284,363,290,345,290,339,288,421,304,367,313,358,317,359,315,428,330,385,348,384,350,394,345,X
464,322,438,301,398,284,358,287,333,291,397,247,344,259,340,263,348,262,403,259,340,271,340,278,351,278,408,280,347,291,350,301,362,301,412,308,365,322,369,327,382,325,X
454,309,419,284,379,265,343,268,318,270,384,216,365,198,360,174,356,150,390,225,322,240,332,255,350,256,394,247,327,270,343,282,361,276,398,275,348,298,361,305,378,298,X
446,292,396,279,356,257,324,250,297,249,371,187,304,206,315,227,335,230,378,199,302,221,320,239,341,239,382,220,315,244,333,260,351,257,386,249,339,269,354,279,371,275,X
436,289,399,271,360,249,322,252,293,255,364,186,342,138,311,137,291,148,373,198,294,209,300,236,322,244,380,224,308,249,324,265,345,259,384,254,333,275,347,287,365,281,X
445,303,402,283,360,259,321,258,292,260,368,192,344,141,309,138,285,151,378,203,298,217,305,244,328,249,384,229,309,255,323,274,343,269,386,259,336,283,348,297,366,293,X
452,319,398,305,356,282,322,273,296,266,372,198,350,141,313,140,291,158,387,209,300,221,305,253,329,259,396,237,315,261,328,282,351,277,400,268,347,293,359,307,378,302,X
460,334,401,320,357,296,324,287,298,276,375,209,352,152,317,150,295,166,391,221,305,232,312,262,336,267,402,248,320,271,335,291,358,287,406,280,351,303,363,316,382,311,X
459,342,400,326,357,303,325,293,300,284,376,213,353,154,313,155,292,175,399,227,313,240,320,273,345,276,413,255,327,277,340,301,366,295,418,286,356,313,366,329,387,323,X
445,356,381,339,341,313,316,297,321,289,377,220,358,156,321,150,299,167,414,224,346,247,352,287,376,288,446,245,377,286,385,311,407,303,468,275,419,310,423,325,445,318,X
426,353,377,340,335,315,311,298,330,283,366,218,360,151,329,142,306,160,413,218,373,232,370,279,385,277,454,236,408,274,401,307,412,295,485,262,444,300,435,322,445,313,X
417,359,375,349,329,315,314,291,348,287,372,218,373,149,347,136,325,151,422,218,397,233,386,279,393,278,463,239,432,276,415,308,417,297,497,266,469,306,448,329,447,324,X
418,366,376,361,326,325,322,298,363,289,372,223,377,160,363,143,347,150,422,219,420,243,402,287,396,285,463,237,456,281,431,313,423,300,499,262,489,308,465,331,454,322,X
415,362,370,357,323,322,332,296,375,290,374,218,380,155,371,134,361,141,418,217,432,232,408,280,398,282,456,235,464,270,431,306,418,296,490,261,489,299,460,323,443,314,X
409,362,365,355,320,319,326,289,367,284,371,213,377,152,368,130,358,140,418,214,431,230,406,276,397,278,455,234,460,271,427,304,415,293,489,260,484,300,455,322,439,312,X
395,355,356,345,316,309,304,284,342,276,365,211,376,144,356,136,335,152,417,213,400,232,379,273,376,273,457,237,433,277,410,306,406,295,489,268,466,308,442,330,435,324,X
416,349,361,323,323,291,306,269,325,261,378,210,381,139,347,131,319,149,424,221,364,239,352,271,369,276,452,253,376,289,369,304,386,294,465,287,396,320,390,326,406,315,X
441,351,383,314,343,282,311,265,308,268,386,207,366,145,331,142,306,160,414,228,330,244,332,273,355,278,429,264,343,294,353,307,376,301,432,301,365,321,368,325,386,316,X
453,355,387,330,348,303,315,287,294,276,373,225,352,165,314,162,288,181,397,241,313,259,320,289,346,294,411,271,326,303,340,323,364,316,413,304,345,332,356,345,378,339,X
450,335,411,307,366,286,325,287,299,282,385,234,362,187,332,175,310,174,397,254,318,264,326,288,350,292,405,287,325,303,341,317,367,312,409,322,344,333,356,340,380,336,X
469,352,428,312,386,283,342,276,314,276,402,227,372,175,335,177,315,194,411,248,330,256,333,282,354,288,414,278,337,294,348,312,370,310,412,309,354,322,363,335,382,334,X
454,319,429,290,396,266,363,260,338,257,401,231,382,207,378,184,377,162,407,241,338,249,349,266,368,270,410,265,344,278,359,291,379,287,412,293,359,304,372,311,390,308,X
284,375,310,368,337,343,345,319,344,298,330,297,338,260,352,251,361,258,312,292,336,294,335,322,327,341,293,295,318,305,315,332,307,346,274,304,297,312,298,332,292,342,X
289,358,321,346,346,319,349,295,346,277,334,270,340,234,355,224,369,226,316,266,346,271,345,303,337,315,298,270,327,280,325,308,318,318,279,279,303,287,306,308,301,315,X
296,351,326,341,351,320,358,305,352,294,338,262,346,227,364,218,379,223,319,258,354,266,353,298,345,310,302,263,336,275,334,304,325,313,285,274,312,283,314,304,307,311,X
298,356,329,345,353,321,360,303,360,287,343,267,351,230,368,222,383,226,324,263,359,273,359,305,351,319,306,269,340,281,339,309,331,318,288,280,316,290,319,309,313,316,X
298,358,331,346,356,322,363,303,361,288,344,266,353,231,368,222,383,225,324,263,358,275,359,306,353,321,306,269,339,282,338,309,332,319,288,281,315,291,318,310,313,317,X
297,358,330,345,356,323,367,306,371,295,345,264,353,231,369,222,385,225,327,262,362,280,363,305,356,318,310,271,343,290,345,311,340,320,295,286,321,300,328,317,330,326,X
301,346,342,332,371,306,391,290,406,280,358,251,379,222,401,221,418,232,346,255,402,279,405,307,395,321,337,271,389,295,384,316,370,323,330,291,372,306,368,322,356,326,X
306,343,350,329,377,303,394,285,406,277,366,247,386,220,410,222,424,238,354,250,408,278,404,305,390,314,345,264,395,294,388,316,375,320,338,283,380,304,376,320,366,323,X
308,344,352,334,380,309,400,295,415,288,365,250,388,218,411,220,425,236,355,252,409,280,405,309,392,321,348,266,399,297,389,320,374,326,344,284,383,306,376,323,363,327,X
307,344,350,332,377,306,395,290,408,283,364,249,387,219,410,221,425,236,354,252,407,281,403,308,390,319,347,266,397,298,387,319,373,324,344,284,383,307,375,323,362,327,X
299,346,335,327,367,299,388,281,406,272,359,249,375,217,400,216,420,228,345,251,399,271,419,295,426,313,331,265,381,292,383,313,375,323,318,284,357,304,360,319,354,326,X
296,357,328,350,359,319,358,295,337,283,343,263,342,213,354,202,364,204,318,262,336,255,335,291,328,304,296,268,314,264,315,296,309,304,274,277,294,276,297,299,293,304,X
293,359,326,347,354,318,346,295,327,283,341,263,341,221,349,203,356,198,312,262,324,252,323,290,321,307,288,267,295,264,299,298,299,309,263,276,271,276,279,299,280,306,X
295,362,327,347,349,314,332,288,306,277,334,269,335,226,338,209,343,200,309,269,313,256,312,284,311,306,286,275,291,265,294,291,293,308,264,286,271,279,277,296,278,307,X
298,361,326,345,338,312,323,287,301,272,325,258,316,222,304,203,290,190,299,261,281,253,286,287,297,301,276,270,258,265,267,296,281,304,255,283,241,279,252,302,264,309,X
296,345,323,321,330,281,310,251,285,240,318,245,313,208,301,190,288,174,292,246,267,238,273,270,286,284,268,253,246,247,256,277,271,287,248,263,231,260,241,283,255,292,X
284,333,309,319,312,285,289,257,267,240,309,230,298,186,280,172,266,170,283,236,252,230,255,264,271,274,259,244,234,241,243,270,260,275,240,256,220,251,230,274,245,280,X
281,334,307,323,310,290,289,264,268,249,300,227,289,177,274,169,264,176,275,235,248,234,257,272,273,282,253,245,229,245,241,279,258,284,234,257,216,258,228,283,243,288,X
286,352,328,313,342,273,328,249,319,231,297,230,312,198,314,180,314,170,267,242,324,252,333,267,325,275,255,269,316,281,323,291,317,295,252,300,309,312,320,318,316,318,X
372,236,379,223,383,208,385,197,385,191,365,204,363,194,366,191,368,189,359,210,357,199,360,197,363,197,355,217,354,208,357,205,360,205,352,224,351,217,353,214,356,214,X
322,367,360,344,387,313,401,291,405,276,379,270,388,232,403,231,414,241,363,271,389,263,401,294,400,318,346,278,376,284,384,311,381,327,329,289,355,292,364,312,361,324,X
338,348,356,350,375,342,385,336,390,329,373,291,380,267,393,262,403,264,361,286,387,297,383,320,373,328,348,288,373,302,369,321,361,326,334,295,355,303,355,318,350,322,X
320,347,344,346,369,336,384,329,387,321,363,294,369,268,380,266,388,272,350,289,371,295,369,315,362,322,336,292,357,303,355,319,349,323,322,299,341,308,341,319,337,322,X
223,326,243,319,263,297,261,275,253,259,252,261,256,234,268,229,277,233,237,260,255,256,252,277,245,285,224,263,239,261,239,281,233,287,209,270,224,267,225,282,220,286,X
211,326,234,321,255,305,257,290,247,281,246,262,251,234,262,229,269,235,230,261,249,255,248,279,242,291,216,263,233,262,233,283,228,291,200,269,216,268,219,283,216,288,X
215,327,237,321,256,303,257,285,247,272,246,261,251,235,262,228,271,233,230,259,250,255,249,278,243,286,215,262,234,263,234,283,229,289,200,269,216,269,220,284,217,288,X
226,330,248,323,267,299,268,278,265,261,257,261,261,236,272,227,282,225,242,259,261,247,262,266,256,275,228,261,248,258,247,277,240,283,214,268,232,266,234,280,228,284,X
246,326,272,320,295,296,296,274,297,256,282,255,288,227,300,217,311,214,267,252,285,241,287,257,284,267,252,254,272,249,273,265,271,273,236,261,254,256,259,267,259,273,X
270,320,301,309,328,282,338,259,341,236,309,234,321,211,337,202,351,199,293,231,326,227,332,246,330,259,278,236,315,240,319,261,315,272,264,248,298,248,306,263,304,271,X
294,310,330,298,356,270,367,248,371,228,338,215,347,189,363,181,376,181,323,212,365,216,366,244,356,257,308,217,352,226,351,252,341,262,294,229,332,235,333,253,324,260,X
317,306,353,294,382,266,398,246,407,229,368,212,380,182,401,174,417,177,354,211,392,209,404,231,402,247,340,219,377,222,385,243,382,257,327,233,359,235,369,249,367,259,X
347,302,390,293,420,265,437,244,450,227,397,201,415,169,439,165,456,171,383,200,432,201,438,227,430,240,373,207,421,215,424,239,417,249,365,222,408,228,413,244,407,252,X
364,301,409,285,437,254,451,230,461,208,414,193,430,159,456,158,473,169,400,191,459,201,459,238,445,252,388,199,446,218,441,250,425,257,379,215,425,225,424,246,410,251,X
352,307,401,295,431,259,445,231,452,207,412,195,430,161,454,159,469,172,394,193,451,205,453,240,440,257,380,202,435,220,433,250,421,262,368,218,414,231,415,252,404,259,X
453,294,447,273,433,253,417,244,403,242,438,231,421,215,402,218,389,227,442,236,405,242,402,259,408,267,443,247,406,256,406,272,413,279,444,260,414,269,415,280,423,285,X
437,299,416,286,408,259,404,238,397,223,433,223,420,204,399,206,386,215,443,225,400,236,396,260,405,269,450,235,407,250,407,272,418,278,454,250,420,262,420,277,431,280,X
451,312,420,296,407,265,403,240,397,220,435,221,415,200,393,202,377,210,448,222,398,232,396,260,407,268,456,232,407,248,409,271,420,276,459,248,421,261,424,277,435,281,X
456,320,418,300,403,265,396,237,387,215,431,220,411,195,387,197,370,206,445,221,393,230,391,259,404,268,453,232,401,247,404,273,417,279,457,248,414,261,417,279,430,282,X
463,324,419,301,403,266,395,236,388,213,433,218,411,190,386,191,368,201,446,218,390,228,391,257,405,267,454,229,398,245,403,272,417,278,456,246,411,259,415,278,428,283,X
470,299,429,272,409,237,399,212,393,193,432,197,413,162,388,158,370,166,444,199,396,195,392,219,403,235,451,209,402,214,405,238,418,252,453,224,415,227,416,247,426,258,X
471,275,428,250,410,213,400,186,394,167,436,161,414,130,387,128,367,135,451,161,396,175,394,206,406,221,461,173,406,192,410,221,423,234,467,191,424,204,425,226,435,238,X
466,265,423,240,404,204,397,174,393,150,435,152,412,119,386,117,367,127,451,151,394,159,392,191,405,205,462,162,404,178,409,206,423,214,467,179,421,191,425,211,439,216,X
328,223,327,192,316,167,299,155,286,154,308,149,282,130,262,133,249,142,295,161,273,167,284,178,298,184,285,178,269,186,282,195,295,198,278,197,270,205,281,212,291,215,X
317,245,291,230,275,207,258,191,245,182,297,161,270,132,245,133,229,140,297,161,240,170,243,195,257,203,294,170,240,186,247,210,262,213,289,185,248,200,254,219,268,223,X
334,231,328,190,308,160,284,148,263,147,318,139,287,116,264,117,249,124,313,146,265,153,270,174,284,178,304,159,259,170,267,188,282,191,295,176,259,187,267,203,280,206,X
398,223,371,200,347,169,329,149,314,136,368,122,336,87,307,80,286,83,374,124,318,129,315,152,326,164,375,136,323,145,325,167,337,176,376,150,333,157,336,174,347,182,X
430,209,401,194,386,156,381,128,382,107,422,101,407,65,378,52,357,51,442,99,383,101,375,140,389,153,458,109,397,119,395,155,411,162,468,127,419,137,417,161,434,167,X
486,231,439,203,414,154,408,118,408,93,458,97,432,60,401,49,375,48,475,102,414,110,417,141,436,151,484,117,424,133,431,162,449,168,487,139,441,152,446,174,463,180,X
502,240,465,213,444,169,441,134,450,111,479,109,470,59,441,45,415,48,505,111,454,111,444,148,453,166,525,125,471,134,466,167,477,180,540,146,494,151,488,177,497,188,X
486,267,441,230,418,186,413,157,412,138,453,139,428,90,395,85,370,94,475,145,414,148,405,179,419,199,489,161,426,170,423,197,436,211,499,180,445,187,440,209,452,221,X
290,378,323,353,340,320,346,296,345,280,310,275,314,241,333,241,349,254,293,278,332,283,340,311,335,325,279,290,320,299,325,324,320,334,269,307,302,312,307,330,302,337,X
288,378,321,353,338,319,345,295,344,278,309,275,313,240,332,241,348,254,291,278,331,282,340,311,335,326,278,290,319,299,325,325,320,335,268,307,302,312,307,330,302,338,X
291,377,324,351,340,318,345,295,343,278,311,274,315,240,335,242,350,256,293,277,332,283,340,311,334,326,279,289,321,299,326,325,320,335,270,306,303,312,308,330,302,337,X
293,374,326,350,343,318,354,295,358,279,314,274,319,239,338,240,353,255,297,277,333,282,340,308,334,322,284,289,323,298,327,321,321,330,274,304,305,310,310,328,305,335,X
299,374,330,351,350,321,363,302,369,289,320,274,327,240,346,240,362,254,303,277,343,282,349,306,343,319,291,289,333,297,336,319,329,327,283,304,316,309,321,325,316,332,X
312,371,344,347,360,316,369,293,372,276,328,275,340,240,360,240,374,254,314,278,359,279,364,304,355,314,306,288,350,293,351,316,343,323,300,302,334,305,338,322,332,328,X
318,368,351,347,371,322,384,308,391,299,343,273,356,241,375,242,388,255,329,275,372,276,373,302,362,313,320,283,363,289,361,312,350,319,314,296,347,299,348,315,341,321,X
337,366,374,347,402,314,415,289,407,276,365,275,374,239,394,240,407,251,351,274,390,275,397,300,388,311,341,281,383,291,385,313,375,318,334,292,369,299,371,315,362,320,X
360,363,396,340,416,310,425,289,425,274,383,272,396,240,416,245,425,259,370,274,412,275,418,297,407,307,361,282,406,288,406,310,395,316,356,292,393,297,394,314,384,319,X
367,362,400,341,419,311,428,289,430,272,386,271,400,240,420,246,429,263,374,272,419,274,425,298,415,311,367,280,413,288,412,311,403,318,364,291,402,298,402,316,394,322,X
370,361,403,340,421,306,429,282,423,268,387,270,395,239,414,243,425,258,373,271,413,274,417,296,406,306,364,279,406,288,406,308,396,313,359,290,395,299,396,314,386,318,X
375,359,405,341,424,301,423,272,409,257,392,266,390,237,403,236,415,245,376,266,384,241,400,241,412,249,360,272,388,273,398,296,400,313,347,283,374,287,382,305,383,317,X
334,323,355,313,373,293,380,275,381,260,362,255,376,250,377,267,373,277,351,254,367,252,368,269,364,280,338,255,355,256,358,272,355,281,325,262,343,262,348,275,346,284,X
323,309,349,297,368,275,373,257,370,242,346,234,364,231,365,251,359,261,333,234,355,233,358,253,351,263,320,239,343,239,346,257,340,266,308,249,331,247,334,260,328,268,X
317,298,339,284,353,262,355,244,351,229,334,221,352,215,358,236,356,253,322,221,347,218,353,243,350,258,309,226,336,225,342,248,338,261,297,237,322,234,326,250,321,259,X
312,288,332,279,349,255,351,236,345,222,335,220,338,196,349,189,359,189,322,219,343,211,351,233,350,249,309,223,331,221,339,241,338,253,295,231,315,228,323,242,322,251,X
281,275,306,268,328,244,337,226,335,211,309,205,305,176,316,166,327,164,294,204,307,193,312,215,309,230,279,210,294,205,300,225,297,236,263,221,279,217,286,230,286,239,X
247,280,272,275,293,244,294,216,279,201,274,203,271,169,286,161,298,163,259,203,280,190,282,218,271,227,244,208,266,201,267,227,257,235,228,218,246,210,249,229,242,237,X
243,287,265,277,283,246,282,219,272,201,265,201,266,165,282,157,294,166,247,203,277,190,282,226,274,241,230,209,259,203,264,234,255,245,212,222,238,214,244,236,237,245,X
239,294,264,279,282,248,282,221,272,203,261,201,264,163,280,156,293,166,241,203,273,192,279,228,271,244,223,210,255,205,260,237,250,248,206,224,234,216,241,237,232,246,X
235,297,262,280,281,248,282,222,273,203,262,199,263,160,278,152,291,164,241,202,271,190,278,225,272,241,223,210,252,205,257,236,249,248,205,222,230,215,238,236,232,246,X
240,296,268,279,290,247,290,218,278,198,269,201,269,159,285,151,298,160,250,203,277,188,280,218,271,230,234,209,260,201,262,229,254,240,216,220,239,212,245,231,239,239,X
265,292,300,269,320,229,322,199,321,179,292,188,301,154,318,146,333,150,274,191,307,178,313,202,307,217,260,201,296,194,300,217,295,231,247,216,279,208,287,225,286,236,X
284,289,314,269,338,229,354,197,364,174,299,186,338,159,363,156,375,157,296,190,352,173,357,197,344,208,298,198,348,186,348,208,336,217,303,210,336,199,338,215,331,223,X
314,271,347,254,372,227,395,212,413,201,344,169,364,137,386,128,399,131,334,167,387,159,389,188,374,197,329,170,379,168,377,197,361,204,325,178,365,176,366,198,353,205,X
347,263,382,240,402,208,410,184,409,163,373,162,379,126,400,121,415,130,360,162,405,151,405,184,389,198,350,164,396,160,391,194,375,204,339,171,378,168,377,192,364,201,X
347,258,384,240,404,207,412,180,409,157,377,159,385,120,406,118,420,132,363,158,408,149,411,185,397,200,351,161,398,159,396,195,380,207,340,170,381,168,381,193,368,203,X
339,262,382,245,412,210,419,183,412,162,382,161,378,121,395,111,408,119,366,160,394,145,397,173,386,188,349,162,380,156,380,185,368,197,330,171,359,164,364,184,356,194,X
312,251,348,230,369,194,379,165,375,143,349,150,351,107,371,100,384,113,334,149,368,136,371,168,360,184,320,152,353,147,355,178,344,191,305,160,335,154,341,176,333,187,X
297,251,332,231,355,196,363,166,356,141,334,149,340,108,359,101,371,113,318,149,355,135,356,171,343,187,304,151,342,145,339,180,326,193,289,158,324,153,325,178,314,188,X
288,264,322,245,343,209,348,178,342,153,323,160,327,117,345,113,356,130,304,161,338,148,341,184,331,201,288,166,322,162,323,195,313,207,271,175,300,171,305,193,298,203,X
285,265,320,245,341,209,346,177,342,151,319,160,325,118,343,114,355,130,301,161,337,148,342,183,331,199,285,166,322,163,324,195,313,207,271,175,304,172,308,196,298,205,X
511,431,494,418,481,395,474,378,472,369,510,359,509,335,497,324,484,324,525,363,506,357,488,369,480,383,537,375,517,368,500,379,490,392,544,392,525,389,511,395,502,402,X
503,440,485,423,479,392,487,371,500,362,505,364,504,341,492,330,479,325,521,369,499,361,486,383,488,394,534,382,510,377,499,398,504,407,545,398,522,395,513,409,518,415,X
501,440,482,416,476,387,481,367,490,356,504,362,500,341,487,332,475,327,519,368,496,360,486,377,489,388,530,378,504,374,496,390,499,399,538,393,516,386,507,397,507,405,X
498,334,473,317,462,289,457,270,455,257,481,256,471,229,454,224,442,227,490,258,452,262,449,281,456,294,496,268,457,277,457,296,465,306,497,280,465,288,464,304,470,313,X
498,331,466,313,454,284,448,261,446,246,475,247,465,221,447,219,434,225,486,248,443,256,443,278,453,289,492,258,449,272,453,292,463,300,494,271,460,284,461,299,470,305,X
499,330,464,313,452,285,446,263,445,248,474,244,463,215,444,213,431,222,484,245,440,253,440,275,451,286,489,255,445,271,450,291,462,297,490,268,456,285,459,300,469,304,X
497,332,462,312,452,284,446,262,446,248,475,243,465,214,446,210,431,215,485,244,441,252,441,276,451,289,490,253,446,269,451,290,462,300,492,267,456,283,460,299,469,305,X
497,326,461,306,447,278,440,257,438,241,471,237,456,207,436,206,423,216,481,240,435,245,437,265,449,273,486,250,439,262,445,280,457,284,486,265,449,275,453,290,464,293,X
485,310,445,288,434,259,426,239,422,226,457,220,441,189,419,185,405,192,467,222,416,228,415,250,428,259,471,234,420,246,425,266,438,271,470,249,431,261,433,276,442,281,X
479,304,440,286,426,255,418,231,414,215,451,212,431,180,409,179,396,190,459,214,408,220,407,243,419,252,461,224,413,242,418,261,430,266,459,239,423,256,428,272,439,276,X
473,304,433,287,419,257,412,235,410,220,443,210,425,178,403,175,389,183,451,211,399,217,399,240,411,252,454,222,404,239,410,260,421,265,452,237,417,256,421,272,432,275,X
465,297,422,277,405,246,395,223,391,206,431,202,413,170,390,170,376,181,440,206,388,213,388,236,401,246,443,218,392,233,396,253,408,260,442,234,405,247,407,265,418,271,X
433,269,405,256,390,227,381,205,375,190,413,189,396,165,373,163,359,168,421,194,372,203,373,222,386,225,425,207,376,220,381,238,394,239,426,224,386,238,390,251,403,253,X
429,268,389,249,373,220,362,198,359,182,397,173,374,143,350,145,334,157,406,176,353,184,353,207,366,216,409,188,356,203,362,223,375,229,406,204,368,218,371,233,381,239,X
421,264,377,244,360,213,351,188,345,170,389,168,364,139,340,142,325,154,396,171,342,179,343,201,356,209,396,183,346,200,352,218,364,222,392,198,356,214,361,229,372,231,X
413,267,373,245,354,213,343,188,338,171,381,169,355,141,332,145,319,158,388,173,335,182,337,203,350,209,389,186,338,203,344,221,356,224,385,204,347,218,351,232,362,235,X
397,281,396,244,379,212,353,198,330,200,357,184,314,160,288,167,276,181,350,188,294,196,294,216,306,226,341,203,292,217,298,234,312,240,330,222,296,234,301,249,311,256,X
344,263,342,239,327,215,306,206,288,207,328,190,299,164,276,166,263,176,326,194,276,203,278,221,290,227,319,205,274,222,282,239,294,241,312,220,280,239,288,253,300,254,X
203,401,233,378,253,348,267,329,276,322,242,306,255,271,272,265,282,276,239,314,293,322,289,339,276,344,241,330,292,340,284,352,270,354,244,349,285,355,280,365,269,366,X
204,400,232,374,253,345,268,327,278,321,243,306,256,271,272,265,281,274,240,313,294,321,290,338,277,342,242,330,293,339,285,351,271,353,245,349,287,354,281,363,269,365,X
215,400,243,370,262,340,276,322,282,315,254,301,264,267,280,261,291,271,251,309,306,316,302,335,288,340,253,326,305,335,297,349,283,351,256,345,300,351,295,361,283,362,X
227,400,255,369,275,338,290,320,296,313,265,299,275,265,291,259,302,268,263,306,319,316,315,336,302,341,265,323,319,336,311,350,297,351,269,343,314,350,308,361,295,362,X
252,373,260,346,278,321,294,307,306,308,271,294,277,263,295,259,305,270,271,305,321,312,319,327,308,330,275,321,326,331,320,341,307,341,281,340,324,345,320,353,308,352,X
254,397,269,361,288,330,307,316,319,313,288,298,301,263,319,260,328,271,290,306,344,314,339,332,325,336,295,322,346,334,337,347,323,347,300,343,343,349,337,358,324,358,X
277,372,284,346,306,322,333,314,355,315,296,298,303,267,320,262,331,270,298,307,351,312,348,326,336,328,302,323,355,332,349,341,335,339,309,341,353,347,350,354,336,353,X
266,396,280,361,301,330,323,318,341,317,299,300,313,265,330,260,342,270,303,307,357,314,354,333,341,339,309,322,359,334,351,348,338,349,316,341,358,349,352,359,340,361,X
280,370,283,345,304,320,327,309,342,307,297,299,306,271,320,264,329,269,300,309,351,314,348,327,335,330,306,325,355,334,348,343,335,342,313,344,355,350,348,358,333,357,X
257,399,270,362,290,329,310,314,326,311,288,299,301,263,319,262,331,275,291,308,344,314,340,332,326,338,297,326,349,334,340,348,326,350,304,347,347,349,342,359,331,361,X
261,372,269,346,287,321,307,310,322,310,281,296,290,265,306,262,317,271,282,306,333,313,329,327,316,329,286,323,337,334,329,342,316,340,291,342,334,349,328,355,313,354,X
229,402,259,376,279,345,292,326,299,316,264,302,271,265,290,260,302,273,261,309,316,315,313,335,299,342,263,324,315,333,309,350,295,353,267,343,312,348,308,361,297,365,X
217,398,242,369,261,337,274,317,282,309,250,299,260,264,279,262,290,276,248,307,302,314,299,334,284,339,251,323,302,332,294,348,280,350,256,341,297,345,293,357,282,360,X
207,397,241,374,259,343,269,320,273,310,241,299,249,264,268,261,279,274,236,307,291,311,290,332,275,338,237,322,290,329,285,346,271,349,241,340,284,343,281,356,270,359,X
194,400,231,381,249,349,259,326,265,315,229,301,238,266,256,262,268,274,224,307,281,311,279,334,264,341,224,322,279,330,273,349,258,352,228,340,272,346,269,359,258,362,X
181,404,222,382,240,351,252,330,257,319,215,302,221,267,240,262,252,274,208,309,265,312,266,336,253,346,207,324,261,331,258,350,244,356,211,342,254,348,254,361,243,364,X
175,407,216,383,234,351,244,330,248,317,207,304,214,268,233,262,243,277,200,311,256,313,258,335,245,344,199,325,252,333,249,351,235,356,203,344,245,349,245,360,236,360,X
171,410,212,386,231,356,246,339,253,331,202,306,207,270,226,264,237,277,194,313,249,316,249,338,236,345,192,328,245,335,240,353,226,356,196,346,238,349,241,358,235,359,X
168,411,207,384,223,350,232,328,236,316,196,304,205,270,224,265,235,277,190,311,245,315,245,336,232,343,190,327,242,334,236,352,222,354,193,345,233,349,233,360,224,360,X
169,410,210,383,227,353,240,335,246,326,199,302,204,269,223,264,235,278,191,313,242,317,244,337,234,343,189,330,238,338,234,354,223,358,192,350,232,354,234,363,228,363,X
184,408,223,381,241,352,252,333,257,321,218,304,220,268,238,261,249,274,210,312,264,314,267,335,254,342,208,328,259,335,258,350,244,355,209,347,251,351,254,359,245,360,X
197,407,236,380,253,350,263,328,267,316,230,303,234,266,254,262,265,276,223,312,279,314,282,335,270,343,223,328,276,337,272,352,260,357,226,347,268,352,268,361,258,362,X
228,369,235,344,250,319,264,305,273,302,243,294,248,266,265,263,276,275,240,307,295,310,294,323,281,327,242,325,296,331,291,340,278,340,245,346,290,348,286,354,272,354,X
220,407,249,376,270,342,281,320,285,307,256,303,267,268,284,264,293,276,254,312,308,318,308,336,294,342,257,331,308,340,302,354,289,357,262,352,305,357,300,369,287,370,X
250,357,260,336,272,316,284,304,288,303,266,291,280,265,290,265,290,274,263,302,317,309,313,326,298,328,265,321,317,328,310,342,295,343,269,340,312,348,307,359,293,360,X
255,372,263,348,279,322,298,313,313,315,276,299,285,270,302,266,312,276,277,309,328,313,326,328,313,330,282,326,332,333,324,343,310,342,287,345,329,349,322,357,308,357,X
252,404,272,374,292,341,310,323,323,317,284,305,295,268,313,262,325,272,284,313,341,317,341,338,330,345,288,328,343,338,339,354,327,357,294,346,339,351,340,364,335,368,X
278,366,283,341,302,316,323,304,340,302,291,297,294,271,306,265,314,266,292,308,342,312,356,322,357,325,296,326,346,329,346,336,335,336,303,345,343,346,340,351,328,350,X
272,375,284,351,309,325,335,315,353,311,297,301,304,272,320,266,331,274,300,310,348,315,347,331,337,332,306,325,355,334,346,347,332,345,313,343,350,349,343,358,331,359,X
268,404,287,369,311,337,336,325,356,320,304,306,315,270,332,267,343,276,307,313,359,322,356,342,342,348,313,329,360,342,352,358,339,359,320,347,359,354,351,367,339,369,X
283,381,296,362,323,338,353,328,378,325,300,302,313,276,325,271,331,277,304,311,354,314,351,330,338,334,311,326,360,333,352,346,338,346,320,343,361,349,353,359,339,360,X
275,404,290,371,313,340,339,329,359,325,308,307,323,273,341,266,353,271,313,315,365,321,361,340,346,344,321,329,368,341,359,356,345,355,328,346,366,356,356,367,341,367,X
287,381,295,361,319,337,348,329,372,326,304,303,321,288,326,277,327,271,308,313,359,320,355,332,342,335,316,328,364,336,356,346,342,347,324,346,364,352,356,360,342,361,X
264,402,284,366,312,334,342,324,365,321,299,301,309,267,327,264,340,274,301,311,357,316,356,337,344,344,305,328,358,338,352,353,340,355,311,349,353,353,350,363,341,365,X
136,347,130,330,116,320,101,317,88,316,105,342,83,345,70,344,61,341,105,352,83,355,70,353,61,349,106,358,87,359,75,357,67,354,107,360,91,361,81,359,74,357,X
233,403,250,369,272,337,290,322,303,317,270,304,279,265,299,260,311,273,271,312,325,314,324,333,309,340,275,329,325,334,319,349,306,353,281,349,323,350,318,362,306,366,X
252,373,262,354,278,328,291,310,297,302,261,299,269,272,280,264,285,266,261,310,311,312,310,324,297,328,265,326,317,329,311,339,298,339,272,344,314,347,309,354,295,355,X
229,382,244,358,262,332,279,319,289,317,254,303,262,274,273,264,281,268,255,311,308,313,306,330,292,334,260,327,312,332,303,345,289,346,266,345,309,349,302,360,288,362,X
238,405,263,375,285,343,304,326,318,318,272,303,280,264,297,255,309,259,273,311,328,313,334,333,327,342,276,329,330,334,330,349,320,353,282,349,326,348,332,357,328,360,X
263,365,264,340,280,312,297,295,314,291,273,297,278,276,284,263,289,255,273,309,323,312,328,322,324,325,278,326,327,331,328,337,321,340,283,345,320,346,331,346,336,344,X
268,372,272,344,291,318,313,307,331,303,291,300,309,278,329,275,340,280,295,308,343,304,355,320,353,328,302,323,348,322,354,335,348,341,309,341,347,342,352,349,347,352,X
269,380,275,356,297,328,322,315,341,311,293,301,302,268,319,257,331,258,298,308,347,308,350,324,341,331,305,322,352,327,349,340,338,344,312,339,350,342,349,353,339,355,X
261,408,278,369,297,339,318,326,336,324,297,302,340,294,356,313,360,332,301,308,360,315,364,336,352,348,307,323,362,331,361,350,350,359,313,342,358,347,358,361,348,367,X
263,403,271,366,289,335,308,319,319,314,293,300,336,290,351,308,353,326,299,307,358,309,357,329,342,339,306,322,360,327,354,344,340,351,314,342,356,345,351,358,340,363,X
247,393,260,360,281,328,302,315,319,311,280,295,286,256,306,247,319,256,284,301,341,303,345,322,333,330,289,317,345,327,342,343,328,344,295,337,341,346,337,357,324,358,X
238,362,242,338,258,314,277,303,293,300,249,290,253,259,271,252,282,257,248,300,293,298,307,308,308,314,253,317,299,316,309,322,306,323,260,336,299,336,303,339,296,339,X
220,373,239,356,254,332,268,316,277,310,235,293,242,260,258,253,269,260,234,302,289,299,289,317,277,322,238,317,293,318,288,332,275,334,245,336,290,337,285,348,272,351,X
200,403,232,377,251,345,267,324,275,316,229,297,236,255,256,252,269,268,227,305,283,304,285,327,271,335,230,321,284,322,281,341,268,346,237,341,279,339,280,352,272,357,X
210,379,243,368,260,345,275,327,284,316,229,298,234,267,248,257,257,260,224,304,277,300,279,320,267,326,226,318,280,317,278,335,263,338,232,335,277,334,277,347,266,351,X
213,405,241,376,258,341,275,320,285,310,241,296,250,255,272,254,284,271,238,305,297,304,304,326,295,335,242,322,298,322,299,342,289,349,248,342,294,339,295,355,287,362,X
