234,354,229,355,209,360,191,375,171,390,172,332,139,336,117,338,96,341,174,345,159,368,173,381,185,383,177,357,163,377,176,389,184,392,179,365,170,381,177,390,186,393,P
233,355,229,356,209,362,191,377,172,392,172,335,138,338,116,341,95,344,173,348,159,372,173,384,186,387,176,361,162,381,176,394,185,396,178,369,168,385,176,394,186,397,P
235,354,229,355,209,361,191,375,172,390,171,334,138,337,116,339,96,341,173,346,158,369,170,382,182,384,176,359,163,378,175,391,183,394,181,366,170,382,177,391,186,394,P
232,355,227,356,208,362,190,375,170,391,170,333,137,336,115,338,94,341,172,345,158,369,173,382,185,386,175,357,162,377,176,390,183,393,177,365,168,381,176,389,185,393,P
230,354,226,355,206,360,187,375,167,390,168,332,134,335,111,337,90,340,168,345,153,368,166,381,179,384,171,357,158,377,171,390,180,394,174,366,165,381,173,391,182,394,P
227,353,222,355,202,361,183,377,164,392,165,332,131,335,108,338,87,340,166,344,152,370,167,381,180,383,169,357,156,378,170,390,178,393,172,366,163,382,171,390,180,394,P
226,354,221,356,201,362,183,377,164,392,164,333,130,336,107,339,86,341,166,346,151,371,165,383,179,385,168,359,155,380,169,392,177,395,170,367,161,384,169,393,178,396,P
222,358,219,358,199,363,180,378,159,392,159,338,126,340,103,342,83,344,161,351,148,373,163,384,176,386,164,364,152,384,167,396,174,399,167,373,157,388,166,397,175,400,P
219,358,215,360,196,366,178,379,158,395,158,336,124,339,101,342,80,345,159,349,145,374,159,387,172,389,161,362,149,383,163,395,171,398,163,370,155,386,163,395,172,398,P
221,358,216,359,196,365,178,381,158,396,158,336,124,340,101,343,81,345,159,349,144,373,158,386,170,389,162,362,148,382,161,396,170,400,164,371,155,387,163,397,172,401,P
221,357,216,359,196,365,179,380,159,396,158,336,124,339,101,342,80,345,160,349,145,373,159,386,173,390,163,362,149,382,162,396,171,400,166,370,156,387,163,397,172,401,P
222,358,217,358,197,364,179,379,160,395,159,336,125,339,102,342,82,344,161,349,147,371,160,384,172,387,164,362,150,381,162,394,171,398,167,371,157,387,164,397,173,402,P
223,357,218,358,198,364,180,379,161,395,160,336,126,339,103,342,83,344,162,348,147,371,161,384,173,387,165,361,151,381,164,394,173,397,167,370,158,386,165,396,174,400,P
222,357,217,358,198,364,180,380,161,396,160,336,126,339,103,342,82,344,162,349,148,373,162,385,175,388,164,362,151,382,164,395,173,398,167,370,158,386,166,395,175,399,P
222,357,217,359,197,365,180,380,160,396,160,336,126,339,103,342,82,345,161,349,147,373,161,385,174,389,164,361,150,381,163,395,172,398,166,370,158,386,165,395,174,399,P
221,356,217,358,198,365,180,380,161,396,160,336,125,340,102,343,81,345,161,349,147,373,161,387,174,390,163,361,150,382,163,395,172,399,166,370,157,386,165,396,175,400,P
221,356,216,359,197,366,180,381,161,397,159,337,125,341,102,344,81,347,161,349,147,373,161,387,174,391,164,362,150,382,164,396,173,400,166,370,157,387,166,396,175,401,P
221,357,216,359,197,366,180,381,161,397,158,337,125,341,102,344,81,347,161,349,147,374,161,387,174,390,163,362,150,382,164,396,173,399,165,370,157,387,166,396,175,400,P
221,357,216,359,197,365,180,381,161,397,159,337,125,341,102,344,81,347,161,349,146,374,161,386,175,389,163,362,150,382,164,395,173,398,165,371,157,387,165,397,175,400,P
219,358,215,360,196,366,179,381,159,398,157,337,123,341,100,344,79,348,159,350,144,375,159,389,173,392,162,363,148,384,162,398,172,402,164,372,155,388,163,398,173,402,P
218,359,214,360,195,366,177,382,158,398,156,338,121,342,99,345,78,348,158,352,144,376,158,387,172,389,160,365,147,385,161,398,170,400,162,374,153,390,162,399,172,403,P
218,359,213,361,194,366,176,382,157,399,155,339,120,342,97,345,77,348,156,351,143,375,157,386,169,387,159,364,145,384,159,397,167,399,162,373,153,389,161,399,170,401,P
215,359,211,361,191,367,174,382,155,399,153,338,118,342,95,345,74,348,155,350,141,375,156,388,170,389,158,363,144,384,158,397,167,399,160,372,151,388,160,398,169,401,P
219,363,211,361,193,364,174,378,156,390,156,337,121,335,99,335,79,336,154,349,139,373,147,391,156,399,157,362,142,383,152,398,160,404,162,371,150,388,153,397,160,402,P
469,411,457,392,458,372,477,374,496,383,490,341,503,327,504,328,506,333,504,352,510,345,498,356,491,360,512,366,514,368,499,376,493,377,517,382,516,386,503,390,495,390,P
422,360,415,347,421,334,442,338,463,345,460,302,497,292,526,289,549,287,470,319,478,327,460,341,447,346,473,338,475,352,457,364,446,365,472,356,473,367,457,376,447,376,P
390,362,389,348,404,338,427,344,448,350,445,312,487,307,514,308,536,310,450,328,457,346,437,360,422,366,448,345,451,362,433,373,420,375,442,359,443,371,430,380,420,383,P
368,361,376,347,398,343,420,354,439,363,441,324,483,329,509,336,531,343,440,343,445,362,422,372,405,374,435,359,438,375,420,383,406,385,426,372,431,384,421,391,412,393,P
362,359,375,350,395,348,418,358,437,369,440,325,480,333,505,341,526,349,437,343,443,366,422,374,406,375,431,360,435,378,418,384,406,384,423,372,427,385,416,390,407,391,P
361,359,373,350,393,350,415,361,435,372,439,328,479,336,503,344,523,353,436,346,440,369,420,377,405,378,429,363,432,381,415,386,403,385,421,375,424,388,413,393,404,393,P
359,361,373,352,394,352,417,365,436,377,438,330,478,338,503,347,524,356,434,348,440,372,420,379,405,379,428,365,432,384,414,388,403,387,420,377,424,391,413,395,405,395,P
356,359,369,351,388,351,411,363,430,375,433,327,473,335,498,344,518,352,430,345,436,367,419,374,406,374,424,363,426,381,410,386,400,384,417,375,420,389,409,393,401,393,P
352,359,365,351,385,350,408,362,427,375,430,327,470,335,494,343,514,352,428,345,434,369,416,378,401,379,422,363,424,381,407,387,396,386,414,374,417,388,406,393,398,393,P
351,359,363,351,384,350,408,362,428,375,427,325,467,333,491,341,512,350,424,343,433,367,413,374,399,374,419,360,423,380,406,385,396,384,413,372,416,387,405,392,397,392,P
349,359,363,351,384,351,406,363,427,376,425,326,465,334,489,341,510,350,422,344,431,368,411,376,396,378,417,361,422,380,404,386,394,386,411,372,414,386,404,392,397,393,P
348,360,362,352,383,353,407,365,428,378,425,327,465,335,489,343,510,352,420,346,429,370,409,378,393,380,415,362,421,381,403,388,394,388,410,373,414,387,404,394,397,396,P
348,360,362,352,383,352,405,364,426,378,425,326,464,335,488,342,510,351,421,345,430,370,409,379,393,380,415,362,421,382,403,388,393,388,411,373,414,388,404,395,397,395,P
348,360,362,353,383,354,405,367,426,380,424,329,463,338,488,345,509,354,420,347,428,371,409,380,393,383,414,363,420,382,403,390,393,391,410,373,413,387,404,395,397,398,P
348,361,362,354,383,355,404,368,426,382,424,330,463,339,488,347,509,357,418,348,428,371,409,382,393,385,413,364,419,383,403,392,393,393,408,374,412,389,402,396,395,398,P
349,362,363,355,384,356,405,369,426,383,425,332,464,341,490,348,511,358,420,350,428,373,409,383,393,387,414,366,420,384,405,392,394,394,409,376,413,390,404,397,397,399,P
350,362,364,356,384,357,406,370,427,384,426,332,464,342,488,350,509,359,421,350,429,373,410,381,394,383,415,366,421,385,404,392,395,393,411,377,414,390,405,398,398,400,P
351,363,364,357,385,359,406,372,426,386,426,334,465,343,489,351,510,360,421,351,429,375,410,384,395,387,416,367,421,386,406,394,395,395,410,377,414,390,406,398,398,401,P
350,363,364,357,384,359,405,372,425,385,426,334,464,343,487,351,508,360,421,351,427,375,409,385,393,388,415,367,420,385,404,394,395,396,410,377,413,390,404,398,398,401,P
348,363,362,357,382,358,402,371,423,385,424,332,461,342,485,350,506,359,419,350,425,375,407,385,393,388,413,366,418,385,403,394,394,396,409,376,411,391,403,398,396,401,P
346,362,359,356,378,357,400,370,419,383,421,332,459,341,483,349,503,357,418,349,423,374,406,384,391,386,412,366,416,385,401,393,391,394,406,376,409,390,400,397,393,399,P
343,362,356,356,375,356,396,369,416,382,418,331,456,340,480,347,500,356,415,349,421,373,403,382,388,384,410,366,414,385,397,391,387,392,404,377,407,391,397,397,390,398,P
341,361,354,355,373,356,394,368,414,382,416,330,454,339,478,347,498,355,413,348,419,373,400,382,386,384,408,364,411,384,395,391,385,391,402,375,404,389,395,396,387,397,P
342,362,354,355,373,355,394,368,414,382,415,330,453,339,477,347,498,356,412,348,418,372,399,380,384,381,406,364,410,383,394,391,385,391,401,375,404,389,394,397,388,399,P
342,362,355,354,374,356,394,369,415,382,416,331,454,340,479,348,500,357,411,349,418,372,400,382,385,385,406,365,410,383,395,391,385,393,400,375,403,389,394,397,388,399,P
342,361,355,354,375,356,395,369,415,381,417,331,454,340,478,347,499,356,412,349,418,373,400,382,385,385,406,365,411,384,395,391,386,392,401,376,404,390,395,396,388,398,P
287,220,313,239,337,247,356,255,374,264,368,209,399,207,420,204,437,202,364,201,382,237,383,261,383,275,355,201,363,239,345,240,334,233,344,206,349,236,336,238,329,232,P
288,220,314,239,338,247,356,254,374,263,369,209,400,206,421,204,438,202,365,201,383,237,384,260,383,274,356,201,363,239,345,240,334,233,345,205,349,236,336,238,329,232,P
289,220,315,238,339,247,357,254,375,263,370,209,401,207,422,204,439,202,366,202,384,237,386,261,385,275,357,201,364,239,346,240,335,233,346,205,350,235,337,237,329,231,P
289,220,314,239,339,247,357,254,375,262,370,209,401,207,422,204,439,202,366,201,384,237,385,260,384,274,357,200,364,239,346,240,335,232,347,204,351,235,337,237,330,231,P
284,217,311,238,336,245,354,252,373,260,365,206,396,205,417,202,435,201,361,199,380,235,382,257,382,269,351,199,361,238,343,240,332,233,340,205,346,235,333,237,327,232,P
273,217,302,237,327,244,345,250,362,258,356,205,386,203,408,201,425,199,350,199,369,232,371,253,370,267,340,199,347,239,330,241,318,236,328,205,333,235,321,238,314,232,P
256,219,285,237,310,243,328,249,347,257,339,206,370,202,392,198,409,195,332,199,354,231,357,253,358,267,320,198,331,237,314,241,302,238,307,204,315,233,302,236,295,232,P
245,219,276,237,302,243,321,249,341,257,329,203,360,200,382,196,398,193,323,195,345,227,348,248,349,261,312,195,322,235,306,240,295,235,299,202,306,232,294,236,287,231,P
238,219,269,234,296,240,315,245,334,252,323,201,353,197,375,193,392,190,315,193,337,227,342,251,343,267,304,193,314,235,296,239,284,234,290,199,298,232,286,235,278,229,P
239,219,271,234,298,239,316,245,334,253,323,202,353,198,375,194,392,190,315,195,339,226,344,250,345,266,304,195,315,233,297,238,284,233,292,200,299,231,285,235,277,230,P
244,218,277,228,307,229,326,228,342,227,329,200,359,199,380,196,398,192,321,196,342,229,346,252,346,269,309,198,320,237,302,237,290,231,296,204,305,234,292,236,284,231,P
256,219,292,230,322,234,343,236,359,241,344,203,374,202,395,199,412,197,337,199,358,232,358,254,357,267,327,200,338,240,320,242,308,237,314,206,323,235,310,238,301,234,P
279,220,315,233,344,237,363,239,377,241,366,209,397,209,418,208,435,206,361,205,381,237,383,257,383,270,352,206,361,243,342,243,329,237,341,212,346,240,332,241,323,235,P
285,222,320,237,349,242,368,243,382,244,370,211,401,212,422,210,440,209,365,207,392,224,410,231,424,235,357,207,369,243,351,246,337,243,346,213,354,241,340,243,329,238,P
297,223,329,239,357,243,373,244,388,245,382,212,413,214,434,213,452,212,377,208,392,246,394,271,393,288,367,209,373,247,355,248,343,243,355,216,361,245,347,245,338,239,P
302,226,333,242,360,247,378,249,394,253,388,218,419,219,439,217,457,217,382,212,397,252,398,279,398,297,372,213,378,253,361,252,350,245,361,218,365,249,352,249,345,243,P
301,227,334,247,362,251,379,251,395,254,386,219,417,220,438,218,455,218,381,214,396,251,398,277,397,296,371,215,378,254,360,253,348,248,361,221,365,250,351,250,343,245,P
290,227,322,244,348,250,365,253,380,259,373,219,404,219,425,219,442,218,366,215,383,251,386,277,386,295,356,216,363,255,344,254,333,247,344,221,349,251,335,251,326,246,P
280,228,311,242,337,247,355,250,370,255,362,219,393,218,414,217,431,216,355,214,375,250,380,275,382,294,345,215,352,255,332,255,320,249,332,221,336,251,322,252,314,247,P
261,233,291,246,318,250,336,253,350,258,343,220,374,219,394,216,411,215,335,215,353,251,357,276,359,293,324,217,333,255,315,257,303,253,311,222,318,251,304,253,295,248,P
241,235,272,245,300,249,319,254,331,259,323,220,352,219,372,216,388,213,314,216,334,252,334,277,334,294,302,218,312,257,296,257,286,252,288,224,297,254,284,256,277,251,P
233,234,264,245,292,249,311,253,327,258,317,220,345,219,365,217,382,214,309,216,330,252,332,279,333,298,297,218,307,259,289,259,279,251,283,225,290,256,277,258,270,251,P
220,252,248,256,277,261,295,270,306,279,303,239,331,240,350,240,366,242,293,237,305,278,305,299,305,313,278,240,282,277,271,273,264,265,261,246,265,273,256,271,252,262,P
498,333,474,322,445,312,421,311,405,312,448,285,419,263,399,250,382,238,445,293,418,277,399,265,383,254,445,304,422,314,424,332,431,343,448,316,431,327,433,339,438,347,P
493,299,458,292,427,286,403,282,386,284,420,257,394,250,374,242,358,237,420,263,383,277,361,291,346,302,423,273,394,295,403,307,416,313,428,285,407,300,413,311,423,317,P
474,269,429,281,398,280,375,279,356,280,379,245,360,241,344,235,329,232,382,245,356,272,343,291,335,304,390,249,373,281,387,289,402,292,399,254,386,280,396,290,408,294,P
454,258,415,270,385,273,363,277,344,282,359,238,336,228,317,218,301,210,365,234,339,265,331,287,329,300,376,235,359,271,374,281,390,284,388,239,373,264,383,276,395,281,P
435,247,399,267,369,275,347,283,330,293,342,237,317,231,299,228,283,227,349,231,327,265,325,289,326,303,360,231,346,270,364,281,380,281,374,233,361,263,373,273,386,273,P
421,244,388,267,358,276,337,281,320,285,329,237,304,234,285,231,268,231,335,230,317,268,321,291,326,304,346,229,334,270,354,279,372,278,360,230,347,260,360,269,373,270,P
407,243,379,265,351,272,330,275,313,276,319,238,291,233,270,230,252,230,325,229,307,267,309,293,314,309,337,226,325,267,346,276,363,275,351,225,339,256,352,265,365,264,P
413,240,383,262,355,268,334,271,318,272,326,237,298,235,279,233,262,232,331,230,314,266,319,288,326,299,342,227,330,265,347,275,362,274,355,228,343,256,355,266,368,266,P
433,240,405,260,377,270,357,279,341,288,346,234,315,232,294,229,275,228,353,226,334,262,336,284,340,298,365,224,353,263,370,271,385,272,380,226,370,255,381,264,393,267,P
450,237,419,256,389,264,367,277,350,293,361,229,331,229,311,227,293,225,369,219,357,258,375,273,391,276,382,217,371,256,388,267,404,269,397,219,385,248,395,260,407,263,P
462,235,432,253,403,258,381,261,364,264,374,227,343,224,322,220,304,218,382,218,362,250,359,272,359,286,394,215,383,252,400,262,414,262,409,217,398,247,410,256,422,256,P
465,234,436,254,406,257,386,256,370,255,376,227,346,224,325,221,307,218,384,218,365,250,362,276,361,293,398,214,387,253,404,261,417,260,414,216,404,247,415,255,426,253,P
465,234,433,253,403,257,382,258,365,259,376,226,345,225,324,222,306,219,385,218,364,251,362,275,361,291,398,215,385,253,401,261,415,260,415,217,403,247,413,255,423,253,P
457,235,426,253,396,258,374,262,356,269,367,228,337,226,316,223,297,220,374,220,354,251,355,271,356,283,387,217,376,253,393,262,408,262,402,218,390,247,402,255,414,255,P
446,236,412,255,383,263,361,274,344,288,356,229,326,229,306,228,289,226,364,221,346,255,353,273,360,281,376,218,365,254,381,262,395,262,390,219,379,246,389,256,400,259,P
428,237,395,256,368,265,347,272,329,279,337,231,309,231,288,229,270,229,344,223,327,257,324,282,324,298,356,221,346,258,362,266,377,267,370,222,359,249,370,259,382,261,P
409,238,377,261,350,269,330,274,313,276,318,237,290,233,269,230,251,229,325,227,308,262,309,285,312,299,337,223,327,261,344,268,359,267,351,223,339,251,351,261,363,263,P
400,240,369,263,342,272,321,274,303,275,310,240,283,237,263,234,246,233,315,230,299,265,300,290,303,307,326,226,317,265,336,271,353,270,340,225,330,255,343,263,356,262,P
392,242,364,265,336,273,314,275,295,275,305,241,278,240,259,239,243,237,310,232,295,266,295,291,296,307,320,227,311,266,331,275,348,274,332,226,321,257,335,266,348,266,P
398,242,372,263,348,270,330,274,314,276,315,243,285,240,264,239,247,238,319,235,303,267,308,288,316,299,328,230,319,266,338,275,355,274,340,228,331,256,344,265,358,266,P
408,242,377,265,347,275,325,284,309,292,321,241,294,239,274,237,257,235,327,233,312,270,319,292,326,302,339,229,330,270,349,278,364,277,352,228,343,258,355,267,367,267,P
429,242,401,263,373,271,352,280,337,292,342,239,313,238,292,235,275,233,349,231,333,268,338,290,342,302,360,228,351,266,369,274,384,274,375,229,365,258,377,268,389,270,P
447,247,418,265,389,270,369,277,354,286,361,238,330,237,309,235,291,232,368,230,360,269,379,280,395,279,382,229,371,267,389,274,404,272,397,232,386,260,398,270,410,271,P
465,254,435,271,408,274,388,272,373,274,381,244,349,241,327,239,309,236,388,239,359,248,340,252,325,253,400,239,387,267,399,277,412,279,416,243,406,265,414,275,424,278,P
488,304,462,308,437,305,423,306,413,313,416,270,391,257,377,250,366,244,418,266,390,252,373,245,360,239,421,266,393,251,377,245,366,240,425,270,400,256,385,249,373,243,P
549,370,525,347,497,336,474,336,457,343,488,323,452,307,431,297,414,288,487,332,449,330,438,339,434,345,487,345,455,352,454,368,461,377,489,361,465,368,463,378,466,386,P
470,253,445,252,416,258,394,270,378,283,401,232,370,231,349,230,333,228,408,237,388,260,391,268,395,268,419,247,405,271,412,277,418,275,431,258,422,282,428,287,433,285,P
270,224,300,234,327,234,344,234,359,237,348,203,374,202,392,200,408,199,343,198,358,237,359,262,358,279,333,202,339,242,322,243,310,238,322,210,327,240,314,242,306,238,P
269,226,299,237,325,237,343,237,358,240,347,205,373,205,392,203,408,202,342,200,358,239,359,264,357,279,333,204,339,244,322,246,310,241,323,213,327,244,314,246,306,242,P
268,228,298,238,324,238,341,236,355,237,345,205,372,206,391,204,407,202,340,201,356,240,358,265,357,281,331,206,336,245,320,246,308,241,321,215,323,245,311,247,303,242,P
266,230,297,240,323,240,341,240,356,242,345,205,373,206,393,205,410,204,340,201,357,241,358,265,357,281,330,206,336,247,319,249,308,244,320,216,324,248,311,250,302,245,P
269,229,301,240,329,240,348,240,362,241,353,205,382,205,404,203,421,202,346,200,365,242,365,268,363,284,335,204,341,249,322,249,311,242,323,214,326,247,312,248,305,242,P
268,225,301,240,330,241,350,238,365,239,357,198,390,198,414,196,434,196,349,192,369,239,366,266,363,283,336,197,344,246,324,247,313,238,321,207,326,245,311,247,304,240,P
265,224,299,240,332,241,354,239,372,244,362,193,398,192,425,190,448,188,352,185,374,239,373,274,370,296,336,190,345,245,323,246,308,236,318,201,325,244,308,248,299,240,P
264,228,305,249,343,251,369,252,392,263,377,187,418,190,452,189,479,188,362,177,392,249,391,295,389,322,341,183,359,258,329,263,310,250,316,197,329,254,308,260,296,248,P
244,227,288,256,331,262,358,273,379,292,371,185,423,189,462,188,494,188,358,174,396,252,394,302,390,333,337,183,355,263,320,267,296,253,313,201,324,263,299,269,283,257,P
222,236,276,266,328,270,361,273,386,285,370,188,428,195,474,195,511,197,349,175,392,267,390,320,389,351,320,184,348,278,311,280,286,262,289,205,310,275,285,281,268,267,P
207,232,265,264,322,268,361,267,392,275,374,173,444,181,498,182,542,184,350,157,398,264,399,332,399,374,316,169,347,274,308,274,283,248,278,192,303,278,274,283,255,263,P
184,234,254,269,323,270,370,263,408,265,380,176,463,184,523,185,574,185,354,156,410,275,408,348,407,393,316,167,354,286,309,286,280,256,274,191,304,288,273,291,251,266,P
173,236,256,275,333,276,384,267,429,267,395,169,487,177,559,180,617,184,367,150,426,279,423,362,424,410,327,164,367,299,317,305,288,276,284,192,314,298,282,304,264,279,P
148,242,239,271,323,270,379,265,429,272,393,169,500,179,582,180,648,183,363,151,423,285,427,367,431,417,319,165,365,307,314,313,281,284,270,194,306,305,271,310,249,284,P
131,240,232,258,319,258,382,262,436,275,386,159,479,174,547,175,602,179,351,144,410,272,414,354,416,405,306,158,351,293,309,297,278,271,259,186,297,293,269,300,249,276,P
138,222,224,226,301,226,357,240,403,260,373,148,452,156,504,153,549,153,348,137,393,245,394,316,390,365,314,148,339,257,293,262,258,247,279,170,294,253,261,256,236,239,P
154,226,233,227,302,220,353,219,393,226,366,152,431,154,473,152,510,150,348,140,389,222,388,281,378,323,321,146,339,239,302,254,273,253,292,164,306,239,278,249,255,241,P
231,204,277,222,318,226,346,228,369,234,352,170,393,167,421,164,445,162,341,159,366,216,364,250,362,270,324,159,340,219,312,225,294,219,305,167,319,211,299,219,286,213,P
206,223,261,229,304,226,333,223,355,219,337,185,381,180,403,179,423,180,329,178,355,218,360,245,358,269,316,179,311,229,276,236,247,239,305,188,300,221,277,227,254,230,P
252,275,279,283,303,283,320,280,332,276,322,259,343,270,358,278,371,285,316,256,330,284,333,303,336,316,306,257,312,289,300,292,294,288,293,262,298,288,289,291,284,286,P
496,471,486,457,468,453,452,461,438,466,444,452,421,454,407,457,395,461,443,464,419,465,405,466,392,467,446,474,438,476,450,471,460,467,452,483,446,482,455,478,463,474,P
532,432,502,415,465,409,435,417,417,431,447,390,405,392,379,394,357,395,456,402,410,431,388,451,372,465,470,421,435,456,450,457,464,449,485,443,459,469,472,468,483,460,P
449,306,421,298,391,297,367,307,356,322,365,278,333,285,309,287,291,289,372,283,349,327,346,352,343,366,383,293,372,336,387,337,394,329,397,306,388,339,400,341,408,335,P
441,284,406,302,377,303,355,309,340,319,347,260,315,263,290,262,270,262,354,257,336,308,350,322,361,322,366,264,353,314,370,318,381,310,379,274,369,312,383,319,393,314,P
430,267,393,290,359,291,335,291,316,296,324,243,287,248,259,249,233,251,333,236,313,293,332,307,344,304,348,240,328,294,349,297,360,285,365,251,348,292,364,296,375,287,P
425,257,387,285,350,287,323,289,301,295,306,238,266,242,234,245,207,249,315,229,293,289,299,327,304,348,333,231,320,290,340,294,350,282,354,241,342,287,358,292,369,281,P
423,249,381,279,341,283,312,287,289,298,295,224,250,229,217,232,188,235,307,213,284,281,295,322,303,342,327,216,312,282,334,290,345,279,349,227,334,277,352,285,365,275,P
417,239,371,272,323,275,290,277,265,285,268,209,221,218,181,221,146,223,285,194,257,277,269,327,272,350,311,194,291,275,319,285,334,270,340,205,318,264,338,276,354,265,P
416,235,364,270,312,273,276,272,248,272,257,202,200,210,158,214,121,218,274,187,246,275,258,326,264,351,300,187,280,274,312,281,328,264,329,197,307,264,331,272,348,257,P
414,233,356,274,300,279,261,278,231,278,242,202,178,214,133,220,95,227,258,187,225,281,240,334,250,359,286,187,262,280,295,287,316,270,318,199,292,269,317,276,338,260,P
411,243,344,284,284,286,242,284,210,284,229,210,158,225,110,231,68,236,248,194,209,290,222,345,233,374,278,194,248,289,283,299,308,284,311,207,279,278,303,291,326,279,P
415,247,345,286,285,290,243,290,209,292,228,211,156,228,108,234,65,239,247,197,211,294,225,350,233,379,276,198,249,295,285,302,309,287,307,212,280,285,307,293,329,277,P
431,247,359,280,300,281,261,277,228,276,249,205,182,219,140,224,103,228,267,193,227,274,239,325,252,353,293,196,265,279,297,293,320,284,321,210,294,273,318,285,340,275,P
439,236,368,261,314,264,281,266,256,267,272,191,214,197,179,199,146,199,287,181,249,246,254,294,264,324,310,183,280,252,308,268,331,267,335,193,307,245,328,256,349,250,P
441,226,373,245,326,246,295,244,271,245,295,183,245,187,216,188,190,187,307,176,267,228,274,267,285,291,323,179,296,235,320,252,341,254,339,189,317,228,333,241,351,242,P
432,220,375,239,335,240,310,242,288,245,301,183,260,183,235,181,212,180,312,175,281,225,285,260,292,282,326,176,305,230,328,243,345,243,340,185,322,224,338,233,353,230,P
425,214,377,230,343,233,320,237,301,245,314,183,276,183,254,183,234,182,321,176,296,221,306,245,314,257,331,177,313,224,335,233,350,230,341,183,326,217,342,225,355,221,P
415,218,372,234,341,232,318,229,297,230,314,188,279,186,257,185,238,185,320,181,297,224,302,253,307,272,330,180,316,226,337,234,351,230,341,185,329,220,344,226,357,220,P
409,220,370,237,339,234,318,229,298,225,313,192,278,193,255,191,236,190,320,185,296,227,299,256,302,275,331,185,315,231,334,239,348,235,342,191,327,226,341,231,354,225,P
411,222,375,242,344,238,322,235,302,234,312,190,274,194,248,194,226,195,320,183,296,232,298,265,301,285,332,185,315,236,334,244,349,239,346,194,330,232,344,238,357,232,P
416,223,378,244,345,241,321,237,300,237,310,189,268,193,238,193,213,194,319,181,293,236,298,271,302,290,334,182,314,239,336,247,351,239,350,192,332,235,349,241,363,234,P
423,229,382,252,343,247,315,242,290,242,306,189,260,191,226,191,198,192,317,178,286,240,290,282,294,308,335,179,311,241,337,252,353,244,354,188,333,237,352,244,367,235,P
425,241,378,270,331,267,300,263,276,263,290,194,241,201,202,203,168,207,306,181,268,255,274,302,276,327,328,184,296,257,323,267,341,256,353,199,323,253,343,263,362,254,P
434,245,382,278,334,278,301,278,275,277,285,196,229,203,187,205,149,208,301,184,257,264,261,316,262,344,323,187,289,267,319,277,340,266,347,203,317,262,340,272,359,261,P
441,250,386,279,329,276,291,271,262,269,281,195,219,202,175,203,137,205,298,181,254,263,260,318,263,346,324,184,288,265,318,278,339,265,352,199,318,259,340,270,359,258,P
446,252,384,284,327,283,288,281,257,279,275,197,210,201,164,202,124,204,291,183,243,266,249,320,255,349,316,184,279,269,314,282,337,269,344,198,312,263,338,274,360,261,P
454,250,385,279,329,278,293,274,261,270,281,195,217,202,174,203,136,205,297,182,253,259,258,309,265,336,320,185,284,264,316,279,340,272,346,198,315,259,339,270,361,261,P
455,236,383,257,330,260,298,265,276,274,300,188,248,194,217,198,190,199,312,179,274,237,283,280,297,305,329,181,301,241,326,259,347,261,348,190,324,233,342,247,361,246,P
440,234,380,256,336,261,310,266,290,270,302,195,258,201,232,204,209,206,312,186,283,244,299,277,316,291,326,187,303,248,325,264,344,263,341,195,320,239,336,249,352,245,P
434,231,381,252,342,255,318,257,298,259,315,201,274,204,251,208,230,210,322,193,292,243,307,272,324,284,332,194,310,246,332,262,351,263,343,200,325,237,339,249,355,247,P
157,281,202,275,244,282,269,301,285,324,267,255,308,278,337,289,360,299,247,258,270,314,279,348,286,373,225,271,248,328,260,359,268,381,204,290,229,336,240,360,251,377,P
156,282,202,277,245,287,270,311,284,338,266,255,308,278,337,289,360,298,246,257,270,314,278,349,284,374,223,271,247,327,259,359,267,381,202,289,227,334,238,357,247,374,P
158,286,203,282,245,291,269,312,283,338,267,255,309,276,338,287,362,297,246,257,269,313,277,348,282,374,223,270,247,326,257,357,264,380,202,288,227,333,238,356,245,373,P
169,285,214,284,255,286,281,299,296,317,276,245,315,264,341,274,363,283,259,248,281,298,288,329,294,352,238,262,261,311,272,338,279,358,218,282,243,322,254,343,263,360,P
185,286,229,302,262,309,285,319,304,328,287,244,324,256,349,261,372,266,272,238,295,285,300,317,303,341,254,245,278,295,284,324,288,344,237,259,260,300,266,320,271,334,P
206,275,251,274,287,273,311,277,329,288,310,239,346,255,372,263,394,271,296,237,318,284,324,314,326,336,279,245,301,291,307,318,310,339,262,260,281,294,289,314,295,331,P
217,272,259,281,293,281,317,282,335,289,315,238,353,254,378,262,400,269,303,235,326,281,332,312,336,334,287,243,307,290,315,317,320,338,270,257,289,293,295,314,300,329,P
229,292,273,295,302,291,326,296,347,305,309,233,340,223,363,214,382,207,297,228,330,254,345,280,354,301,285,235,317,264,333,288,343,308,274,248,298,273,312,290,321,303,P
227,304,269,304,299,296,321,291,340,290,298,239,331,226,354,215,372,207,287,236,323,261,339,287,348,308,277,244,312,272,328,295,339,314,269,259,298,281,311,296,321,309,P
213,310,261,312,292,302,311,295,329,294,292,246,333,246,359,244,382,243,280,246,320,281,335,307,345,327,270,258,309,293,324,316,333,333,262,277,294,304,307,321,318,335,P
210,304,255,308,288,299,308,292,327,291,296,244,335,245,362,244,385,244,284,242,320,281,333,309,342,328,272,254,307,292,322,317,332,336,262,272,291,302,303,321,314,335,P
213,292,258,298,291,294,313,296,332,303,304,240,345,247,372,249,395,251,291,239,325,284,334,313,341,334,277,251,309,294,322,320,330,339,265,270,292,303,304,322,314,337,P
218,287,262,294,296,292,318,292,337,297,315,243,354,254,380,259,403,264,301,240,329,288,334,318,337,339,286,250,312,296,320,323,325,343,271,266,294,303,303,323,311,338,P
220,284,263,290,296,288,319,288,338,293,317,242,356,254,382,261,404,268,305,240,330,286,336,316,339,337,289,250,313,294,320,321,325,341,274,265,295,301,302,319,308,333,P
222,281,265,287,299,286,321,287,338,294,319,241,358,256,384,264,406,272,306,240,330,289,335,319,338,340,290,250,313,297,321,324,326,344,276,265,296,302,303,320,308,333,P
225,271,266,268,303,269,328,278,346,292,327,243,363,265,387,278,407,291,314,243,331,296,335,326,336,347,297,252,314,303,319,328,323,348,279,267,295,305,301,324,307,338,P
229,270,270,272,304,273,328,279,345,290,327,242,363,264,387,278,406,290,313,241,333,292,336,323,337,346,295,250,314,299,320,327,323,348,278,263,296,301,302,322,308,337,P
391,411,416,389,430,358,428,333,407,322,385,295,355,267,342,264,334,270,361,301,331,281,328,306,329,333,343,310,318,293,316,316,318,342,328,320,305,305,304,319,309,336,P
249,269,290,270,329,279,357,293,377,309,347,251,381,277,405,293,425,308,332,250,347,304,349,334,351,355,312,259,329,310,335,338,341,360,291,273,309,309,316,330,324,346,P
264,267,307,274,349,285,378,300,402,314,368,254,398,284,420,305,437,325,350,253,363,313,362,345,362,369,327,262,341,318,344,349,347,373,304,275,320,317,326,340,332,358,P
268,261,313,268,357,278,388,295,413,311,371,242,403,274,427,295,446,313,353,241,367,300,368,336,369,361,330,249,344,307,350,339,354,363,308,263,322,309,330,335,337,355,P
390,421,417,397,434,367,433,339,416,317,399,289,388,242,399,251,410,271,377,290,365,250,380,284,391,317,356,296,344,256,356,284,362,316,335,305,321,276,330,290,338,312,P
188,231,240,241,278,244,305,253,325,269,292,175,338,185,369,194,395,203,271,174,305,223,320,259,330,285,250,188,285,234,301,266,310,290,233,208,264,243,277,265,286,281,P
181,225,236,238,276,240,300,244,324,256,292,169,343,182,379,193,409,205,269,169,309,226,323,266,330,296,245,185,284,243,299,279,308,304,224,209,258,255,274,280,287,296,P
180,216,239,230,281,229,307,231,334,240,293,149,345,162,384,172,419,183,268,148,310,210,326,256,335,289,241,166,284,227,304,267,317,296,218,194,255,242,274,270,288,290,P
166,207,227,220,270,221,299,229,326,245,281,131,340,144,383,155,420,168,252,131,300,188,320,236,330,272,224,151,272,210,294,253,309,284,200,180,242,229,265,260,283,281,P
146,207,211,210,261,214,294,231,322,252,272,134,332,148,371,161,406,174,244,136,291,201,310,250,322,286,214,156,262,222,284,264,298,296,188,186,231,233,251,263,266,285,P
145,235,213,242,261,243,291,253,315,270,271,158,326,169,364,183,397,199,243,157,287,221,304,265,315,299,215,175,261,237,282,277,297,307,193,202,235,250,255,278,271,300,P
153,265,215,275,260,278,289,287,312,299,279,193,326,202,358,213,386,227,256,190,292,248,305,287,311,317,230,202,267,258,281,292,289,318,207,222,241,264,256,287,266,304,P
182,294,226,306,258,310,278,316,297,324,275,248,307,255,330,263,351,271,258,244,280,288,288,318,294,340,238,253,261,296,271,322,277,341,219,269,241,302,251,320,258,333,P
168,320,221,321,256,320,279,326,300,335,272,259,306,268,330,276,351,285,256,255,278,297,285,325,290,347,239,263,262,304,271,328,277,348,222,278,243,310,251,329,258,345,P
178,319,228,323,261,323,284,330,305,340,273,266,306,274,328,280,347,286,258,263,281,302,287,327,293,343,240,271,265,310,275,331,283,347,224,285,247,315,256,331,263,342,P
228,320,254,313,279,313,296,310,311,310,274,343,287,359,294,366,301,371,263,348,278,366,288,373,296,379,250,350,263,367,274,377,285,384,234,347,237,363,241,373,247,380,P
566,325,534,320,502,315,478,313,456,314,498,276,472,289,458,299,447,305,512,280,488,319,481,344,477,361,528,292,509,334,519,337,527,330,543,307,525,340,533,342,541,335,P
564,317,530,312,502,308,479,309,460,314,503,266,474,276,459,292,451,306,517,269,485,288,472,311,468,331,532,281,502,300,491,321,488,338,546,297,521,314,508,329,502,340,P
500,208,467,196,437,208,416,229,404,244,420,214,385,233,365,242,350,247,429,230,420,270,426,279,431,277,445,245,436,281,439,284,443,278,462,256,454,286,455,287,457,282,P
513,207,479,207,444,215,419,225,398,235,420,197,385,222,361,235,341,245,434,195,415,242,413,274,414,297,453,202,438,249,434,276,431,293,474,213,459,251,454,270,449,283,P
505,203,465,210,430,221,405,233,389,247,402,195,368,218,343,233,321,245,417,191,400,242,398,275,399,299,439,198,423,251,418,282,416,304,462,211,446,250,438,272,432,288,P
506,202,465,208,426,220,399,233,379,247,401,195,364,219,338,234,315,246,416,192,399,244,398,276,399,298,437,199,422,251,416,281,413,303,461,210,445,248,436,270,429,287,P
507,202,466,205,428,218,403,233,386,247,398,193,363,220,337,235,314,247,413,192,398,244,396,275,396,298,435,199,420,250,414,280,410,303,459,210,444,249,434,272,427,289,P
512,193,467,197,421,206,388,217,363,228,399,170,357,197,327,212,302,226,418,172,393,228,386,264,383,292,444,184,418,241,406,271,400,293,471,203,442,244,428,266,418,282,P
519,188,469,203,423,212,390,221,366,229,396,165,352,194,320,211,293,225,416,162,390,224,384,265,382,294,443,173,415,236,405,272,401,297,471,192,442,239,429,265,421,284,P
533,178,480,187,425,192,385,199,355,206,401,143,348,176,309,195,277,211,424,141,390,212,380,258,374,292,454,155,420,228,406,270,397,298,483,178,449,234,432,264,420,284,P
545,178,493,207,444,228,416,257,390,283,401,138,345,167,305,182,270,194,421,131,384,202,375,249,371,282,451,142,414,212,399,253,391,282,481,164,447,213,430,238,419,254,P
516,192,466,185,410,184,372,191,349,206,378,137,316,167,274,187,241,204,396,142,346,210,343,254,347,277,421,160,368,218,367,255,374,272,445,182,399,219,390,243,391,254,P
484,185,430,161,374,164,332,175,307,188,329,138,277,169,239,186,207,200,340,144,301,205,294,245,293,273,359,160,323,217,316,252,317,277,382,180,355,223,348,246,348,265,P
452,173,390,167,336,180,300,201,274,219,302,126,252,156,217,173,187,189,315,129,278,188,271,228,269,257,335,143,301,195,291,231,285,259,357,161,332,200,320,224,311,244,P
412,182,351,170,300,171,265,173,239,175,267,133,218,159,186,175,158,188,275,137,239,189,231,227,227,255,288,151,257,196,248,233,244,262,304,170,279,201,270,226,264,248,P
382,177,326,198,279,208,246,217,221,227,244,137,195,167,164,182,137,195,254,133,216,190,211,231,213,261,270,144,237,199,231,238,230,267,287,163,263,204,256,231,253,253,P
406,195,358,194,309,208,278,233,255,255,280,166,227,184,196,196,172,204,293,169,252,209,249,237,252,255,314,180,277,218,267,247,262,269,337,197,305,226,289,251,277,273,P
267,242,287,235,311,239,328,251,337,262,325,229,345,241,362,248,374,255,317,236,333,263,341,282,347,296,307,247,317,274,319,289,318,299,295,260,303,281,304,292,304,301,P
266,236,286,231,313,239,329,254,338,267,328,227,354,236,374,241,390,246,319,233,338,264,349,285,357,300,305,243,315,283,303,287,294,284,290,255,299,286,289,289,282,285,P
258,237,279,232,309,239,326,256,338,269,327,221,358,226,381,227,402,228,317,225,339,260,350,282,361,297,302,235,313,281,299,285,290,279,285,248,296,285,285,286,278,279,P
248,240,271,230,305,232,328,247,343,260,320,208,355,203,380,197,401,193,312,215,345,242,362,260,376,273,301,229,321,267,305,270,294,263,289,246,307,277,294,279,284,274,P
244,253,271,250,308,253,335,268,356,278,321,218,360,210,388,205,410,199,314,223,352,255,374,277,390,292,303,236,324,281,307,289,296,286,292,254,310,290,298,295,290,292,P
240,257,270,248,308,251,336,267,357,279,322,217,363,210,391,205,413,201,315,224,354,257,374,280,389,295,303,238,325,282,307,289,293,285,292,256,310,290,297,294,287,290,P
242,254,271,238,310,238,337,252,356,267,328,209,369,204,396,200,419,196,323,219,357,251,376,272,390,286,312,234,329,275,313,282,301,280,301,252,314,284,301,289,292,287,P
257,246,288,230,328,232,354,254,372,273,349,204,391,202,418,200,441,199,341,216,380,249,398,272,410,288,328,233,350,275,334,278,321,270,314,252,332,284,319,285,310,276,P
275,242,306,224,346,222,373,238,392,253,368,202,413,201,443,201,469,202,360,214,399,248,418,272,432,289,347,233,371,275,354,275,341,266,334,252,353,286,339,284,330,275,P
293,232,325,214,369,212,401,227,422,242,387,191,434,191,465,190,491,191,378,205,422,240,441,266,454,284,365,225,395,266,377,265,363,255,352,246,375,276,362,276,352,268,P
313,227,350,209,395,213,426,236,444,258,415,185,462,187,493,189,520,191,408,201,454,241,474,270,487,289,397,220,420,265,398,262,382,248,383,242,399,275,382,273,372,264,P
312,217,351,201,397,208,426,233,445,255,416,177,469,179,503,179,531,179,409,191,452,233,476,264,494,287,398,211,414,260,395,260,381,250,385,235,395,272,380,271,370,263,P
285,210,325,183,375,181,409,199,431,222,392,164,443,163,476,163,503,163,386,188,443,228,451,253,450,264,374,215,424,255,412,257,395,248,360,242,388,265,376,258,362,247,P
98,201,127,180,165,169,196,174,219,180,170,141,220,123,250,110,277,100,165,165,213,182,239,200,257,217,157,191,174,220,156,226,138,227,145,214,149,237,131,240,115,240,P
57,201,93,178,139,166,170,173,189,182,138,134,189,120,219,108,246,97,122,151,184,180,219,204,244,222,106,177,152,220,138,227,119,222,94,204,134,238,122,242,104,236,P
37,212,79,197,123,186,156,192,182,197,126,134,175,119,207,105,235,92,107,144,171,176,208,204,237,224,89,167,141,219,126,227,109,219,75,195,122,237,111,241,95,232,P
43,208,72,172,115,153,148,157,173,165,126,129,182,113,215,100,244,88,122,153,184,177,222,203,251,222,114,182,148,213,125,217,102,210,103,210,126,235,110,237,93,231,P
70,203,98,176,141,158,177,162,205,168,158,123,210,102,245,89,276,80,157,147,219,167,254,188,281,203,149,173,184,210,153,216,129,209,138,198,162,227,140,230,123,221,P
93,189,131,163,186,151,227,164,259,177,194,101,248,90,285,79,318,71,178,115,250,153,291,182,324,203,162,141,219,195,195,201,173,190,147,171,195,213,178,217,161,207,P
124,181,167,154,224,145,266,163,295,181,232,94,288,87,325,78,358,73,216,111,278,151,315,180,345,202,199,137,252,186,229,191,207,183,185,168,231,203,214,206,196,196,P
158,191,199,161,254,150,297,166,327,184,267,101,327,96,365,88,398,83,254,120,314,163,345,192,368,211,238,148,289,192,269,198,247,191,223,179,267,208,253,211,235,204,P
200,197,236,164,287,149,328,160,357,177,311,106,370,102,407,95,438,91,302,123,361,166,393,191,419,208,289,149,336,188,319,196,303,195,276,179,313,202,299,207,285,202,P
235,192,274,161,323,149,360,162,387,178,345,112,404,109,440,105,471,102,338,128,390,166,418,192,439,210,327,152,365,197,343,206,323,202,317,179,348,211,329,215,312,208,P
256,199,298,179,351,175,388,194,414,214,370,131,422,127,457,123,487,120,359,145,413,189,438,219,453,240,344,166,383,219,361,222,341,212,328,191,356,229,340,231,326,222,P
264,231,303,203,351,193,387,201,414,216,372,165,424,162,456,158,482,157,366,181,414,215,436,243,448,265,355,202,384,244,371,251,355,249,342,226,362,259,353,266,343,265,P
246,262,278,231,322,219,355,233,374,251,340,196,386,184,412,182,432,182,338,209,392,198,419,194,439,193,332,231,370,257,354,265,337,264,323,256,347,279,333,284,319,281,P
217,283,245,251,286,234,319,239,342,251,299,214,353,205,384,200,409,197,295,233,337,259,354,277,364,287,286,255,313,279,300,281,283,276,275,276,293,291,281,290,268,286,P
174,280,205,256,246,241,278,243,300,252,260,212,307,206,335,202,359,200,246,224,297,256,321,278,339,291,232,244,273,282,258,290,240,285,219,268,257,297,249,304,238,300,P
140,290,178,271,214,254,239,248,257,253,216,215,259,205,286,199,307,196,203,227,253,253,280,272,298,286,191,246,227,277,218,289,205,293,181,267,205,292,198,300,187,301,P
158,281,170,258,194,245,214,251,230,262,200,232,239,217,265,211,286,207,202,249,237,263,241,275,242,279,202,268,227,281,215,283,204,279,200,285,220,292,210,292,201,289,P
589,343,573,320,551,300,527,291,507,286,557,277,519,279,504,282,498,282,564,293,515,305,511,312,514,313,569,314,520,328,528,335,541,333,572,336,531,344,538,348,552,347,P
578,336,558,312,535,291,513,285,492,287,543,266,507,265,482,263,462,259,553,279,507,295,480,311,462,325,558,301,512,316,489,326,474,333,560,326,527,338,520,343,518,344,P
571,328,556,304,526,285,497,281,477,287,520,259,476,260,449,257,429,252,529,272,471,295,449,317,437,334,535,295,485,318,488,327,498,328,537,320,497,337,502,341,516,338,P
553,331,535,304,504,283,473,279,452,288,505,254,457,253,429,248,405,243,509,269,456,288,432,306,417,317,511,292,464,309,473,319,488,321,513,316,474,325,478,332,489,333,P
546,332,528,300,496,276,462,272,439,283,486,249,436,250,403,246,376,244,487,264,433,282,413,300,401,312,489,287,442,307,456,316,474,315,491,311,453,321,464,328,480,328,P
516,323,488,286,448,258,410,252,381,257,448,227,402,233,372,236,349,237,451,245,395,259,381,276,380,289,453,269,402,282,404,293,416,297,456,296,411,301,411,308,421,311,P
486,313,463,268,429,241,397,233,375,237,412,213,362,217,331,215,305,211,410,227,359,248,348,269,346,282,408,249,368,274,379,284,393,283,409,275,376,290,387,298,401,298,P
471,292,446,251,408,228,370,223,344,225,401,194,345,196,314,195,289,189,399,208,341,230,337,253,344,266,396,229,354,256,365,271,382,272,394,254,365,274,377,286,392,288,P
451,273,431,231,404,207,379,196,362,195,377,177,326,178,298,176,272,172,375,189,322,212,312,234,310,248,373,209,335,238,350,251,367,254,372,233,344,252,357,264,373,267,P
436,257,412,216,377,194,343,191,321,200,362,162,309,165,280,163,256,158,358,173,308,203,296,227,289,241,356,193,321,230,340,243,358,242,354,216,331,245,347,256,363,254,P
432,253,408,211,372,188,338,185,314,194,359,159,303,162,275,161,251,156,355,170,305,201,290,226,281,242,353,190,319,226,337,238,355,238,351,214,328,240,344,248,360,246,P
433,245,404,211,366,191,330,190,304,198,355,151,302,157,273,155,250,150,356,161,307,191,297,215,295,229,357,181,320,215,332,229,346,229,357,204,329,229,340,238,354,238,P
456,233,423,205,388,186,358,182,337,184,391,129,337,132,308,129,286,121,396,137,342,167,336,191,339,203,400,155,356,193,373,207,391,206,403,176,368,206,382,221,400,223,P
482,225,445,198,412,177,383,169,360,170,413,126,355,128,325,124,300,117,416,132,359,166,347,193,343,209,418,149,372,192,389,210,408,209,419,171,384,205,399,218,417,215,P
476,231,437,202,401,180,373,169,355,168,409,130,354,133,324,130,300,123,414,138,359,170,345,194,339,206,418,157,373,198,388,212,404,209,420,181,386,212,398,224,413,222,P
456,272,424,236,385,209,349,197,323,195,381,174,334,182,307,189,287,193,388,186,333,217,312,244,301,265,393,206,344,239,343,258,348,268,397,230,357,253,353,266,356,276,P
444,309,418,278,386,257,355,251,334,253,369,225,320,234,296,235,275,233,370,234,323,265,312,289,307,305,372,250,340,288,354,300,369,299,375,271,350,299,363,307,378,306,P
413,290,398,268,370,254,342,256,325,266,362,226,322,235,298,237,279,237,361,234,322,260,310,283,305,300,361,247,332,278,344,289,355,289,363,264,341,288,351,295,362,292,P
423,306,397,277,370,257,344,251,325,253,357,224,317,236,295,239,276,239,356,229,317,261,307,286,302,303,356,242,327,278,341,295,355,300,358,258,336,287,348,298,362,301,P
420,289,408,271,385,254,362,250,344,254,380,232,346,239,324,242,306,245,384,242,348,255,334,270,328,280,388,259,354,270,340,281,335,288,390,279,364,283,352,288,348,291,P
