120,365,151,335,164,299,162,265,154,237,166,278,167,251,155,268,146,291,140,282,137,255,131,284,132,311,118,284,114,269,115,296,118,321,96,284,92,262,91,269,96,280,T
123,365,154,336,167,302,164,267,157,239,166,278,167,253,159,270,153,290,141,282,138,255,135,285,135,311,119,285,116,270,118,298,120,323,97,286,93,262,94,268,99,277,T
123,363,156,334,166,299,163,265,156,238,165,276,168,249,160,267,153,290,140,277,138,254,135,287,135,314,118,281,117,267,118,299,120,324,94,283,94,262,96,279,99,296,T
124,366,155,338,167,299,161,264,153,237,164,280,168,252,161,266,154,289,139,281,139,255,134,287,134,316,117,284,117,269,118,300,120,326,94,288,93,265,95,276,99,289,T
124,365,154,338,166,301,159,264,152,237,165,277,168,249,160,267,153,291,140,278,139,254,134,286,135,314,117,282,117,268,118,299,121,325,94,286,95,264,96,278,98,291,T
124,366,155,338,167,300,161,264,152,237,165,278,169,251,161,266,154,289,140,279,140,255,134,286,134,315,117,283,117,270,118,301,120,327,94,288,93,265,95,272,99,281,T
123,365,154,337,165,300,159,264,152,237,164,278,169,250,160,268,153,292,140,279,139,255,134,287,135,316,117,282,117,268,118,300,121,326,93,285,94,265,95,277,99,290,T
125,366,155,338,166,300,158,264,152,237,166,280,170,250,160,267,152,292,141,281,140,256,134,288,134,317,118,285,117,271,118,302,121,327,95,288,94,267,96,277,98,288,T
124,369,155,341,167,303,162,266,153,239,164,280,168,254,159,272,152,297,140,282,139,258,134,291,134,319,117,286,116,272,117,303,120,329,94,291,92,268,94,276,97,285,T
122,368,154,338,165,302,160,267,152,241,163,280,167,254,159,272,152,296,138,282,138,259,134,290,134,318,115,285,116,272,117,302,119,328,92,289,92,269,94,282,96,296,T
123,370,154,340,165,303,159,268,152,241,163,281,167,255,158,273,150,298,138,283,137,259,132,292,133,321,116,287,115,274,115,306,118,332,92,291,92,269,92,278,95,288,T
122,370,153,343,165,305,158,269,151,241,163,283,168,255,159,273,151,298,138,284,138,260,132,293,132,322,115,288,115,274,115,307,118,333,91,292,92,270,93,280,96,291,T
123,371,153,345,166,306,159,270,151,243,165,283,169,255,158,272,150,298,140,284,138,261,132,294,132,323,117,288,115,275,115,306,119,332,93,293,93,271,93,279,96,288,T
124,371,155,341,166,304,160,269,152,242,166,283,170,255,160,274,151,299,141,284,139,260,134,293,134,321,118,287,117,275,117,306,121,331,95,291,95,271,95,281,98,291,T
126,371,156,343,168,305,160,269,153,242,167,283,171,255,161,273,152,298,143,284,140,261,134,293,135,322,120,287,118,275,118,306,122,332,97,292,96,271,96,280,100,290,T
129,370,160,340,170,304,162,269,155,242,169,283,173,256,164,274,156,298,145,285,143,261,139,293,140,320,123,289,121,276,122,306,125,330,99,293,98,271,99,282,102,294,T
129,372,160,344,171,306,164,270,156,244,170,285,174,257,165,274,157,299,145,287,144,263,139,295,139,324,123,290,122,277,122,308,125,333,100,294,99,273,100,281,103,290,T
128,372,158,344,170,307,164,272,156,244,166,286,172,259,164,276,156,300,143,287,143,263,138,294,139,322,120,291,122,276,122,306,124,332,97,296,97,273,98,283,101,295,T
124,372,156,342,167,306,162,273,153,245,164,287,170,259,163,274,156,297,140,289,140,265,135,295,135,323,117,293,118,279,118,307,120,332,93,296,93,274,94,283,96,294,T
123,374,155,344,166,307,160,273,153,246,164,286,168,260,159,278,151,303,139,288,138,264,133,297,133,325,116,292,116,279,116,310,119,336,93,296,93,273,94,283,96,293,T
123,374,155,345,166,307,160,273,152,246,164,286,169,259,159,278,151,302,139,288,138,264,133,297,134,325,116,291,116,279,117,309,119,335,92,295,93,274,94,283,96,292,T
124,375,155,346,166,309,159,273,152,246,165,287,170,259,158,278,150,303,141,289,138,265,132,298,133,326,118,293,116,280,116,310,120,335,95,297,95,277,95,283,97,290,T
127,375,157,346,168,308,161,274,153,247,167,288,173,259,162,278,153,303,143,289,142,266,136,298,136,326,121,293,119,280,120,310,123,335,97,297,97,277,98,286,100,296,T
127,375,157,347,169,309,163,274,156,247,167,288,173,260,162,279,153,303,143,289,142,265,136,298,136,327,121,292,120,280,120,311,123,337,97,296,96,276,97,285,100,295,T
126,375,155,348,169,311,164,275,156,248,165,288,171,261,162,278,154,301,142,288,141,265,137,297,136,325,119,292,119,279,120,310,122,336,95,296,95,274,97,286,100,299,T
124,374,156,345,167,309,162,275,154,248,166,288,171,261,162,279,154,303,141,289,141,266,136,297,136,326,118,292,119,279,119,309,121,335,94,295,95,275,97,289,99,303,T
129,374,162,346,173,312,168,277,157,250,170,288,173,261,166,281,160,304,147,291,145,268,142,299,143,325,125,295,124,281,126,310,129,335,102,298,100,277,101,288,105,302,T
425,428,391,419,374,390,375,363,381,343,380,361,366,340,365,342,371,349,401,355,393,342,394,362,399,375,423,355,412,352,411,373,415,383,442,360,431,358,428,374,430,382,T
352,340,325,326,311,295,313,268,318,245,324,266,318,257,316,261,315,268,343,263,333,263,330,291,328,314,362,265,350,268,346,297,344,319,381,272,368,269,361,291,359,307,T
345,337,315,325,301,291,306,262,314,241,314,258,309,249,314,246,321,245,336,255,327,258,324,288,324,310,356,260,345,266,339,297,337,317,376,270,364,269,355,290,351,304,T
348,336,316,317,304,282,311,253,319,229,317,249,305,245,306,262,308,281,338,246,326,252,324,283,324,307,358,251,345,259,339,290,338,312,377,261,364,263,355,286,351,300,T
347,334,314,315,303,277,313,248,323,223,316,242,303,239,304,264,306,287,338,240,325,251,324,284,324,308,359,246,346,257,340,290,337,312,378,257,366,261,356,285,351,299,T
348,338,314,317,304,279,314,249,324,224,317,245,304,241,306,264,308,287,340,242,327,253,325,287,325,311,361,248,347,260,341,292,339,314,380,259,367,262,358,286,354,301,T
351,340,319,321,310,282,322,252,333,227,319,247,307,242,310,267,314,291,343,244,331,256,331,289,332,313,365,250,352,264,347,295,345,317,384,261,372,266,364,290,359,305,T
355,343,322,323,313,283,326,253,338,228,322,248,311,244,314,269,317,293,346,245,335,256,334,290,334,315,368,251,355,265,350,297,348,319,388,262,375,267,367,291,362,305,T
358,343,323,322,313,284,324,253,335,227,322,248,310,245,314,270,317,294,346,245,335,258,334,293,334,317,368,251,356,265,350,298,347,319,387,262,376,269,367,292,363,305,T
355,343,321,325,311,286,323,255,333,229,319,250,308,246,312,271,316,295,343,247,334,259,333,294,333,318,365,252,355,266,348,298,345,320,384,263,374,270,365,293,361,306,T
353,343,319,325,308,287,319,256,328,231,319,250,306,248,310,271,313,294,341,247,331,260,330,295,331,318,363,253,353,267,345,300,343,320,382,264,372,270,362,294,358,307,T
352,344,318,326,308,287,319,256,330,231,317,251,306,247,310,271,313,295,340,247,331,260,329,294,329,319,362,253,352,267,345,299,343,321,381,264,371,270,362,294,357,307,T
354,344,318,324,308,287,322,256,333,232,319,252,306,248,309,273,313,296,341,249,331,261,330,295,330,320,363,255,352,269,345,302,342,323,383,265,371,272,362,297,358,311,T
355,345,319,325,308,287,320,257,332,233,321,251,308,248,311,273,314,296,344,249,332,261,330,295,330,320,365,255,353,268,345,301,343,322,384,265,372,271,362,295,358,309,T
356,345,319,325,308,288,321,257,333,232,320,252,307,249,311,274,314,297,343,250,331,262,330,297,331,321,364,256,353,269,346,302,344,323,384,267,372,272,362,296,359,310,T
357,345,320,324,309,288,322,257,334,233,323,251,308,249,311,275,315,298,345,249,332,262,330,297,331,321,366,256,353,269,346,302,344,323,385,266,372,272,363,297,360,310,T
357,346,320,325,310,288,322,258,333,233,322,253,309,249,313,274,317,297,344,251,333,262,331,297,332,322,366,257,354,269,348,302,346,323,385,267,374,271,364,296,361,309,T
358,345,321,325,310,288,322,257,334,233,325,251,310,250,314,275,318,298,347,249,335,262,333,297,334,321,368,255,356,269,349,302,346,323,387,266,375,271,365,296,361,310,T
356,346,322,327,311,289,323,258,334,233,325,251,313,249,315,274,319,297,347,249,337,262,334,296,335,321,368,255,357,270,351,303,349,324,387,266,376,271,367,296,363,310,T
359,346,323,326,313,288,325,257,336,232,326,252,313,250,316,273,320,296,348,250,338,263,336,297,337,321,369,256,359,271,352,303,351,325,388,266,378,273,369,297,365,312,T
360,346,323,325,313,288,325,258,336,233,325,253,313,250,316,273,320,296,347,252,338,263,335,298,336,322,369,258,359,270,351,303,349,324,389,268,378,272,368,297,364,310,T
360,346,323,325,312,289,323,259,334,234,326,252,313,250,316,273,320,294,348,251,338,263,335,297,335,322,369,257,359,270,351,303,348,323,388,267,378,272,367,297,363,310,T
359,346,323,325,312,289,324,259,333,234,327,252,313,250,316,273,320,295,349,250,338,262,335,297,336,321,370,256,359,269,351,303,349,324,389,266,378,271,367,296,364,310,T
244,311,270,297,284,265,284,240,283,222,276,242,284,222,285,240,280,250,258,243,265,225,268,253,264,258,240,247,247,233,253,260,248,266,221,254,231,243,237,261,232,265,T
246,307,272,291,286,260,286,234,287,216,275,238,281,220,284,240,279,249,258,239,265,222,269,250,263,254,241,244,249,229,254,257,249,262,222,251,233,239,240,257,234,263,T
250,302,276,290,290,257,286,231,284,214,279,236,285,216,287,234,284,244,262,237,269,220,272,246,268,250,245,242,252,228,257,253,253,258,227,248,236,237,242,254,238,258,T
261,299,288,283,302,251,306,227,307,213,288,231,296,213,298,236,294,242,273,233,281,218,284,244,280,246,257,238,266,223,271,248,266,252,241,245,251,234,256,250,251,255,T
285,300,313,284,327,252,329,229,330,213,318,231,326,214,329,231,327,240,302,230,311,216,313,240,310,245,285,233,296,221,299,244,295,250,266,238,280,230,284,246,280,251,T
297,297,324,281,339,251,344,229,343,212,331,231,341,214,343,232,339,243,316,231,325,215,327,239,323,244,299,233,309,219,312,242,308,248,280,237,293,228,297,244,293,249,T
322,293,347,280,364,247,369,222,371,203,359,226,371,209,372,227,367,235,343,224,354,209,354,236,349,240,325,226,337,215,338,242,331,245,305,230,320,221,323,240,317,244,T
327,292,353,280,370,248,374,223,375,201,366,226,378,210,380,226,374,236,348,223,360,208,358,235,352,239,330,224,342,213,342,241,334,244,309,229,325,221,327,241,320,244,T
328,291,354,280,372,248,374,222,375,200,369,226,384,211,385,223,377,234,351,222,364,206,361,233,354,239,332,223,345,211,345,238,338,243,311,227,327,220,330,240,323,244,T
327,290,353,280,371,248,372,222,373,199,367,226,381,211,384,223,378,234,350,222,362,205,361,232,354,239,331,223,344,210,345,238,337,243,311,228,327,219,329,238,322,243,T
323,290,349,279,365,247,367,221,368,199,361,225,372,210,377,222,374,233,344,223,354,206,355,232,349,240,326,224,337,212,338,238,332,242,305,229,320,220,323,238,317,242,T
317,289,344,280,360,246,361,220,363,199,355,224,365,209,369,222,365,232,338,222,348,206,349,231,344,238,320,224,330,212,332,237,327,242,299,230,313,220,317,238,311,242,T
294,283,322,272,337,241,342,215,341,199,330,220,332,199,334,220,334,228,313,220,316,203,319,228,318,232,296,223,300,207,304,232,303,237,278,228,284,215,289,232,288,237,T
267,280,294,267,309,235,309,208,308,188,304,214,308,195,311,211,309,221,286,213,291,195,292,219,289,223,268,215,273,201,276,225,272,228,248,220,256,210,260,226,256,230,T
258,278,284,267,298,234,297,205,297,184,296,214,303,196,305,212,302,222,276,212,281,194,282,221,279,224,257,215,263,200,265,227,261,230,237,220,246,209,250,227,246,230,T
254,276,280,262,292,231,293,204,291,185,287,213,293,195,296,208,293,216,270,212,276,193,277,218,274,221,252,215,258,199,261,225,257,228,233,220,242,209,246,226,242,230,T
253,271,278,258,291,228,289,202,289,182,283,210,290,194,295,205,295,213,266,209,273,189,275,214,273,221,249,212,256,196,260,222,257,229,230,219,240,206,246,224,243,230,T
252,267,276,254,289,225,291,200,290,181,283,208,290,190,292,203,290,210,266,207,272,188,273,212,270,217,249,210,255,194,259,219,255,225,230,216,239,204,245,221,242,227,T
252,262,276,250,289,222,290,197,290,179,282,205,290,188,291,200,287,207,266,204,272,185,273,209,270,215,249,207,255,191,259,216,255,222,231,212,240,200,245,217,241,223,T
252,261,275,250,288,222,290,198,288,180,283,205,292,189,292,198,287,205,267,203,272,185,273,209,269,216,250,206,255,192,258,216,254,222,231,211,239,200,244,217,241,222,T
248,257,272,243,284,217,286,197,284,183,277,202,281,186,281,198,280,207,263,202,266,185,267,205,266,213,247,205,252,192,254,212,252,219,230,211,238,200,241,213,239,219,T
235,258,257,245,271,220,274,198,271,183,268,205,273,189,271,201,268,208,253,204,256,187,256,207,254,213,237,207,239,193,241,214,239,220,219,212,224,202,227,216,226,220,T
235,257,257,243,269,220,272,198,269,182,268,206,274,191,272,200,268,207,253,204,256,187,255,207,254,212,237,206,239,193,241,213,239,218,219,211,225,202,228,215,226,219,T
224,256,246,243,259,218,259,195,255,181,258,205,265,191,261,199,254,206,241,203,243,187,243,208,242,214,225,206,226,192,228,214,227,220,207,211,211,201,214,215,213,219,T
224,255,245,242,257,218,256,195,254,181,256,205,264,190,259,199,251,207,240,203,242,187,241,209,240,214,223,206,225,193,227,215,225,220,206,211,211,202,214,216,212,220,T
221,257,241,244,254,220,253,197,252,182,254,206,261,191,256,199,247,205,237,204,239,188,238,210,237,215,220,206,222,194,224,216,222,221,202,211,207,202,211,217,210,221,T
221,257,242,244,257,220,255,196,253,181,255,206,261,191,256,200,250,207,239,204,239,188,239,208,240,213,223,207,223,194,224,215,224,218,206,211,209,203,211,216,211,219,T
232,255,257,244,268,218,269,195,265,182,259,201,259,185,261,201,261,209,245,202,246,187,249,207,248,213,231,206,233,192,237,212,236,219,215,211,221,200,225,213,224,219,T
250,256,274,244,285,218,288,197,291,183,279,203,282,188,284,196,285,202,266,202,270,186,271,203,270,210,251,205,255,191,257,209,256,217,234,210,240,199,244,211,244,217,T
257,253,280,244,292,217,293,195,293,181,286,202,290,187,292,198,291,205,272,202,275,185,277,204,276,212,257,204,261,191,264,211,262,218,240,209,247,198,250,212,248,217,T
271,252,293,244,308,218,307,195,307,179,304,203,312,189,313,196,310,202,288,200,295,183,294,203,291,210,271,201,278,188,280,210,276,216,252,205,262,195,266,211,264,216,T
273,253,295,244,311,219,311,196,309,180,306,204,317,191,315,197,309,201,290,201,296,184,295,205,292,211,273,202,279,187,281,211,277,216,253,206,262,196,267,212,264,216,T
275,262,297,253,312,227,316,205,315,190,301,208,307,193,309,209,307,215,287,207,294,192,296,214,292,219,272,210,279,197,282,220,278,226,254,214,264,205,268,221,265,227,T
281,279,300,272,309,248,311,226,318,210,297,227,296,212,298,225,300,238,281,230,283,225,286,247,288,261,267,237,269,231,273,252,274,264,254,245,254,236,257,249,259,256,T
493,347,463,341,440,309,435,281,430,261,456,277,455,255,455,276,458,296,476,276,473,248,470,272,472,293,495,280,492,257,488,279,489,295,515,289,509,271,504,287,503,300,T
476,322,438,300,420,271,417,247,413,228,435,249,429,228,425,236,426,243,451,245,445,220,441,232,443,240,470,247,463,224,458,237,461,245,490,253,481,235,476,246,477,253,T
458,294,417,271,401,238,404,214,407,194,412,219,401,197,399,207,403,217,430,214,422,186,418,205,423,216,450,215,440,194,437,215,443,225,472,221,460,205,455,221,460,229,T
450,270,412,257,392,226,400,199,410,181,399,203,384,176,388,192,397,210,420,196,410,162,410,189,415,207,441,196,431,175,430,204,435,217,464,201,452,187,449,206,453,214,T
448,265,414,253,397,224,399,197,400,177,403,199,386,173,386,189,395,206,423,192,411,159,410,190,418,206,443,193,432,174,430,203,438,213,467,198,452,186,449,205,455,210,T
456,256,422,246,403,216,406,190,410,171,408,191,393,165,396,183,404,200,428,185,419,154,419,182,424,199,450,187,441,166,438,194,444,205,473,192,462,180,457,198,462,204,T
465,251,429,242,410,213,417,186,425,167,417,188,400,161,403,178,413,195,438,181,427,149,426,178,434,194,459,183,450,162,446,192,453,203,483,187,470,175,465,194,470,201,T
470,250,434,240,414,211,419,183,424,163,419,187,403,162,405,176,414,194,441,180,431,147,430,177,436,195,462,181,453,161,450,190,456,202,487,187,473,173,469,193,474,200,T
473,252,436,241,417,212,421,182,424,161,424,187,406,162,407,176,417,193,445,181,435,146,433,176,439,194,466,182,456,161,453,192,460,203,491,187,476,174,472,193,477,201,T
473,252,435,242,416,211,420,181,426,159,424,187,406,161,408,177,418,193,445,181,435,147,434,177,441,194,467,182,456,162,454,192,461,204,490,188,477,173,473,193,478,200,T
464,252,425,242,406,211,414,183,424,163,412,188,397,162,400,179,410,196,434,182,425,149,424,177,431,195,456,182,448,161,444,189,449,202,480,187,468,175,463,193,467,200,T
449,253,412,242,394,211,399,183,406,161,400,190,383,165,385,180,394,197,421,183,411,151,410,177,416,197,443,184,431,164,429,192,435,204,466,188,451,177,447,194,452,201,T
441,252,405,244,385,213,391,186,400,167,392,191,375,165,377,181,387,198,411,183,401,150,400,178,407,197,432,184,422,164,420,192,427,204,456,188,442,177,438,195,444,201,T
435,254,399,246,379,216,385,190,393,172,384,194,367,167,370,182,380,199,404,186,392,152,393,180,400,198,425,185,412,166,412,193,420,204,448,188,432,178,430,196,436,201,T
437,254,402,246,381,216,385,188,393,168,386,193,370,168,371,185,380,201,405,186,394,154,394,182,401,199,426,186,414,167,414,196,421,207,449,190,434,178,432,197,438,205,T
447,257,410,249,387,219,390,189,396,167,390,197,373,173,378,189,388,206,410,190,398,158,400,184,407,202,432,189,420,169,421,197,427,209,456,192,441,180,439,199,445,207,T
