185,357,216,337,228,306,215,280,192,273,231,285,235,261,228,273,223,284,211,282,210,257,205,272,203,283,191,282,190,260,189,268,186,280,173,283,174,265,173,269,173,279,S
183,358,214,338,227,307,215,281,192,275,229,286,234,261,229,271,225,283,209,282,210,257,206,270,203,284,190,282,189,258,188,266,186,280,171,284,171,263,172,267,173,278,S
176,358,207,336,220,304,203,280,177,277,224,282,225,256,219,279,218,292,203,279,199,257,196,281,196,292,182,279,179,260,180,277,180,289,163,280,161,264,163,273,165,283,S
176,359,208,335,217,305,201,282,177,276,221,285,223,259,219,271,217,284,199,284,198,259,194,273,193,285,179,285,177,262,177,268,175,280,161,286,161,266,161,268,162,276,S
174,359,205,337,217,305,201,281,176,277,219,284,222,259,216,273,211,285,198,282,197,257,191,272,189,286,178,282,176,260,174,269,173,282,160,284,161,265,161,269,161,280,S
171,360,202,337,214,305,198,281,173,277,218,285,220,259,214,275,211,288,196,283,194,258,189,275,189,287,176,283,173,260,173,270,172,282,158,284,156,265,157,269,158,279,S
166,361,197,338,208,307,192,282,167,276,214,283,212,257,207,278,205,293,192,281,188,258,184,280,183,293,170,281,167,260,168,277,168,289,151,282,150,265,151,273,151,282,S
162,361,193,340,205,308,190,282,166,275,211,282,208,256,204,279,203,294,188,280,183,257,180,282,181,293,167,279,163,260,164,278,165,290,147,281,145,264,146,274,148,284,S
162,361,192,339,203,309,189,284,166,273,210,283,208,257,203,277,203,291,187,282,183,258,180,280,179,292,165,282,162,260,162,274,162,287,146,283,144,264,145,270,146,280,S
161,360,192,337,202,307,186,283,160,275,207,282,208,258,201,275,199,287,185,282,182,257,176,276,175,286,163,282,161,260,159,271,158,282,145,284,143,265,143,270,144,280,S
161,362,192,339,202,307,184,282,157,277,206,284,207,258,199,273,196,286,184,283,182,257,174,273,172,285,163,284,160,261,157,268,155,280,144,286,143,266,142,269,143,278,S
160,360,192,337,201,307,184,283,157,276,207,282,207,257,199,275,196,286,184,282,182,258,174,277,173,288,163,283,160,262,158,273,157,284,144,283,143,265,143,271,144,281,S
161,362,192,339,203,307,184,281,157,276,207,284,208,258,200,274,197,286,184,282,182,257,176,275,174,286,163,283,160,261,159,271,158,284,145,285,143,266,143,270,145,280,S
161,361,193,338,203,306,185,282,158,276,207,284,209,258,202,275,198,286,185,284,183,258,177,277,175,288,163,284,161,262,160,273,160,285,145,285,144,266,145,270,146,280,S
162,362,193,339,203,307,185,283,158,276,207,284,209,258,202,276,198,287,185,284,182,258,177,276,175,287,163,284,161,262,160,272,159,284,145,286,143,266,144,270,146,280,S
161,362,193,339,203,308,186,283,160,275,207,284,208,258,201,276,199,287,185,284,182,258,177,277,176,288,163,284,161,261,160,272,160,285,144,286,143,265,144,270,146,280,S
160,363,192,342,203,310,187,285,162,275,207,283,207,258,200,276,198,288,184,282,182,257,176,275,174,287,163,283,160,260,159,270,157,283,143,285,142,265,142,271,143,281,S
159,363,191,340,201,309,185,284,159,276,207,283,206,259,200,278,197,288,184,282,180,259,175,279,173,289,162,283,159,262,158,274,157,285,143,283,143,267,143,273,144,282,S
158,364,190,341,200,310,185,285,160,277,206,284,206,259,199,278,197,290,183,283,179,259,174,279,173,289,161,283,158,262,157,273,156,285,142,285,141,267,141,273,141,283,S
155,366,187,343,198,311,181,286,156,278,203,287,202,261,196,280,194,293,180,285,175,262,171,282,171,293,158,286,155,264,154,277,154,289,140,287,138,269,138,276,138,285,S
151,367,183,345,195,314,179,288,155,279,200,287,199,262,193,286,193,299,177,285,173,263,169,287,169,297,155,285,151,265,152,284,153,293,135,286,133,270,134,279,135,288,S
151,369,183,345,195,313,177,288,152,281,197,290,197,262,193,281,192,296,174,288,171,263,169,283,169,296,153,289,150,265,151,277,151,291,133,291,132,270,133,275,135,285,S
151,369,183,345,193,313,175,289,148,282,199,286,197,263,190,282,188,293,175,286,172,263,166,283,164,293,153,288,150,266,149,277,147,288,134,289,133,272,133,277,134,287,S
151,368,184,345,193,312,173,289,144,286,198,288,198,263,189,281,186,294,175,288,172,263,165,281,163,292,153,289,150,268,148,277,147,289,134,291,133,273,133,277,134,287,S
155,374,187,349,199,317,177,291,150,292,199,292,203,267,195,285,190,299,177,289,177,266,172,284,170,299,157,291,155,270,155,282,155,295,139,296,138,278,140,283,141,292,S
179,370,204,364,219,356,223,347,219,339,209,321,219,316,226,324,229,335,195,318,205,317,214,327,219,339,180,321,190,322,200,331,206,343,166,328,174,328,182,334,189,342,S
385,375,354,368,337,345,339,322,343,307,340,321,331,301,329,298,333,302,360,316,351,297,353,313,358,324,379,316,371,299,372,316,376,327,400,320,390,308,388,321,391,329,S
354,341,322,325,305,294,320,268,345,266,310,277,299,249,303,264,310,277,329,273,323,244,323,260,326,273,349,274,347,247,342,260,340,270,370,277,364,262,358,275,357,287,S
348,346,310,326,294,296,310,272,336,265,300,283,293,265,288,259,289,257,318,278,313,257,308,255,307,253,338,278,336,255,328,256,323,257,360,279,353,267,345,277,340,286,S
338,343,301,326,286,294,305,268,330,264,291,278,282,255,284,260,288,267,311,274,308,250,307,256,308,263,331,275,331,251,325,254,321,258,353,278,348,263,342,272,337,282,S
340,345,303,328,286,295,305,268,330,265,291,278,282,253,287,262,294,272,311,275,307,249,308,260,311,269,331,275,330,251,325,258,322,263,353,278,346,265,340,275,337,284,S
340,346,306,329,290,295,308,268,333,266,295,278,286,251,289,260,295,272,315,275,312,247,313,260,314,273,335,276,337,250,331,258,327,265,356,279,353,264,346,271,342,280,S
342,347,309,329,293,295,310,268,335,264,296,277,287,250,291,258,298,270,316,274,314,247,315,257,317,268,337,275,339,250,333,259,329,267,358,280,356,264,349,274,345,282,S
343,348,309,330,293,295,313,268,339,267,297,279,288,250,293,265,299,278,317,276,315,246,316,263,318,277,338,277,338,250,334,261,331,269,359,280,357,265,351,273,348,280,S
343,349,310,331,294,295,313,269,339,267,297,280,288,249,293,266,299,281,317,277,315,245,316,264,319,280,338,277,338,250,334,262,333,272,359,281,355,264,351,274,349,282,S
343,349,310,332,293,297,311,271,337,270,296,281,287,251,292,267,299,282,316,278,313,246,315,266,319,283,337,278,335,250,333,264,333,274,358,280,352,266,349,278,349,287,S
343,350,309,332,293,297,312,271,337,269,296,282,286,252,293,268,301,282,317,279,313,248,317,269,320,285,337,279,335,253,334,270,335,280,359,282,353,267,350,280,351,290,S
343,350,309,332,293,297,312,270,338,268,296,281,287,251,292,268,299,282,317,278,314,247,315,267,318,283,337,279,337,252,333,268,332,279,358,282,355,267,350,279,349,288,S
343,349,309,331,293,296,313,269,338,266,296,280,287,250,292,268,299,283,316,277,314,247,315,269,318,284,337,278,337,251,333,270,332,281,357,281,354,265,349,278,348,287,S
343,349,309,332,293,296,312,269,338,267,296,281,286,250,292,265,299,279,316,278,314,246,316,264,319,280,337,278,337,250,334,263,333,275,357,281,354,265,350,276,349,285,S
344,348,311,331,295,297,313,271,337,266,298,280,288,251,293,267,301,280,318,277,314,246,316,269,319,282,339,278,337,251,335,272,335,283,360,281,355,266,350,281,351,291,S
345,348,312,331,297,298,315,272,339,267,300,280,290,250,297,265,305,279,320,277,317,246,320,266,323,281,341,278,340,251,338,266,338,278,362,282,359,266,355,278,354,287,S
348,348,313,330,298,296,318,270,342,266,302,280,292,250,298,267,305,281,322,277,319,246,320,269,324,283,343,278,341,251,339,271,339,283,364,281,359,266,354,280,355,290,S
349,349,316,331,301,297,321,271,345,266,304,280,294,250,300,264,307,278,324,277,321,246,323,265,325,279,345,278,345,251,341,267,341,278,366,282,363,266,358,278,358,287,S
351,349,317,331,302,296,322,269,347,266,305,280,295,250,301,267,309,281,325,277,322,246,324,269,327,284,346,277,345,250,342,271,342,283,367,280,362,266,357,281,357,290,S
351,349,318,331,303,297,323,270,348,266,306,280,296,250,302,266,310,280,326,277,323,246,326,268,329,282,347,278,346,251,344,269,344,280,369,281,364,266,360,280,360,289,S
352,350,319,332,304,297,323,272,349,269,307,282,297,251,304,267,312,280,328,279,324,248,327,268,330,282,349,280,347,252,345,270,345,280,370,282,365,267,361,280,360,289,S
353,351,320,332,306,297,326,271,351,267,308,281,299,250,305,269,312,283,329,278,325,247,327,272,330,286,350,279,348,253,345,275,346,286,371,282,365,268,360,283,361,291,S
354,352,321,333,307,298,325,273,349,268,309,281,300,251,307,266,315,280,329,279,328,248,331,267,334,282,350,279,349,252,348,266,347,276,370,282,366,268,362,279,362,287,S
354,351,321,333,306,298,326,273,351,270,309,283,299,252,307,268,315,283,329,280,326,249,330,270,333,285,349,280,348,253,347,269,347,279,370,282,365,269,362,281,362,290,S
