195,348,228,333,241,297,224,270,201,255,229,253,245,259,239,289,231,311,205,249,227,249,224,280,220,304,184,255,200,269,203,302,204,322,164,267,176,275,183,296,186,307,N
193,348,227,333,241,297,225,270,201,256,229,252,246,258,239,289,231,312,204,248,227,249,224,282,220,305,182,254,201,270,203,304,203,322,163,267,176,275,183,296,185,306,N
193,348,226,334,240,297,224,270,202,254,230,252,246,259,239,291,230,314,205,248,226,250,223,281,219,305,183,254,199,270,202,304,203,323,163,266,175,275,181,296,184,306,N
192,348,227,333,241,295,224,268,201,252,229,253,246,259,238,291,230,314,205,249,227,250,224,282,219,306,183,255,199,270,202,304,202,324,163,266,175,275,181,297,184,306,N
192,349,226,334,241,296,224,269,202,253,228,253,246,259,239,290,230,314,204,249,227,250,224,282,219,307,182,255,200,270,202,304,202,324,162,267,175,275,182,297,184,307,N
191,350,226,336,240,299,224,272,201,256,228,253,245,261,239,292,231,315,204,249,226,252,223,284,219,307,182,255,200,271,203,306,203,325,162,268,175,277,182,299,184,309,N
191,351,224,337,240,300,226,272,204,256,225,255,243,260,238,290,230,313,201,251,225,252,223,284,218,309,180,257,199,273,201,306,200,326,160,270,174,277,180,299,182,309,N
189,352,223,336,238,299,223,272,199,259,223,254,241,260,236,290,228,312,199,251,222,253,221,286,216,309,177,257,197,274,200,307,199,326,158,269,173,280,179,303,180,313,N
187,353,221,337,236,300,220,274,197,260,221,255,239,261,234,291,225,313,197,252,220,253,218,285,214,309,175,258,195,274,197,307,197,327,156,271,170,280,176,302,179,312,N
187,352,221,337,235,300,219,274,195,259,222,255,239,262,233,293,224,316,197,251,220,253,217,285,213,309,175,258,194,274,197,309,196,328,156,271,169,279,175,300,178,310,N
187,353,220,337,235,300,219,274,196,259,221,255,238,261,232,291,224,314,197,251,219,253,217,285,213,309,175,258,193,273,196,308,196,327,156,271,169,279,176,301,179,311,N
185,353,219,336,234,299,219,273,197,259,218,254,236,260,231,290,224,313,194,250,217,254,215,286,211,310,172,258,191,275,195,308,194,328,153,271,166,280,173,302,177,313,N
184,353,219,336,233,299,217,274,194,261,217,254,235,261,230,291,222,313,193,251,216,254,214,286,210,310,171,258,191,274,194,308,194,328,152,271,166,280,173,302,176,313,N
184,351,218,334,232,298,214,273,190,260,218,253,235,261,229,292,221,314,193,249,215,252,213,285,209,309,171,256,190,273,193,308,194,327,152,269,165,280,172,302,176,313,N
186,351,219,336,233,300,215,274,193,258,222,254,236,262,230,292,222,315,197,251,217,253,214,284,210,308,175,257,190,272,193,306,194,325,155,270,166,278,172,299,176,310,N
189,351,222,335,235,300,217,273,194,259,223,254,238,260,232,290,224,313,198,250,218,251,216,283,212,308,176,257,192,271,196,305,197,326,156,270,169,278,176,300,180,312,N
189,351,222,335,235,299,218,273,196,258,224,254,239,261,233,291,225,314,200,250,220,252,217,284,213,308,177,257,193,272,196,306,197,326,157,269,169,278,176,300,179,311,N
192,350,224,335,237,300,220,273,197,259,226,254,240,260,233,290,226,313,202,251,220,252,218,283,215,308,179,257,194,272,198,305,199,326,160,270,171,278,178,300,182,312,N
191,351,224,337,238,300,221,273,198,258,226,254,241,261,235,291,227,314,201,250,222,252,220,284,215,308,179,257,196,273,200,307,200,327,159,270,172,277,178,299,181,311,N
192,351,225,337,238,300,221,273,198,258,227,254,242,261,235,291,227,314,203,251,223,253,220,284,216,308,180,257,196,273,200,307,200,326,161,270,173,278,179,300,182,311,N
191,352,224,336,237,299,220,273,196,258,227,255,243,262,236,293,227,316,202,251,223,253,221,285,216,309,180,257,197,273,200,307,200,326,160,270,172,280,179,301,183,311,N
190,352,224,336,238,299,221,273,197,258,226,255,242,262,236,293,227,316,202,251,223,253,221,285,216,309,180,257,197,273,200,307,200,326,160,270,173,280,179,301,182,310,N
191,352,225,337,238,300,221,274,198,259,226,255,242,262,236,293,227,316,202,251,223,253,220,286,216,310,180,258,197,273,200,308,199,327,160,270,172,279,179,301,182,311,N
192,353,225,338,238,301,222,274,199,259,228,254,243,263,236,294,228,316,203,251,223,255,220,286,216,310,181,257,197,274,200,308,200,327,161,270,172,279,179,301,182,311,N
191,352,226,337,239,300,222,274,199,258,228,254,243,263,236,294,228,317,203,250,224,254,221,286,216,311,181,257,198,274,200,308,201,328,161,270,173,280,180,302,184,313,N
193,355,226,341,240,305,225,277,201,261,229,258,244,265,237,296,230,320,204,254,225,256,222,287,218,312,181,261,198,277,201,310,203,331,162,273,176,284,182,307,185,320,N
202,368,233,353,249,318,242,287,225,268,238,275,254,273,250,302,244,322,215,270,238,266,236,298,232,323,194,274,212,283,216,315,217,336,174,284,191,295,198,319,201,333,N
521,460,490,457,465,436,454,411,452,390,468,433,452,405,448,397,447,393,486,425,471,391,471,389,475,393,506,416,490,384,491,390,495,400,526,407,511,381,509,388,511,398,N
490,403,460,399,436,373,429,348,431,325,440,351,433,337,431,333,434,331,460,342,452,330,452,352,457,372,481,338,472,327,470,352,474,373,502,337,490,328,487,349,489,367,N
495,389,461,378,440,351,433,325,430,301,451,324,437,314,427,313,423,315,466,317,457,301,451,293,451,288,485,313,471,304,468,332,470,357,505,313,487,307,482,330,484,351,N
519,381,476,363,455,332,458,304,468,281,461,299,443,295,451,318,461,341,482,294,465,289,468,314,475,339,504,295,491,291,489,325,492,351,525,298,509,294,501,322,501,344,N
518,384,477,365,459,331,465,299,476,272,456,304,439,298,448,323,458,347,478,299,459,289,462,317,469,343,501,297,489,291,488,326,489,354,523,299,507,295,502,322,502,343,N
519,384,475,361,458,329,466,298,477,272,457,304,442,298,450,322,459,347,478,300,462,291,464,318,471,344,502,298,491,293,488,326,489,353,523,299,507,297,501,324,500,343,N
522,389,481,368,463,335,470,304,482,279,459,308,445,300,453,325,463,351,481,303,465,294,471,323,480,350,504,302,492,296,493,330,497,358,525,305,509,301,506,327,506,347,N
526,393,486,372,468,338,475,307,490,283,467,308,453,300,460,327,469,353,488,303,474,297,479,329,487,357,509,303,498,299,497,333,500,361,528,306,513,303,510,330,510,350,N
530,395,491,373,473,338,481,307,493,281,467,311,450,304,459,330,469,355,488,305,470,296,477,328,487,356,510,304,497,298,498,334,502,362,531,305,514,304,513,333,516,352,N
530,394,489,370,473,337,481,306,494,280,467,312,452,305,460,330,470,354,488,308,474,298,479,328,488,355,511,307,503,301,500,334,502,362,532,308,519,307,514,333,512,352,N
529,394,489,370,472,337,480,306,490,280,465,312,451,306,459,330,468,354,486,307,471,297,477,327,486,354,509,305,501,300,499,334,501,361,531,307,518,305,512,332,511,351,N
528,393,487,371,471,337,480,306,491,280,465,313,450,306,459,331,468,355,487,309,471,297,476,327,485,353,510,307,501,301,499,335,502,362,531,308,518,306,512,333,512,352,N
528,392,487,370,471,337,481,306,493,280,465,313,449,307,459,331,469,354,486,308,469,296,475,327,484,353,510,306,500,301,499,336,501,362,531,307,517,306,513,335,513,353,N
527,393,487,372,470,338,480,306,492,280,464,313,448,306,459,331,470,354,485,308,469,297,475,326,485,352,509,306,500,300,499,335,502,362,531,308,517,305,514,333,514,352,N
527,394,488,374,470,339,478,308,491,283,465,312,450,305,459,330,469,355,487,307,471,297,477,328,485,354,510,306,499,300,499,335,501,362,531,308,516,305,513,333,513,352,N
529,393,488,371,471,338,479,307,491,282,467,313,451,305,460,329,470,353,488,308,472,297,477,326,486,352,511,306,501,300,499,334,501,361,532,306,517,306,513,333,514,352,N
529,393,489,371,472,338,481,306,493,280,466,313,451,305,461,330,471,354,488,308,472,296,478,325,486,352,511,306,502,300,501,334,503,361,533,307,519,305,515,333,515,352,N
529,394,488,371,471,338,480,306,494,281,465,315,452,308,462,331,472,356,487,310,474,300,479,328,488,355,511,308,503,302,501,335,502,362,532,310,520,308,513,334,511,353,N
531,393,490,371,473,339,481,308,495,283,467,313,452,306,462,331,472,355,489,309,474,299,480,330,489,356,512,307,502,302,501,336,503,363,533,307,518,307,515,334,515,354,N
528,396,489,372,473,338,480,306,491,280,465,314,453,307,461,331,471,355,485,309,475,302,481,330,489,355,509,307,504,303,502,335,502,361,530,310,521,307,515,332,513,350,N
528,394,488,371,472,338,480,307,491,282,464,313,449,307,458,332,468,356,485,308,469,298,476,330,486,356,508,305,498,301,498,335,501,362,529,306,514,306,510,333,511,352,N
527,393,487,372,470,340,478,309,490,283,463,314,449,307,459,330,469,353,484,309,470,299,477,328,486,354,507,306,499,301,498,335,501,362,529,307,516,306,513,333,513,352,N
526,393,487,373,469,340,478,309,490,284,462,315,448,307,459,331,469,354,484,309,470,298,476,327,484,353,508,307,500,302,499,337,501,363,530,308,517,307,513,334,512,353,N
207,272,237,263,254,235,239,205,227,184,261,213,268,201,253,219,242,237,241,205,253,181,241,202,233,223,220,203,223,191,220,218,221,236,200,205,204,203,206,223,209,233,N
207,272,236,263,254,235,240,205,228,183,261,213,267,200,253,219,242,236,240,206,252,180,241,202,233,223,219,203,222,190,220,218,220,235,199,205,204,203,206,223,210,233,N
206,273,236,263,254,233,239,203,228,181,260,212,268,199,253,216,242,234,240,205,252,180,240,201,233,222,219,203,222,190,220,217,220,234,199,205,204,202,206,222,209,232,N
206,272,236,263,254,233,239,203,226,182,260,213,268,198,253,216,242,234,239,206,252,179,240,200,233,222,218,203,222,189,220,216,221,234,198,205,204,203,207,222,210,233,N
207,274,237,264,255,235,238,205,224,185,260,212,267,199,253,218,243,235,239,205,251,179,240,201,233,222,218,203,221,190,220,218,220,235,197,206,202,202,206,223,209,233,N
207,276,237,266,252,240,236,212,223,192,259,213,264,201,249,220,241,239,238,204,249,183,237,206,231,227,218,201,219,197,216,224,217,241,197,202,199,206,201,226,204,236,N
209,277,237,269,254,247,244,222,229,203,256,213,265,206,255,229,248,247,235,203,248,189,241,216,236,236,213,201,218,208,220,234,222,246,193,206,199,225,204,242,209,247,N
203,276,236,268,255,247,256,227,252,212,243,200,255,211,254,237,250,255,221,197,237,213,238,239,235,255,200,204,215,236,215,254,210,257,183,217,197,248,199,261,197,259,N
188,277,219,266,242,250,247,237,245,228,237,199,260,233,255,255,244,262,217,203,246,236,241,257,231,265,198,216,227,239,227,257,221,263,181,235,198,248,200,254,197,251,N
187,281,222,269,241,254,240,240,237,231,238,201,257,243,248,264,239,265,216,205,242,247,236,267,227,270,196,218,222,252,222,269,216,269,178,236,192,264,195,273,196,269,N
185,280,223,269,243,255,247,245,249,239,236,202,258,244,249,264,238,265,216,205,244,248,238,268,228,270,196,218,225,251,224,269,218,270,179,237,198,262,203,272,205,268,N
185,281,223,271,243,256,245,244,244,236,237,203,258,246,249,266,240,265,216,207,244,251,238,271,230,271,196,220,225,256,225,273,219,272,179,239,198,264,203,273,204,269,N
184,280,222,270,241,256,243,245,242,238,235,203,259,246,251,266,241,266,216,207,247,250,240,271,232,272,197,221,228,254,228,272,221,272,181,240,200,263,206,271,208,266,N
184,280,221,270,244,252,250,237,247,228,234,203,259,240,252,261,243,264,215,208,245,245,240,265,231,267,196,222,228,248,229,265,224,269,181,240,195,252,201,253,204,245,N
204,283,234,276,252,254,245,234,232,223,244,200,249,218,245,245,241,261,219,198,225,220,225,249,222,263,196,206,201,232,205,255,205,263,178,220,184,246,190,261,193,262,N
212,282,239,275,252,254,228,236,204,224,247,213,253,222,246,248,241,265,222,205,233,211,229,238,228,254,200,208,205,230,209,251,211,253,183,218,190,246,196,260,200,254,N
215,282,237,277,255,258,249,239,237,226,253,213,256,213,250,240,245,258,230,205,236,204,233,235,231,251,207,208,211,222,214,247,217,253,188,218,192,239,199,254,205,253,N
216,282,239,277,254,254,239,232,224,215,255,215,258,212,250,239,245,258,232,206,239,199,233,229,231,247,210,207,212,219,214,244,218,252,190,215,194,236,200,252,206,250,N
218,283,241,278,259,258,248,237,231,223,258,219,264,211,255,235,249,253,235,211,244,197,238,226,235,245,213,212,217,217,218,241,221,251,193,219,198,230,204,246,209,248,N
224,284,250,277,270,255,264,232,253,216,268,224,271,212,262,234,255,250,247,217,256,195,248,223,244,242,226,217,227,213,228,239,231,250,205,222,208,227,212,244,217,247,N
230,286,258,279,279,258,277,236,267,221,279,221,285,213,278,235,272,254,258,215,268,198,263,224,258,245,236,215,241,214,242,237,244,248,216,220,222,228,226,243,229,248,N
243,288,272,284,296,259,302,233,305,210,292,224,307,217,302,242,294,261,273,217,292,204,287,233,280,254,252,216,263,221,263,245,261,256,231,222,241,232,245,248,247,251,N
247,296,278,293,308,270,319,248,324,231,310,218,325,230,318,258,311,275,289,210,306,225,303,255,298,271,268,213,283,237,283,262,280,269,249,224,264,257,263,272,258,269,N
234,297,267,298,294,294,307,293,317,295,307,251,323,274,320,297,315,315,293,250,306,287,300,302,292,309,278,255,289,292,282,301,275,301,262,263,274,291,273,298,270,296,N
479,330,448,329,422,319,406,311,392,303,422,270,396,275,396,301,401,322,441,266,414,275,408,297,410,312,461,275,440,302,443,318,450,319,481,291,462,318,462,327,467,324,N
480,316,443,312,413,298,394,287,386,280,413,246,385,274,392,304,404,321,436,247,407,291,417,308,428,308,458,261,433,307,440,315,448,309,478,279,454,314,455,319,460,312,N
480,293,434,286,401,273,378,259,362,248,410,218,375,247,386,266,401,269,431,212,400,258,416,268,429,261,452,217,426,263,437,269,446,261,473,229,451,264,457,265,466,256,N
468,280,422,278,388,264,369,247,364,234,404,203,367,236,379,258,394,258,428,198,395,249,409,262,421,252,452,207,423,259,433,265,444,253,471,223,445,261,449,262,457,250,N
469,268,427,267,397,255,388,239,399,226,401,189,365,230,379,254,395,255,426,185,388,240,405,256,419,249,452,196,422,252,433,260,442,249,475,214,450,255,453,256,458,244,N
478,261,435,261,402,250,393,234,404,223,403,186,370,228,385,252,402,251,429,182,393,232,404,251,414,246,456,192,429,246,434,256,441,246,479,210,457,250,457,252,461,240,N
495,247,452,249,419,243,406,233,419,226,418,180,387,229,402,250,417,246,446,179,414,237,424,247,430,236,474,191,450,250,458,252,465,238,497,210,477,253,480,250,486,234,N
505,243,464,249,435,247,427,237,442,227,423,185,397,234,416,251,430,244,451,179,424,235,437,246,444,235,481,188,461,246,468,251,473,237,508,203,490,247,491,246,494,231,N
509,241,463,245,434,242,426,234,442,227,427,181,400,230,416,247,428,239,456,177,428,238,439,247,446,234,486,188,464,249,470,252,475,236,512,205,493,250,492,247,494,230,N
510,239,466,245,437,246,431,240,450,230,424,186,402,236,420,251,432,242,453,180,430,239,443,247,448,234,484,189,467,249,473,251,477,235,511,204,496,250,495,247,496,232,N
514,236,469,241,438,241,429,237,447,230,428,183,402,233,417,247,429,239,457,179,431,241,443,247,448,233,488,189,468,251,473,251,478,235,514,206,496,252,494,248,494,231,N
508,238,466,241,441,236,440,227,458,218,433,174,412,224,426,241,437,232,463,166,441,228,448,238,452,226,494,174,476,237,477,243,479,230,521,188,504,235,498,238,497,225,N
509,247,468,254,440,245,443,226,461,206,434,177,418,221,437,241,449,231,463,167,443,212,455,231,460,221,493,171,479,223,482,238,483,226,520,183,506,226,505,234,505,222,N
508,252,471,256,445,238,452,212,468,187,433,183,420,209,441,232,452,228,459,164,447,196,462,224,466,221,488,162,485,199,489,224,485,217,513,169,513,208,513,224,508,215,N
508,256,479,259,451,247,444,229,453,207,427,191,419,205,441,228,453,234,450,168,441,184,462,217,470,223,478,161,480,182,489,213,486,216,505,162,513,194,512,216,503,214,N
511,256,479,260,454,237,458,208,470,182,429,194,423,204,443,229,456,237,452,169,442,178,461,212,470,218,479,162,482,177,489,210,485,214,505,163,514,191,513,213,504,211,N
512,256,482,260,456,240,457,212,469,186,428,197,427,201,446,222,459,229,452,173,442,172,463,207,472,213,478,163,480,171,490,203,489,207,505,160,512,178,514,200,508,200,N
511,258,480,258,451,243,448,219,463,197,428,203,426,195,446,216,460,228,452,181,441,168,463,202,474,213,479,172,479,166,489,198,491,206,507,169,511,168,512,189,507,194,N
509,258,479,260,449,241,451,216,468,195,427,203,423,195,444,216,459,228,451,181,439,166,461,201,473,213,478,171,475,166,487,198,489,204,506,168,507,168,509,190,506,194,N
510,258,477,257,451,233,454,204,468,179,427,198,423,194,442,216,458,227,451,176,440,166,459,201,470,212,479,167,477,167,485,199,487,205,506,165,506,172,507,194,504,196,N
511,258,479,259,453,236,456,208,469,183,429,200,426,194,445,216,461,228,454,178,443,165,462,201,474,213,481,169,479,166,489,199,490,206,508,166,510,170,511,192,507,196,N
509,261,474,262,447,243,451,220,469,199,430,187,423,203,443,229,453,230,455,166,448,184,464,218,467,221,486,162,486,186,491,218,485,218,513,167,520,200,518,221,509,217,N
512,260,477,263,450,244,454,219,472,195,435,186,424,207,445,233,455,231,461,166,452,193,468,225,472,222,491,164,489,198,495,225,492,220,516,170,519,208,521,226,517,217,N
522,257,487,264,453,253,438,237,440,215,444,184,434,213,455,237,464,233,471,168,465,203,481,232,483,227,501,167,500,205,507,232,505,225,528,174,529,211,530,229,527,222,N
525,256,489,265,454,254,436,238,435,218,450,180,443,214,461,239,469,235,478,167,473,206,485,235,489,230,508,168,507,210,513,236,514,229,535,176,535,214,537,232,536,226,N
532,257,491,266,457,255,446,239,456,218,453,184,450,219,467,243,472,233,482,170,482,209,495,235,496,226,514,170,516,214,521,237,518,226,542,177,544,217,544,236,542,227,N
167,298,195,275,201,224,173,188,157,156,214,194,218,174,204,212,201,232,186,186,195,149,182,193,181,213,157,186,153,173,155,215,163,225,128,193,127,199,135,224,146,222,N
172,297,196,274,202,222,174,186,158,153,217,190,220,173,209,212,206,232,188,182,194,148,186,194,186,214,157,184,154,176,160,219,167,226,128,192,129,203,140,229,150,224,N
172,299,196,277,202,224,175,188,159,155,217,190,220,174,209,212,206,234,186,183,194,149,186,193,185,215,155,185,152,179,158,220,166,229,126,194,128,206,139,231,149,228,N
174,300,200,276,203,225,177,188,159,156,217,192,222,175,212,213,208,235,188,185,196,150,189,194,188,216,158,188,156,179,163,219,171,229,129,196,132,204,144,229,153,227,N
178,298,205,275,210,226,182,191,163,161,224,192,229,176,219,214,214,238,195,185,202,151,194,195,194,219,164,187,161,180,167,220,176,231,136,196,136,204,147,230,157,230,N
185,300,215,279,223,231,196,195,177,165,231,194,239,177,229,214,223,240,201,186,213,154,205,196,203,222,171,188,171,182,177,221,185,234,143,196,147,206,157,231,165,233,N
208,306,240,286,255,236,232,198,214,167,258,197,268,183,258,220,253,244,227,189,246,157,238,200,234,226,198,190,203,190,209,230,215,242,170,198,181,218,191,242,198,240,N
223,310,259,292,276,241,252,202,234,171,283,200,294,184,284,221,276,247,252,189,271,159,262,201,257,226,221,190,229,193,232,231,235,239,193,197,204,220,210,244,212,239,N
239,312,278,296,304,244,283,200,270,166,306,203,323,183,313,223,305,246,276,192,300,158,292,203,286,227,245,191,256,190,258,231,259,240,218,198,232,221,239,245,239,239,N
255,309,296,294,323,242,301,199,282,166,328,199,348,184,336,223,324,247,298,187,325,159,315,203,306,228,267,186,281,185,282,224,280,234,238,193,254,218,259,242,258,236,N
266,299,310,283,336,232,317,187,301,153,342,188,365,175,353,213,340,239,313,174,343,150,333,195,322,222,283,174,299,174,300,213,296,225,255,183,272,209,276,232,273,226,N
271,288,314,275,339,222,320,176,308,140,351,177,372,162,361,200,349,227,322,163,347,139,339,183,330,211,291,162,303,164,304,204,303,217,261,169,276,195,283,221,285,219,N
277,275,318,262,345,208,327,160,312,123,357,165,378,147,365,186,351,215,326,151,352,119,342,163,333,191,293,149,305,147,306,191,306,207,261,155,275,174,281,201,282,200,N
279,274,322,262,352,205,331,155,314,117,360,159,382,140,370,181,356,212,328,145,356,112,346,160,335,191,293,144,307,142,308,190,306,206,261,153,277,175,283,202,282,199,N
282,282,327,268,356,209,340,157,329,114,367,161,391,143,379,186,362,218,333,146,363,114,354,165,343,198,296,144,311,148,312,198,312,216,261,153,278,178,284,208,287,209,N
276,293,322,279,353,221,335,169,319,127,363,168,389,152,377,196,361,228,329,154,361,118,352,167,341,202,291,153,306,153,309,202,309,221,255,162,271,180,279,210,282,212,N
261,298,308,282,341,226,323,173,305,131,349,170,369,152,354,199,340,232,314,156,345,122,333,172,322,205,276,155,291,155,291,203,290,220,241,166,261,185,268,216,270,219,N
227,303,269,285,299,231,276,185,253,153,307,185,323,166,307,206,294,234,275,171,296,136,283,184,277,213,243,170,254,161,252,205,250,219,212,176,226,193,229,220,229,218,N
222,301,262,282,286,233,259,191,236,162,294,187,304,172,290,208,280,232,264,175,282,145,271,186,267,211,234,174,241,170,243,210,246,223,206,181,217,198,221,224,224,223,N
222,297,259,276,279,233,253,197,230,172,283,193,293,181,283,213,276,238,257,186,273,157,266,196,262,222,230,187,238,173,240,210,242,225,203,193,215,199,222,224,225,229,N
227,296,259,277,278,242,261,211,242,191,284,205,291,192,282,218,276,239,260,199,271,174,265,206,262,227,237,199,243,191,244,222,246,235,215,204,224,209,228,230,230,235,N
233,294,263,277,278,248,263,220,247,202,284,218,291,205,283,225,277,243,264,212,274,188,269,214,266,232,243,211,249,203,250,229,251,241,224,215,232,217,235,235,237,240,N
235,288,261,275,275,247,258,223,243,206,279,221,286,209,279,229,274,245,262,216,273,193,268,218,265,236,244,215,249,206,250,230,252,241,225,218,233,220,237,238,240,244,N
236,293,260,279,271,252,258,229,245,213,276,231,283,219,277,237,271,251,259,226,267,205,263,227,261,243,242,226,246,215,247,237,248,248,225,230,232,228,235,243,236,248,N
242,313,259,303,269,283,268,265,269,253,266,255,269,230,273,235,275,251,250,254,249,227,253,236,255,252,235,259,232,238,235,249,238,263,222,268,220,257,225,265,229,276,N
463,475,414,464,381,409,392,363,404,329,381,343,352,343,368,392,388,419,416,331,376,319,389,376,411,397,455,336,432,328,436,383,447,398,490,350,476,351,469,385,473,388,N
474,453,416,448,377,388,382,336,392,293,362,329,326,323,344,369,367,395,399,312,357,289,374,349,398,371,442,312,417,290,424,348,439,362,482,320,466,315,462,350,469,354,N
474,438,415,434,372,371,380,316,391,271,356,307,318,299,338,348,361,376,394,286,347,265,366,329,393,350,438,285,412,268,423,332,439,345,480,294,464,294,461,332,467,334,N
462,433,410,427,367,364,374,310,384,265,348,305,312,290,331,340,356,369,386,283,341,252,358,317,384,340,430,279,407,258,418,322,434,336,474,286,457,280,456,319,464,324,N
450,414,391,404,349,339,360,285,372,238,336,277,300,268,316,317,341,348,374,256,328,224,339,286,366,313,420,255,396,232,403,294,421,310,465,265,449,263,444,299,450,302,N
445,399,385,390,339,331,346,276,360,232,331,261,299,241,317,292,340,323,372,241,332,203,345,270,370,298,419,242,393,219,399,282,415,298,463,253,442,249,439,286,448,288,N
444,391,384,380,341,316,352,259,366,213,334,253,299,233,316,284,339,316,376,232,334,195,345,261,370,289,422,232,395,207,400,271,416,288,465,242,444,240,439,278,448,280,N
450,384,389,372,345,307,350,252,364,207,339,244,305,221,324,274,347,304,382,224,341,182,354,248,379,274,431,226,405,193,409,256,424,271,477,238,458,228,452,263,461,265,N
450,385,392,370,350,300,363,241,379,194,341,237,307,218,325,272,350,305,384,218,341,178,354,245,381,275,433,219,406,190,411,254,426,272,479,230,459,226,453,262,462,263,N
453,383,395,365,355,296,366,238,382,192,344,237,310,219,328,270,352,302,385,219,343,179,355,245,381,275,433,220,407,191,411,254,427,273,479,231,458,225,454,261,464,263,N
463,375,407,358,366,296,369,243,376,198,360,235,325,211,341,262,362,294,399,216,357,174,370,237,393,264,445,218,419,186,424,246,439,262,488,228,470,220,465,254,473,255,N
465,373,409,353,370,287,380,235,394,191,362,237,330,213,345,259,366,290,400,218,361,176,372,236,395,265,444,218,421,188,425,245,440,263,487,227,468,218,465,251,474,255,N
461,366,403,345,367,283,380,231,394,188,360,234,331,207,345,251,365,281,396,218,360,174,371,230,393,259,439,217,417,183,422,240,435,262,481,226,461,212,458,246,467,255,N
455,341,398,325,358,273,368,228,390,193,354,223,327,195,340,231,360,259,385,207,353,162,361,209,378,235,423,204,402,172,407,220,420,238,463,210,444,196,440,227,448,234,N
451,334,392,315,357,264,364,218,373,182,355,220,328,190,338,226,356,254,385,205,355,161,361,208,379,234,421,203,400,172,403,218,417,236,458,209,437,195,434,225,443,233,N
446,327,388,309,355,260,366,215,379,181,353,222,328,194,337,225,354,251,381,208,353,164,360,206,377,234,415,205,396,173,399,217,411,237,450,210,432,195,429,223,436,233,N
438,319,384,303,354,258,365,217,377,186,352,223,329,194,335,222,350,247,378,210,351,166,356,206,372,231,409,206,390,176,395,217,407,235,442,210,424,197,422,223,430,230,N
430,314,380,300,351,258,361,216,372,185,351,225,327,196,333,223,348,246,375,213,348,171,353,208,369,232,404,209,383,181,389,220,402,236,435,211,413,198,414,223,424,231,N
426,315,379,302,350,260,361,222,373,193,350,228,328,201,335,228,348,251,375,217,349,177,353,212,367,237,403,213,384,185,389,223,399,241,435,216,416,200,415,227,423,237,N
424,314,380,303,353,262,366,224,378,196,352,231,330,204,336,231,350,253,376,219,351,180,355,214,369,238,405,215,385,188,390,226,401,243,436,219,417,205,417,231,425,239,N
427,311,383,300,356,262,366,225,378,197,358,227,337,201,341,228,354,251,382,215,357,179,360,214,373,235,409,213,390,187,394,225,406,240,440,216,421,205,420,229,428,236,N
428,308,384,299,357,260,370,223,385,194,359,226,337,200,342,226,355,248,383,214,358,176,361,211,374,233,411,212,393,186,396,223,406,239,441,216,423,203,422,227,429,235,N
434,304,391,296,362,257,371,217,385,187,364,217,341,192,346,221,360,244,389,206,363,169,366,206,380,226,418,205,400,178,403,217,413,231,450,210,433,196,430,220,436,227,N
435,300,393,292,361,246,373,203,390,173,362,207,338,180,347,211,361,236,388,194,360,154,365,193,380,215,420,193,400,164,404,207,415,223,454,199,435,185,434,212,441,219,N
436,298,391,291,357,241,369,195,386,162,355,203,332,172,342,204,358,229,383,188,356,144,363,185,379,209,417,185,398,154,403,200,413,218,453,190,435,175,434,204,440,213,N
471,364,428,353,405,323,404,293,411,272,408,298,392,258,394,265,400,281,435,286,420,245,421,255,426,271,464,281,449,245,446,254,446,267,490,284,480,256,475,263,474,277,N
445,342,401,313,381,276,379,244,377,219,400,249,390,230,385,238,387,246,421,246,408,225,403,233,404,239,444,249,430,231,427,258,432,278,469,257,455,239,448,259,450,276,N
426,328,387,305,371,263,384,226,398,195,365,241,350,219,359,234,369,256,390,235,374,203,377,224,383,249,418,236,408,216,408,253,410,280,448,244,435,225,430,251,429,270,N
429,326,391,305,373,264,386,224,402,193,368,243,352,213,363,232,375,258,393,237,375,196,378,218,385,245,422,237,412,213,411,249,413,279,452,244,438,223,434,248,434,270,N
431,330,391,309,373,266,386,226,401,193,367,241,351,212,364,234,377,261,394,235,376,195,381,221,390,251,424,237,413,213,413,253,416,283,455,245,440,225,434,253,433,276,N
435,335,395,314,376,269,390,229,406,195,370,245,352,215,366,237,379,264,397,239,378,197,383,224,391,254,428,241,417,218,418,259,420,290,460,249,444,228,440,257,440,279,N
440,344,399,322,380,275,394,234,410,201,375,251,358,221,371,243,384,270,402,244,384,200,387,225,396,256,434,246,423,223,423,266,426,296,466,254,450,233,446,261,447,284,N
443,352,400,320,383,275,396,234,414,202,383,251,368,221,375,244,384,269,410,247,395,210,396,235,401,263,439,249,428,228,427,266,430,294,471,258,454,240,448,266,448,287,N
385,335,354,317,341,278,354,246,373,227,357,261,356,237,346,242,340,250,377,261,378,237,369,259,366,276,398,265,397,246,387,271,385,288,420,275,415,257,406,275,404,289,N
375,357,339,326,325,295,325,269,332,252,337,270,326,242,322,260,325,282,354,270,345,235,338,256,339,279,374,274,361,251,355,278,357,299,395,282,379,262,371,281,372,298,N
363,330,340,319,328,286,339,258,353,237,329,268,320,247,321,262,324,281,348,266,337,237,334,256,336,277,368,269,358,249,354,277,354,298,390,276,378,260,372,279,372,295,N
369,342,340,321,328,287,340,257,354,235,332,270,322,245,323,264,329,283,350,268,340,235,337,256,339,277,370,271,361,249,357,277,357,297,392,277,378,259,372,279,373,295,N
367,342,337,322,325,288,337,260,352,239,328,272,319,248,318,265,323,284,347,269,336,237,332,258,335,280,367,271,358,250,354,278,355,300,389,277,377,261,369,279,367,295,N
349,340,312,312,297,279,304,250,320,233,319,257,313,239,307,260,306,275,336,259,329,240,322,264,323,281,353,264,344,248,335,271,336,288,371,274,358,258,349,275,348,288,N
301,329,272,297,264,262,272,234,285,214,291,243,277,228,265,247,263,263,307,246,290,231,277,254,278,273,322,252,305,238,291,261,292,279,339,262,320,247,305,263,304,277,N
275,334,248,306,239,267,246,238,257,215,259,250,242,235,224,241,211,253,274,251,252,234,236,254,228,276,292,255,266,239,252,264,250,287,312,262,284,247,272,266,271,285,N
254,333,224,313,214,271,226,239,240,213,234,242,216,229,205,250,201,272,253,243,230,230,222,263,222,289,273,249,247,238,239,272,241,297,294,260,268,246,257,270,256,288,N
246,331,214,314,203,270,217,236,232,208,218,239,197,221,190,248,191,272,240,241,216,223,211,262,216,290,262,248,238,231,230,269,234,294,286,259,261,242,249,267,251,286,N
241,334,209,313,196,269,210,234,228,206,207,239,184,224,180,250,182,274,229,239,203,214,195,242,196,269,253,244,230,229,223,268,228,295,280,255,254,241,243,267,244,287,N
240,335,204,314,192,271,208,236,225,206,204,242,183,223,179,249,184,275,226,240,202,208,192,238,195,267,251,245,227,227,219,267,224,295,277,255,247,239,239,267,244,285,N
242,331,201,307,187,259,202,221,219,188,199,228,175,215,171,240,175,266,224,225,198,208,195,244,201,277,251,228,222,213,219,251,226,281,278,236,248,222,242,247,247,268,N
239,323,198,306,180,258,191,217,206,181,192,227,174,204,167,230,172,257,215,222,193,195,188,235,198,268,241,222,216,197,209,240,220,273,271,227,243,204,235,235,242,261,N
243,318,199,303,177,251,193,205,214,167,186,221,162,200,157,226,161,256,211,213,182,176,171,207,175,240,242,212,216,184,210,232,218,268,277,218,247,195,238,229,243,256,N
265,318,212,292,185,245,192,197,214,159,199,220,179,193,178,213,188,234,225,214,203,180,202,211,211,243,257,212,229,183,231,223,243,255,292,214,261,191,256,219,265,246,N
282,311,231,290,205,247,209,205,224,168,219,215,199,183,190,200,192,223,243,206,220,165,209,186,212,213,273,203,246,173,246,211,257,242,309,207,280,184,273,212,280,239,N
310,307,258,276,232,233,229,194,243,168,254,202,244,169,243,182,250,202,281,201,271,168,269,191,275,220,310,204,297,174,293,199,296,229,340,212,325,188,315,205,315,228,N
393,288,340,265,314,223,318,185,331,156,323,194,306,152,305,169,312,193,350,185,333,136,331,164,338,195,382,184,363,146,361,187,366,219,418,189,396,162,387,192,388,218,N
391,310,340,287,316,239,325,193,338,161,332,205,330,162,331,134,332,108,360,201,357,161,355,157,353,159,389,203,382,170,375,199,371,230,419,210,408,181,397,201,391,225,N
273,413,315,388,342,351,347,319,341,297,325,299,336,274,334,306,330,334,297,295,310,263,310,302,310,334,269,298,283,277,287,314,287,344,240,309,255,294,262,320,265,340,N
256,383,303,357,331,319,335,282,330,251,327,271,338,248,334,273,328,299,299,266,313,233,311,266,308,299,269,266,280,242,281,283,281,315,236,275,247,260,253,291,257,316,N
248,368,297,346,319,299,296,255,277,223,319,259,334,230,326,258,316,286,286,254,303,215,298,250,292,284,253,255,264,235,266,278,267,310,219,264,232,248,239,278,242,300,N
242,372,290,349,313,299,292,254,276,220,315,258,326,228,317,258,306,287,282,251,295,215,289,252,284,284,249,251,258,231,258,276,258,307,214,259,227,246,233,278,237,297,N
238,377,286,354,309,302,287,256,272,219,312,261,323,231,312,262,301,292,278,255,293,215,286,253,280,288,244,256,253,236,253,283,251,315,209,264,222,249,227,284,227,305,N
239,378,286,357,315,312,300,269,284,239,315,267,325,230,317,260,307,289,281,262,292,218,287,259,282,289,249,264,254,237,255,278,254,300,214,272,223,254,229,283,230,298,N
373,327,415,306,446,263,453,226,449,196,424,216,436,194,442,213,444,230,397,213,413,187,418,217,416,239,368,217,387,198,392,231,389,252,338,228,362,211,369,235,366,252,N
380,315,426,296,457,250,457,208,447,175,437,210,453,183,455,206,448,233,410,207,428,168,432,198,428,230,380,209,402,186,405,226,398,257,348,217,374,195,380,223,375,246,N
361,314,408,298,442,252,445,208,434,173,423,208,444,180,444,205,435,233,395,203,418,162,419,198,414,231,365,204,389,181,391,223,385,253,333,211,360,196,366,228,362,250,N
356,316,405,296,435,247,427,201,414,165,425,210,444,181,441,204,432,232,396,204,419,161,418,192,411,226,364,205,386,181,388,223,383,253,330,211,356,195,362,225,358,246,N
216,278,264,269,299,218,290,171,270,134,299,174,309,138,311,132,309,143,261,162,277,115,278,130,276,155,222,160,233,131,233,176,231,210,182,166,195,142,201,176,204,203,N
213,288,263,268,291,208,268,158,245,122,295,162,310,132,300,160,287,190,256,154,274,113,269,152,261,186,217,156,228,131,228,180,225,213,177,166,190,145,196,183,196,206,N
213,301,268,272,290,215,266,166,244,130,292,170,303,141,299,161,293,188,257,162,274,122,270,152,265,185,218,164,230,138,232,187,232,222,179,174,194,155,201,192,204,218,N
284,335,313,311,325,272,317,242,308,219,303,238,307,215,312,231,315,247,280,244,282,218,291,237,299,255,258,255,263,238,277,262,285,281,238,273,244,256,259,272,266,287,N
279,366,316,337,332,300,320,268,305,246,320,266,328,243,325,266,323,290,296,267,301,234,303,264,306,294,274,272,281,257,288,288,291,311,254,282,262,276,269,298,272,312,N
282,361,315,335,326,301,310,271,295,249,323,274,328,248,324,268,320,290,301,274,305,240,305,264,306,288,278,278,285,263,290,293,293,314,256,287,265,279,273,300,276,313,N
284,360,315,338,323,304,305,275,291,254,321,277,325,252,321,270,317,291,299,278,303,245,303,267,304,290,278,283,283,268,288,297,292,318,257,292,265,283,272,303,276,318,N
287,360,315,338,322,304,304,277,290,257,319,280,324,256,321,273,318,293,298,280,304,248,303,269,304,293,277,285,283,272,289,301,293,322,257,294,266,286,273,305,278,319,N
290,366,320,347,333,319,330,297,319,282,324,288,330,263,330,265,328,276,305,286,306,260,309,268,309,281,288,291,294,282,299,298,301,312,271,301,280,297,286,309,288,319,N
305,375,333,357,343,332,331,307,317,289,338,304,344,281,342,297,340,316,319,303,323,274,325,289,326,308,301,306,308,297,315,319,319,337,285,315,295,309,303,326,308,340,N
295,371,320,358,333,334,326,314,313,302,328,307,332,281,333,294,330,311,311,305,312,275,316,291,317,310,295,309,299,294,304,314,306,330,279,315,285,306,291,321,293,332,N
292,367,317,356,329,331,319,306,309,289,327,306,331,282,329,296,325,314,310,305,311,276,312,294,313,313,293,308,296,296,301,318,304,333,276,315,282,305,288,321,292,332,N
409,295,381,286,366,257,373,231,383,211,369,238,363,221,360,226,362,239,387,234,382,213,379,226,380,243,407,235,400,214,396,234,397,252,428,240,418,225,413,241,413,254,N
399,297,374,286,361,254,367,227,378,205,359,238,349,221,352,235,357,253,377,234,366,210,366,230,369,250,398,236,389,215,386,244,386,264,420,242,409,227,404,246,403,261,N
400,300,374,287,359,255,367,227,376,205,356,237,344,219,349,234,356,253,375,233,362,207,364,229,369,251,397,235,386,214,385,242,386,263,419,241,406,226,401,245,400,260,N
404,303,375,286,362,253,371,223,381,199,360,239,347,218,355,234,363,253,378,234,365,205,368,226,374,247,400,234,389,212,389,240,391,261,423,239,410,224,406,243,407,257,N
407,305,378,288,366,255,377,225,387,201,363,240,350,219,356,234,364,254,382,235,367,204,370,225,377,247,404,235,393,214,392,242,394,264,426,240,413,225,410,244,411,260,N
410,303,380,286,366,254,376,224,389,201,366,238,353,215,358,232,366,252,385,234,372,202,373,222,377,244,407,235,398,211,394,238,394,260,431,240,419,223,413,242,412,257,N
418,300,386,282,371,251,378,221,391,197,372,232,360,208,365,224,372,242,392,227,383,197,382,216,384,237,414,229,407,203,402,231,400,254,437,236,429,217,422,236,419,253,N
431,298,398,283,383,246,394,214,404,188,383,227,369,205,370,219,376,240,403,222,391,191,389,211,391,235,427,223,418,197,413,225,411,249,452,230,442,212,435,231,432,249,N
440,301,407,283,393,246,405,214,418,189,393,230,377,205,381,221,388,242,414,224,400,190,400,212,405,236,439,226,430,199,426,231,426,254,465,233,454,212,448,233,447,250,N
447,308,413,291,398,249,412,214,427,188,394,231,378,204,387,222,397,245,417,225,403,189,407,215,414,240,444,227,435,198,433,233,434,259,472,234,460,213,455,237,453,255,N
451,309,414,289,399,246,414,210,429,182,395,229,379,202,387,221,397,245,420,223,403,185,408,211,415,238,448,224,437,196,434,231,433,258,476,231,462,212,456,237,453,256,N
445,302,407,278,391,235,404,199,417,168,387,213,371,188,374,208,381,233,411,208,396,175,395,197,398,223,439,210,427,183,421,216,421,243,468,218,452,196,445,220,444,240,N
441,280,396,256,379,211,393,173,405,142,372,183,356,162,364,181,375,206,398,176,380,147,382,171,390,198,427,177,413,153,412,186,415,212,457,185,441,167,436,191,435,211,N
430,265,385,240,368,197,384,157,396,125,361,181,346,153,354,170,366,195,387,173,371,135,375,159,382,187,416,172,406,142,405,178,406,207,445,178,431,157,427,181,427,202,N
431,266,389,241,371,198,385,158,398,126,365,181,349,154,358,173,370,198,391,174,373,137,377,161,384,189,420,174,408,143,407,178,408,208,450,180,436,158,432,182,431,203,N
434,265,392,244,374,199,389,157,401,125,366,181,349,154,360,173,373,198,393,173,374,136,380,161,389,189,423,173,411,143,411,179,412,210,453,179,439,158,434,184,434,205,N
429,263,384,240,367,198,380,159,393,129,363,176,346,151,358,170,372,193,389,170,374,134,380,159,387,185,418,171,408,140,406,174,407,203,447,180,434,159,428,183,427,202,N
401,275,361,250,343,214,345,183,352,165,355,181,351,153,340,167,332,187,373,179,367,149,354,168,348,190,394,182,387,157,374,180,368,201,417,191,406,171,394,190,389,208,N
355,275,327,267,307,237,304,211,300,193,321,205,316,183,307,191,303,206,339,202,332,176,321,191,316,209,358,204,350,181,337,202,333,220,379,210,369,194,356,209,352,225,N
351,287,313,261,299,231,305,206,317,186,310,206,297,184,290,201,290,222,327,204,314,175,305,196,304,219,347,206,334,181,324,207,323,230,370,214,353,197,343,215,342,232,N
346,289,311,265,298,234,305,209,316,188,306,215,292,194,287,210,288,229,322,212,307,185,302,205,302,229,342,212,327,186,321,212,322,237,364,218,348,201,340,219,339,237,N
336,294,301,269,289,239,294,212,307,193,305,218,295,199,285,210,280,226,319,215,309,194,297,208,291,227,337,215,325,198,312,217,306,237,358,219,343,207,331,221,324,238,N
312,294,285,275,278,251,280,231,284,217,303,227,290,213,274,221,264,235,314,223,297,208,279,220,269,237,327,223,305,211,288,226,280,245,342,226,320,218,305,229,297,245,N
299,300,271,281,262,255,267,233,274,216,270,239,258,222,250,233,245,248,282,236,267,215,258,231,255,250,297,236,280,217,274,241,276,261,316,238,297,225,291,240,294,255,N
290,299,264,281,255,253,265,231,276,211,263,238,252,224,244,236,241,252,276,234,263,214,254,232,253,252,292,234,277,217,272,241,274,261,311,238,293,225,288,242,290,256,N
292,298,266,281,257,253,266,229,277,208,264,238,254,223,247,235,244,251,277,235,264,215,257,233,257,253,293,236,279,218,274,242,277,262,313,238,296,225,290,241,293,255,N
297,298,270,281,261,254,269,229,280,209,271,239,260,225,251,235,249,251,284,236,272,216,264,234,263,254,300,236,285,219,280,243,282,263,318,238,300,226,295,241,296,255,N
303,305,279,293,268,268,270,247,276,230,278,245,269,230,265,246,268,261,290,242,280,225,276,245,279,262,305,243,292,227,287,248,291,265,321,247,306,234,300,249,303,262,N
311,323,293,312,280,287,279,266,289,252,296,260,286,245,279,265,281,280,309,261,295,248,288,269,292,283,322,265,305,255,299,277,303,290,335,272,317,263,311,279,315,289,N
324,334,301,319,293,292,299,270,307,251,299,274,286,261,281,279,282,295,312,272,296,255,290,274,292,291,327,275,312,263,309,287,313,302,343,280,325,271,322,287,326,298,N
328,338,306,323,298,296,306,274,314,254,302,279,289,269,286,284,288,300,316,277,301,260,296,277,296,295,332,278,318,266,314,290,315,306,349,283,331,276,327,291,330,302,N
329,336,307,319,300,293,308,272,317,253,306,279,295,267,291,281,291,297,319,277,306,259,300,276,300,294,335,279,322,264,318,286,320,302,352,284,337,275,332,289,333,299,N
357,329,330,318,315,297,318,278,328,266,329,271,322,256,315,266,312,281,343,269,337,253,328,266,325,282,359,271,352,258,342,272,338,287,374,278,365,268,355,280,350,293,N
373,329,351,315,343,287,353,264,363,244,345,270,335,257,333,271,335,287,360,268,348,248,345,266,347,284,377,270,367,254,362,277,362,295,394,277,381,265,376,281,377,293,N
376,331,354,316,346,289,357,267,365,248,351,270,340,258,336,272,337,288,366,269,353,250,347,266,347,285,382,273,370,259,365,282,365,300,399,280,384,269,378,285,379,298,N
371,359,399,349,417,326,409,302,394,285,410,305,417,292,416,295,411,305,393,300,402,278,400,295,396,315,375,299,384,286,383,309,380,328,355,301,366,290,369,304,367,317,N
368,360,397,348,411,321,397,296,384,279,403,304,407,287,406,299,402,315,385,299,391,275,390,296,386,316,366,298,373,282,375,306,371,323,346,301,356,286,359,301,357,312,N
358,357,386,346,399,321,391,297,381,278,395,302,403,286,403,299,397,314,379,297,388,275,388,295,383,314,362,297,372,281,373,304,368,321,344,299,355,287,358,301,354,312,N
362,358,387,346,398,321,386,297,375,280,393,298,398,284,398,297,394,313,376,295,383,272,383,291,380,310,359,294,366,282,367,304,365,320,341,298,351,287,354,302,352,312,N
349,354,374,342,386,317,377,293,369,273,387,298,398,282,396,298,391,314,371,295,381,271,380,293,377,312,354,295,363,281,365,303,363,319,337,297,347,284,350,298,348,308,N
351,351,377,339,388,315,379,291,369,273,387,291,394,276,394,292,390,310,370,289,377,265,380,286,378,305,352,290,360,275,364,298,362,314,333,293,343,281,348,295,346,306,N
350,342,373,329,385,305,379,284,370,267,381,281,389,263,391,280,389,297,365,280,372,255,376,274,374,293,347,282,355,265,360,286,359,302,330,288,338,273,344,286,344,298,N
338,322,364,304,374,277,363,253,355,233,372,257,380,242,380,258,377,276,356,256,366,233,366,252,364,273,339,257,346,244,348,268,347,286,320,262,328,247,332,262,332,275,N
337,319,364,302,374,274,361,249,351,229,371,254,380,238,378,254,373,271,353,252,365,225,364,246,361,268,335,254,344,237,347,264,346,283,315,259,326,242,330,258,329,272,N
340,319,366,300,375,271,361,246,352,227,374,249,381,233,378,250,373,271,355,249,363,224,362,245,359,268,336,252,343,237,346,262,345,281,316,258,326,242,330,257,329,269,N
353,310,386,294,404,267,407,240,404,218,389,240,402,223,405,234,404,245,372,237,387,220,390,236,388,250,355,237,371,222,376,237,374,251,338,242,353,229,360,240,360,249,N
371,297,404,280,417,250,407,220,397,197,417,224,429,213,428,230,423,248,397,221,411,202,409,228,404,250,376,222,388,211,389,240,386,259,354,227,368,214,371,232,369,243,N
372,292,402,276,414,245,401,216,391,193,416,217,426,203,424,223,417,244,395,215,407,192,407,218,403,242,373,218,382,205,387,234,385,254,350,225,363,211,368,229,368,241,N
377,292,408,274,424,241,413,212,392,195,410,209,416,196,419,216,415,234,388,208,393,188,398,213,398,232,365,212,373,200,380,226,379,241,343,222,355,210,362,228,362,238,N
352,282,384,263,402,230,394,200,373,186,385,200,384,181,388,200,390,212,363,200,364,178,368,202,369,215,343,205,344,187,349,209,349,222,321,213,326,196,331,211,331,221,N
