202,392,230,377,242,349,230,328,208,312,230,300,226,265,220,241,211,220,210,301,218,260,223,232,225,211,191,311,200,301,210,327,214,343,175,323,188,318,198,335,203,345,R
202,391,230,376,242,348,231,327,209,311,230,300,226,264,220,239,210,218,210,302,219,260,225,231,226,209,191,312,200,302,210,328,215,344,174,325,188,320,198,338,203,348,R
201,390,229,375,241,347,229,326,207,310,229,298,225,262,218,238,209,217,209,300,218,259,224,229,225,207,190,310,199,300,209,327,213,342,173,324,187,318,198,336,203,346,R
200,389,230,375,241,346,229,326,207,309,229,297,225,261,219,236,210,215,209,299,218,256,225,227,226,205,189,310,199,300,210,327,214,342,173,323,187,319,199,337,203,347,R
202,392,230,377,242,347,229,326,207,311,230,298,225,262,219,237,209,216,210,300,218,257,225,228,227,206,190,310,198,299,208,326,213,343,173,324,187,318,198,337,204,349,R
201,393,230,377,241,347,228,326,206,311,230,298,225,261,218,236,209,215,210,299,218,256,225,227,227,205,190,309,198,299,208,326,213,343,173,323,186,318,197,337,203,348,R
202,394,230,378,242,349,229,328,207,313,231,298,226,262,219,237,210,216,210,299,218,256,225,227,228,206,190,309,198,299,208,326,213,343,173,324,186,319,197,337,203,349,R
202,394,231,378,243,349,230,330,208,313,232,299,226,262,219,237,210,216,211,300,219,256,226,227,229,206,191,310,200,301,210,328,215,344,174,325,188,322,199,340,205,351,R
202,394,231,378,243,350,231,331,209,315,232,299,227,262,221,237,212,216,212,301,220,257,227,228,230,206,192,311,199,301,210,328,215,345,175,326,188,322,199,341,206,352,R
202,395,231,379,243,351,231,330,209,315,232,300,227,264,221,239,211,217,211,302,221,259,227,230,229,207,191,312,200,302,210,329,215,346,174,325,188,321,200,340,206,351,R
201,394,231,378,243,351,231,331,209,315,231,300,227,263,221,238,212,217,211,302,220,258,227,229,228,207,191,312,200,303,210,330,214,346,173,325,188,321,199,339,205,350,R
202,395,231,379,244,351,231,330,209,314,232,299,228,263,221,238,212,216,212,300,221,257,227,227,230,206,192,310,200,302,210,329,215,346,175,325,188,322,200,340,207,352,R
202,393,231,378,244,350,232,331,210,314,234,299,229,262,223,237,213,216,212,301,222,256,229,227,231,205,192,311,201,302,211,330,216,346,175,325,189,323,200,342,207,352,R
203,394,232,379,245,351,232,331,210,315,234,300,229,263,223,238,213,216,213,301,223,258,229,228,232,206,193,311,201,301,210,329,216,346,175,324,189,322,200,341,206,352,R
202,394,232,379,245,352,233,332,211,315,234,300,230,263,223,238,214,216,213,301,223,258,229,228,231,206,193,311,201,302,211,329,216,346,176,325,189,322,201,340,207,351,R
202,394,232,379,245,351,233,331,211,315,233,300,229,263,223,238,214,216,213,302,223,258,229,229,231,207,193,312,201,303,211,330,216,347,175,325,189,322,201,341,207,352,R
202,394,232,378,244,351,232,331,210,315,232,299,229,263,223,238,214,216,211,302,222,258,229,229,230,206,191,312,201,303,212,330,217,346,174,325,189,322,201,341,207,351,R
202,394,231,379,244,352,232,332,210,316,233,300,229,263,223,238,213,216,212,301,222,257,229,227,231,205,191,311,200,303,210,330,215,346,174,325,189,323,201,342,207,352,R
201,396,231,381,244,353,232,332,210,317,233,301,228,264,222,239,212,217,212,302,222,258,228,229,230,207,192,312,200,301,210,328,215,345,174,326,189,324,200,342,207,354,R
201,395,231,380,243,353,231,332,209,317,232,301,228,264,222,238,213,217,211,302,221,259,228,229,229,207,191,312,200,303,210,330,215,347,173,326,188,324,200,343,207,353,R
200,396,231,381,243,353,232,334,209,318,233,301,228,264,222,239,212,217,211,303,221,259,228,228,231,206,191,313,199,304,209,331,215,348,173,327,188,325,200,344,208,355,R
210,379,234,375,245,351,229,332,209,313,230,298,228,265,225,242,217,220,209,299,220,260,227,233,227,208,190,309,200,307,211,336,218,347,173,322,186,327,199,349,208,356,R
198,395,230,380,242,354,230,334,208,319,231,301,227,264,221,239,212,217,209,304,220,260,227,230,229,206,189,314,198,304,209,332,214,348,171,327,186,325,198,344,205,354,R
209,379,232,377,245,353,229,333,208,314,231,303,228,268,224,244,216,222,210,302,219,262,226,236,226,210,191,310,200,308,210,336,216,347,173,323,184,328,197,349,205,355,R
201,397,231,383,244,356,231,337,208,321,233,303,228,266,222,241,212,218,211,304,221,259,228,230,230,207,191,314,199,304,209,331,215,348,173,327,188,325,199,345,205,355,R
208,378,233,374,244,353,228,335,208,314,230,301,227,267,224,244,216,221,209,302,219,262,226,235,226,207,190,312,198,309,209,338,216,347,173,325,184,329,197,350,206,356,R
199,395,231,381,244,356,232,338,208,322,233,303,229,266,223,240,213,218,211,304,221,259,229,229,232,206,191,315,199,306,208,333,214,348,173,328,188,329,200,347,207,355,R
212,377,238,375,249,355,236,337,216,319,239,305,237,270,234,247,228,225,218,304,228,265,235,238,238,210,199,313,207,308,215,338,222,349,183,326,192,331,203,352,211,356,R
202,415,234,401,250,378,242,359,223,342,243,324,242,287,238,262,232,241,222,324,236,280,244,251,250,229,201,332,210,326,217,351,221,367,183,345,193,342,201,358,206,365,R
398,429,374,415,366,388,379,368,392,352,364,353,368,317,369,292,371,272,383,351,377,316,376,294,376,276,401,356,402,346,399,366,394,380,418,365,416,361,411,377,407,385,R
363,390,337,374,326,345,344,321,365,306,331,306,337,271,343,245,349,224,350,305,345,264,343,239,344,218,370,313,369,301,361,323,356,339,388,327,384,318,374,333,367,344,R
362,391,333,372,324,343,341,317,361,299,327,303,334,271,343,245,353,224,347,301,344,262,344,236,347,213,367,309,370,293,361,318,354,336,386,324,385,314,374,329,364,341,R
361,387,334,372,323,340,342,313,363,294,326,297,335,262,346,235,356,213,346,296,340,253,338,226,336,202,366,305,367,291,360,318,354,335,384,319,382,310,371,328,362,339,R
364,387,338,369,329,338,349,312,369,291,332,292,341,256,351,230,360,208,352,293,348,249,346,221,346,198,372,303,373,288,364,315,358,331,390,319,387,309,376,328,368,338,R
368,387,341,369,333,338,353,312,375,292,337,292,346,255,357,228,368,206,357,292,351,248,350,220,349,197,376,302,378,288,370,314,363,330,394,318,393,309,381,328,371,339,R
370,387,343,369,335,338,355,313,377,292,339,291,349,256,361,229,372,207,358,291,353,247,351,219,350,196,378,302,380,290,372,316,365,332,396,318,395,312,384,331,375,341,R
369,388,342,370,334,338,355,313,378,293,337,292,348,255,360,228,371,206,357,291,351,247,349,218,348,194,377,302,380,291,373,318,366,332,395,318,395,313,384,332,374,341,R
370,389,342,370,335,340,355,315,377,294,338,293,348,257,358,230,368,208,358,293,353,249,353,220,355,197,377,304,381,294,373,320,365,334,395,319,395,316,384,335,374,344,R
370,390,342,371,335,340,356,315,378,295,338,294,348,258,360,232,371,210,358,294,353,250,355,223,357,200,377,304,381,295,373,320,366,334,395,320,395,316,384,335,375,344,R
369,390,342,371,334,341,355,316,377,296,338,294,349,259,362,232,373,210,358,295,353,250,353,222,353,200,377,305,380,294,372,320,365,334,394,321,394,316,383,335,373,345,R
369,390,342,372,335,341,355,317,377,297,338,295,348,258,360,232,371,210,357,295,353,251,354,224,356,201,377,306,380,296,373,322,365,336,394,322,394,318,383,337,373,346,R
369,390,342,372,335,341,356,317,378,297,338,295,349,260,362,234,372,213,358,295,353,251,354,223,355,201,377,306,380,295,373,321,366,335,394,322,394,316,384,335,374,345,R
369,390,342,372,335,342,356,317,378,298,339,295,350,260,361,234,372,213,358,295,355,252,356,223,357,200,377,306,381,296,373,322,366,336,394,322,395,318,384,337,374,346,R
370,390,343,371,336,341,357,317,380,297,340,295,351,260,363,235,374,213,359,295,355,251,357,224,360,201,378,306,382,295,374,321,367,335,395,322,395,317,384,336,374,346,R
369,392,342,373,336,343,356,318,379,298,338,296,350,260,362,234,374,213,358,297,355,252,356,223,357,200,378,308,381,297,374,321,366,335,395,324,396,319,384,337,374,346,R
370,391,343,372,337,341,358,317,380,297,340,295,352,260,364,235,374,213,360,296,357,252,358,224,361,201,379,307,383,296,374,321,367,336,396,323,396,318,385,337,375,347,R
372,391,345,372,337,341,359,317,382,296,342,294,354,258,366,232,377,210,362,294,359,251,360,223,362,201,381,305,384,294,376,320,369,334,398,322,398,316,387,335,377,344,R
373,390,346,370,340,341,362,316,384,295,343,293,355,257,368,230,380,208,363,294,360,251,363,224,367,201,382,305,387,294,379,320,372,334,399,320,401,315,390,334,380,343,R
374,390,347,371,341,341,363,316,386,295,344,294,356,258,369,232,380,210,364,294,361,250,362,222,364,199,383,305,388,294,381,320,373,335,400,320,401,315,391,335,381,344,R
373,390,346,371,341,341,363,316,385,296,342,294,355,258,368,231,381,209,363,295,360,251,363,223,366,200,382,305,388,294,381,320,373,335,399,320,402,315,391,335,381,344,R
195,361,220,344,233,314,219,294,202,279,216,276,212,245,208,225,204,207,199,275,201,240,208,221,214,206,182,284,185,252,193,275,196,294,166,298,174,283,184,297,187,309,R
195,360,219,343,232,314,219,294,203,278,216,275,211,244,207,224,203,206,199,275,201,239,208,220,214,205,181,283,184,251,193,274,196,293,165,298,173,283,183,296,187,307,R
195,359,219,341,231,312,218,292,202,276,215,274,210,243,207,223,203,205,198,274,199,238,207,219,213,204,180,283,183,250,192,272,196,291,164,297,171,281,182,293,186,304,R
193,358,217,340,230,311,218,291,201,276,214,274,210,243,206,223,202,206,197,274,199,238,206,219,211,203,180,282,182,250,190,271,194,290,163,296,170,281,180,292,185,303,R
182,350,206,329,218,301,203,281,187,269,201,266,197,235,194,217,190,199,184,267,186,233,193,213,199,197,167,275,168,246,177,264,182,282,151,289,156,273,167,282,172,293,R
176,345,201,326,211,297,197,276,179,264,196,265,192,234,188,214,183,197,179,265,180,230,187,211,193,196,162,273,164,244,175,260,181,276,146,286,152,272,162,281,165,291,R
169,338,193,317,202,287,184,268,166,257,185,255,179,226,174,207,170,190,168,256,167,223,173,202,178,186,151,265,150,237,158,255,163,272,136,280,136,263,146,272,152,283,R
193,336,215,314,222,286,211,266,201,250,205,252,202,221,200,200,199,183,188,255,187,224,196,214,205,210,173,262,176,235,190,237,202,243,158,274,167,258,179,258,189,260,R
203,333,225,314,235,287,225,266,214,251,220,251,216,219,214,199,212,182,204,253,202,221,211,210,219,204,188,260,189,232,203,235,215,243,173,272,180,255,192,254,202,257,R
222,329,245,312,255,283,246,260,240,242,240,249,239,215,240,193,239,175,224,251,223,218,235,220,243,228,209,258,211,229,225,241,231,255,194,269,200,252,211,258,215,267,R
252,323,277,306,289,278,283,254,274,235,277,243,279,210,280,188,280,169,260,242,259,206,268,191,275,182,244,248,248,216,259,227,266,243,228,260,236,241,246,248,249,258,R
259,321,285,304,297,276,289,253,278,236,284,242,285,209,285,187,285,168,268,241,269,204,278,188,285,177,252,247,257,215,265,231,268,249,236,259,244,239,252,248,255,259,R
263,319,289,304,304,275,295,252,284,234,290,238,290,206,290,185,289,167,274,237,279,200,289,182,297,167,258,243,265,210,273,231,274,249,242,254,252,236,260,248,260,261,R
262,318,289,304,304,276,296,252,283,234,291,237,290,205,289,185,287,167,275,236,282,199,291,180,298,164,258,241,265,208,272,230,274,249,241,253,250,235,259,247,261,259,R
259,317,286,302,300,276,294,252,282,234,288,237,288,205,286,184,284,165,272,235,278,198,288,180,296,165,255,240,262,207,268,228,270,247,238,251,245,234,253,246,255,258,R
254,317,280,300,292,269,283,246,269,230,278,234,277,203,278,181,278,163,261,235,262,203,272,211,276,222,246,241,248,210,258,228,261,246,230,252,237,234,246,244,247,256,R
234,317,257,299,269,270,261,247,249,232,252,236,252,203,254,183,255,165,238,236,247,205,268,202,284,205,223,244,228,215,244,226,255,240,208,256,212,239,225,243,233,251,R
208,318,232,298,242,270,233,248,222,234,227,236,225,205,224,185,223,168,212,238,213,206,219,188,225,174,196,246,197,220,211,227,222,237,180,259,183,241,192,244,200,250,R
193,321,216,301,224,271,206,250,188,240,212,238,206,207,202,188,198,170,194,238,195,205,201,187,207,172,178,246,175,217,183,232,187,248,161,260,162,244,170,253,173,263,R
182,326,207,305,214,275,194,255,176,244,201,242,195,212,190,193,185,175,183,243,184,209,189,190,193,175,166,252,162,220,168,240,173,259,150,267,149,247,157,258,162,272,R
180,337,205,319,212,288,191,268,172,257,200,253,195,222,191,202,187,185,182,254,183,219,189,200,193,184,165,263,164,233,169,254,171,272,148,278,150,261,157,274,160,286,R
182,354,206,334,215,306,199,287,182,274,202,269,197,238,192,219,188,201,184,270,185,237,190,217,196,200,166,279,166,250,173,270,177,289,150,294,153,277,161,288,165,299,R
189,383,210,370,218,343,207,325,195,311,208,305,205,271,203,253,201,237,191,306,195,269,199,250,203,233,172,315,172,288,178,311,181,330,156,331,157,316,163,330,166,342,R
189,411,210,401,218,377,210,357,200,341,210,338,210,305,209,288,208,273,192,337,198,301,204,283,208,268,174,345,175,321,182,343,185,361,157,361,161,349,168,362,171,373,R
465,454,432,447,406,417,398,389,404,369,429,368,429,330,430,305,432,284,449,367,443,323,434,289,424,262,469,373,464,338,455,318,448,304,489,387,486,361,481,349,477,341,R
450,410,408,377,385,344,383,314,388,288,406,314,400,287,397,270,395,255,422,312,417,285,413,267,410,252,439,315,437,288,434,271,430,258,459,323,459,298,455,285,450,274,R
436,375,396,346,378,314,377,283,382,257,399,276,398,246,396,225,395,206,416,272,416,237,407,226,402,225,432,274,432,239,418,239,409,249,450,281,449,248,436,246,427,256,R
428,351,389,326,371,294,370,263,376,238,395,250,397,213,402,187,407,162,412,247,410,203,399,180,391,161,430,249,429,207,412,217,401,234,449,258,444,224,430,230,419,245,R
430,339,395,319,378,287,378,258,386,234,403,239,405,200,407,176,410,154,419,239,418,189,404,178,393,175,436,243,436,199,420,215,410,235,454,253,451,220,435,227,424,243,R
438,338,402,317,384,285,385,256,392,232,409,238,411,201,413,178,415,156,426,237,424,190,412,170,402,156,444,241,443,198,425,210,415,229,463,252,458,220,442,226,431,241,R
450,337,415,315,395,283,396,252,405,229,420,236,422,198,426,173,430,152,438,235,436,190,424,169,415,155,456,240,456,198,440,212,429,232,476,252,472,220,456,225,443,239,R
460,337,424,315,405,283,405,253,415,231,429,237,431,199,435,175,440,153,447,235,443,190,432,169,423,154,466,240,466,197,450,211,440,230,486,251,483,219,467,224,454,239,R
478,339,439,317,419,285,420,255,431,231,444,237,445,199,449,175,452,153,463,236,459,191,448,170,439,154,482,241,481,199,468,211,458,230,503,252,501,219,486,225,473,240,R
485,340,446,318,425,286,428,256,440,232,452,239,452,202,456,178,461,155,470,236,463,192,452,170,445,154,489,241,489,197,474,211,465,232,511,252,508,220,492,226,480,241,R
484,340,445,319,425,285,428,253,441,230,451,239,451,201,455,176,461,153,470,237,465,190,453,171,445,156,489,241,487,198,471,212,461,231,511,252,507,219,491,225,479,239,R
476,337,439,318,418,284,421,252,432,229,443,236,444,199,447,175,450,154,461,234,456,189,444,169,435,154,480,240,478,197,463,212,454,231,501,251,498,218,482,224,468,238,R
463,335,427,314,406,283,407,252,419,230,429,237,430,200,433,176,437,154,447,234,443,188,431,168,422,154,467,238,464,195,448,210,439,229,488,248,485,217,468,223,455,237,R
452,335,417,315,397,282,398,251,409,229,420,235,421,199,425,175,429,154,438,233,434,189,423,168,415,151,457,238,455,196,441,211,431,230,477,249,473,217,457,223,444,238,R
440,335,407,316,387,284,388,253,398,231,410,237,410,200,413,176,417,154,428,234,423,190,412,168,405,149,447,239,444,197,428,212,419,231,467,250,462,218,446,225,433,241,R
436,336,402,317,381,284,381,254,389,231,404,237,404,199,407,176,410,154,422,235,417,190,407,168,400,149,441,240,437,198,421,213,412,233,460,250,454,218,438,225,425,240,R
437,336,401,317,382,284,381,255,391,231,405,237,405,199,408,175,411,152,423,235,418,190,408,169,400,151,442,240,438,198,422,213,412,232,462,251,456,218,438,225,425,239,R
447,338,411,317,391,285,391,255,402,233,416,238,416,201,418,177,421,154,434,236,428,191,417,169,408,151,453,241,450,198,434,215,425,236,473,252,468,220,451,227,438,243,R
463,340,426,320,404,288,403,257,415,235,428,239,428,200,431,176,434,154,447,237,441,192,430,169,421,152,466,242,465,199,449,214,439,234,487,253,483,221,467,227,453,243,R
469,340,432,319,411,287,412,256,424,233,436,239,436,202,439,177,443,154,454,236,447,191,436,168,428,150,474,241,472,198,457,213,447,234,495,252,491,220,474,228,461,244,R
474,339,436,318,415,285,418,254,428,231,440,238,440,200,443,176,448,153,458,235,452,189,439,168,430,152,478,240,476,198,459,214,449,235,499,250,496,218,479,226,467,242,R
479,338,440,316,420,283,423,253,434,230,445,236,445,200,449,175,455,152,463,233,457,188,444,168,434,152,483,238,482,195,465,211,454,231,505,249,501,217,484,224,471,240,R
482,335,443,314,423,281,426,250,436,226,447,234,447,197,451,172,456,148,466,232,459,186,447,167,438,152,486,236,482,194,466,211,457,232,508,246,505,213,489,220,476,235,R
480,334,442,312,422,280,424,248,435,224,446,233,446,196,450,172,454,149,465,230,457,184,445,163,436,145,485,234,480,191,465,208,457,229,506,244,503,210,487,217,474,232,R
470,335,433,315,411,282,412,251,423,228,435,234,435,196,438,173,442,151,454,231,448,186,436,164,426,147,474,236,471,194,455,210,445,230,495,246,491,214,474,222,461,238,R
460,335,424,315,403,283,403,252,413,228,426,235,425,198,428,175,431,153,444,233,437,188,425,166,417,147,464,237,460,195,444,211,435,232,485,247,479,215,463,223,450,239,R
219,362,249,347,269,315,254,290,231,274,258,264,251,227,243,203,233,179,235,259,243,214,249,191,253,171,212,267,211,230,213,261,216,285,190,284,190,272,197,291,203,307,R
225,361,255,345,274,313,258,289,234,272,262,261,255,223,248,199,239,176,239,256,249,211,257,186,263,164,216,265,215,229,218,259,222,283,195,282,193,268,203,287,211,303,R
219,364,249,346,266,313,247,289,221,274,258,261,252,222,243,197,233,173,235,256,243,211,249,185,252,161,211,265,207,227,209,259,213,283,189,284,186,266,194,285,201,301,R
210,360,242,342,259,306,235,281,207,263,249,246,240,204,232,177,222,152,223,242,232,193,236,163,237,137,198,252,192,214,196,250,201,276,174,274,170,257,181,280,191,296,R
197,360,231,341,246,301,219,275,189,255,236,236,230,185,223,149,214,119,207,234,218,179,222,145,221,117,180,246,174,207,179,242,184,269,152,270,147,251,161,272,172,289,R
184,372,220,347,230,304,198,277,165,259,223,235,212,185,201,151,187,121,191,232,199,175,200,137,199,103,162,246,150,200,153,238,159,268,135,274,122,251,135,272,150,291,R
173,401,211,379,219,335,185,306,148,283,209,251,195,195,180,160,160,128,174,248,182,182,185,139,184,101,142,265,126,216,133,261,143,293,114,299,95,273,111,299,131,320,R
175,425,212,399,219,349,178,323,135,303,206,263,187,203,169,164,149,129,170,262,177,189,177,146,173,104,138,281,115,225,123,271,135,308,109,318,84,291,101,315,122,336,R
185,452,225,425,232,378,187,351,138,328,217,284,192,223,170,182,146,144,177,284,182,206,181,158,179,111,141,304,118,253,125,306,140,342,111,339,86,320,103,351,128,372,R
194,461,235,431,241,380,194,356,140,336,219,288,197,223,177,184,153,145,178,286,184,205,183,156,180,107,142,306,116,253,125,308,141,346,112,343,87,323,107,354,134,377,R
199,453,240,419,248,368,200,341,152,322,231,277,212,212,194,169,172,130,191,276,198,199,195,150,189,104,153,296,132,243,143,293,157,330,121,331,103,311,123,338,146,358,R
212,425,252,389,261,340,219,315,176,297,245,257,226,199,208,161,189,124,208,255,214,183,214,139,212,98,174,273,155,224,164,269,178,305,145,305,136,288,153,314,172,334,R
223,398,262,368,277,321,243,295,202,280,256,245,240,191,226,157,209,122,224,244,230,178,230,138,227,100,195,260,180,213,189,257,202,291,169,288,160,269,175,294,191,313,R
244,371,282,342,296,302,271,277,239,264,277,234,267,193,261,167,254,142,252,235,249,177,249,145,247,117,230,250,220,213,234,244,247,268,211,275,208,258,222,276,234,291,R
254,369,288,340,302,303,280,278,249,268,287,246,278,207,271,183,262,160,263,246,265,199,269,173,272,150,242,258,238,224,249,253,258,276,223,278,225,258,235,275,243,289,R
264,372,294,348,306,314,289,291,263,280,294,263,285,229,278,208,270,188,274,263,275,222,280,199,283,180,254,274,252,243,261,268,266,288,238,292,240,275,250,290,256,304,R
278,347,299,334,308,307,292,288,270,279,297,266,290,238,284,219,275,202,280,266,281,233,285,211,286,192,264,275,259,249,266,271,271,289,248,292,248,278,258,292,265,303,R
287,348,310,332,321,305,307,286,287,277,310,263,302,236,296,219,287,203,293,263,295,229,299,210,300,195,277,271,274,247,283,268,289,284,263,286,264,278,273,291,280,300,R
292,343,312,329,322,303,307,286,287,276,311,265,303,238,295,221,287,206,294,264,296,230,300,211,301,196,278,271,276,249,282,271,286,288,264,286,267,278,275,292,281,302,R
301,342,321,327,328,303,314,288,297,279,317,265,309,240,303,225,297,210,301,266,302,235,305,219,307,205,287,274,284,252,291,271,296,286,274,289,275,280,283,291,288,301,R
303,340,323,327,331,302,317,287,300,278,321,267,313,241,307,225,299,210,305,266,307,235,309,218,310,204,290,274,287,251,294,273,298,289,277,288,279,280,288,293,294,303,R
304,339,325,327,335,302,320,284,301,274,324,263,317,234,310,216,302,200,307,261,311,229,314,210,316,193,291,269,289,244,295,268,299,285,277,284,279,275,288,290,293,300,R
294,348,318,337,330,310,312,291,291,279,320,265,314,232,307,211,299,193,300,263,307,225,311,200,312,179,282,272,277,240,281,264,285,284,265,289,264,275,273,289,280,302,R
271,397,296,393,313,375,308,362,296,352,298,322,296,289,293,267,289,250,277,319,276,281,274,256,274,236,258,327,249,306,252,325,257,342,240,343,233,330,238,343,244,357,R
420,440,377,425,346,400,346,370,367,350,366,321,369,282,374,255,379,227,391,315,380,268,370,241,365,215,418,322,423,278,415,313,411,344,448,341,449,314,439,334,430,356,R
446,414,398,408,363,376,372,344,396,321,377,297,377,252,381,220,383,189,406,287,387,237,376,211,365,185,438,293,431,247,433,285,434,315,473,311,473,279,464,306,455,333,R
478,398,432,398,391,364,402,323,436,295,398,274,393,217,395,178,397,141,430,262,399,204,384,172,372,139,466,266,460,212,469,260,473,295,507,284,512,247,506,279,497,309,R
485,413,434,411,391,376,407,335,441,305,398,278,396,219,397,177,398,134,433,263,403,203,389,170,378,135,471,268,467,214,478,264,483,305,513,286,518,249,515,285,507,319,R
485,419,432,416,389,380,411,337,445,305,394,280,392,217,395,172,396,127,430,263,400,200,387,165,374,129,471,267,468,211,481,263,485,305,516,286,522,248,519,286,510,322,R
486,421,430,416,388,377,414,333,451,299,395,274,393,208,397,158,399,111,433,256,399,189,385,150,374,110,475,261,473,200,486,254,490,299,522,282,531,239,527,279,515,318,R
495,416,437,408,397,369,418,324,450,291,400,270,396,206,398,160,400,114,437,254,405,185,391,147,380,108,478,260,475,200,488,252,494,295,525,281,531,240,528,278,519,315,R
495,408,441,399,400,361,415,317,444,285,404,270,399,207,400,165,401,124,439,257,409,189,398,153,388,117,478,262,473,204,485,253,490,292,522,282,525,241,523,274,516,306,R
474,394,424,382,387,351,395,312,421,284,396,262,393,208,395,171,399,136,427,253,403,187,392,157,385,127,462,260,459,207,461,250,461,283,500,280,502,246,496,274,488,300,R
441,382,395,366,361,336,360,305,377,276,370,259,367,210,371,185,376,163,401,261,399,220,399,250,400,275,431,271,429,237,427,269,429,291,461,289,463,262,460,280,460,294,R
426,369,385,358,355,330,357,299,371,272,364,261,362,220,364,197,368,175,392,260,390,225,390,256,393,279,418,268,412,239,410,270,412,289,443,283,439,260,434,277,435,290,R
417,361,381,353,353,328,351,300,361,275,359,267,355,231,355,209,356,189,380,263,362,223,348,220,340,214,403,267,389,235,387,265,391,284,427,280,416,259,410,279,412,293,R
412,363,377,354,352,330,352,304,359,279,360,270,357,234,356,213,357,193,383,268,374,233,371,252,372,268,405,273,396,246,392,274,394,292,427,284,418,264,412,281,412,296,R
420,379,383,376,354,348,356,318,365,290,362,283,358,245,358,218,358,195,384,276,367,233,355,213,345,194,409,280,396,246,398,276,403,297,436,294,426,271,423,291,424,308,R
436,410,396,410,362,377,365,341,381,314,370,299,366,254,366,221,365,192,398,294,387,247,382,259,378,265,428,300,419,263,421,298,426,320,458,316,453,290,449,314,449,332,R
443,431,397,432,357,399,363,362,385,333,366,314,361,264,360,227,357,193,396,302,371,248,354,220,338,193,430,306,415,264,419,308,425,339,466,323,458,294,451,325,447,350,R
444,438,394,434,352,398,362,360,386,329,361,308,357,256,358,218,358,182,392,295,363,241,345,213,330,184,429,301,414,253,421,303,426,338,469,319,463,285,455,320,448,350,R
451,443,397,440,352,403,364,363,390,330,359,307,357,251,359,208,359,168,393,294,363,232,344,201,327,170,432,298,421,246,433,297,439,335,475,316,475,281,469,319,460,351,R
453,447,398,441,353,404,365,362,394,329,359,308,357,250,359,208,360,167,393,293,361,229,344,199,327,167,432,297,420,245,433,298,440,337,476,317,473,281,468,320,460,353,R
454,445,399,438,354,401,365,360,392,327,359,306,356,249,358,207,358,167,392,291,361,226,344,196,327,165,432,295,419,243,432,296,439,334,477,314,473,280,468,318,460,350,R
457,446,402,439,356,404,366,362,392,330,361,307,357,248,358,208,356,168,395,292,363,228,347,199,332,167,434,296,421,244,434,296,441,334,478,315,476,280,471,318,463,350,R
460,445,405,442,358,407,366,365,393,333,362,310,358,251,359,210,359,170,395,294,363,231,348,201,332,169,435,298,422,247,436,299,443,337,479,316,477,284,473,322,465,354,R
461,445,406,441,358,407,367,366,394,333,363,309,358,252,358,211,356,171,396,293,363,230,346,201,329,168,435,297,421,246,435,299,442,336,479,317,476,283,471,322,464,354,R
470,451,413,446,368,413,373,372,399,339,374,315,369,259,371,218,372,177,407,301,374,239,357,209,341,175,445,306,434,255,445,309,453,348,487,327,485,294,479,330,473,362,R
474,450,418,446,371,414,376,376,402,344,376,318,371,263,372,224,373,186,408,303,377,241,361,211,346,178,446,306,435,257,448,310,456,348,487,324,483,292,481,331,476,362,R
465,438,414,432,371,401,374,365,393,334,375,311,370,261,371,226,372,193,405,299,377,243,360,221,344,197,441,303,426,260,434,306,441,338,479,321,473,296,469,327,466,351,R
253,456,285,453,310,417,313,382,312,357,309,373,321,338,329,307,336,282,286,367,301,329,314,300,327,276,260,368,274,350,273,386,271,414,234,376,250,360,252,387,251,412,R
255,422,301,400,328,359,325,318,317,285,323,333,333,301,338,280,342,259,301,325,312,289,324,275,337,260,276,322,293,296,293,328,290,351,249,324,269,307,270,332,266,351,R
264,393,308,370,334,329,330,286,321,252,332,298,340,262,345,235,347,212,309,291,319,255,327,261,332,269,284,290,300,262,303,295,298,320,258,292,279,273,281,298,276,319,R
270,377,309,364,333,322,328,279,318,244,334,284,343,241,345,210,346,183,311,278,329,234,345,209,358,189,285,280,301,253,300,287,297,312,256,287,275,270,277,297,273,318,R
265,374,305,361,330,317,327,272,318,234,331,280,340,238,343,206,344,178,307,274,328,227,347,202,362,181,281,275,298,246,296,283,292,309,251,282,271,263,274,290,270,312,R
260,381,302,366,328,320,321,275,313,238,329,282,337,238,339,205,339,178,304,276,325,231,342,204,357,184,277,277,293,250,290,287,286,313,248,283,268,265,268,293,261,315,R
256,393,297,381,323,333,316,288,307,251,324,291,332,246,332,213,330,183,299,285,322,237,338,208,351,186,270,288,286,259,284,298,281,326,240,297,260,276,262,307,257,331,R
251,404,293,388,319,344,311,299,301,262,320,300,328,253,328,220,327,190,295,295,317,246,333,216,346,194,267,298,281,271,280,309,277,336,237,308,256,287,257,316,253,340,R
245,430,285,410,307,373,304,338,297,310,307,328,317,285,322,258,326,236,286,325,305,280,317,256,326,238,261,329,273,310,273,341,270,365,234,338,249,324,253,347,250,366,R
235,440,275,420,295,382,289,344,281,313,298,349,305,306,306,278,306,253,277,343,295,298,308,273,320,252,254,345,268,317,266,350,263,374,228,352,244,334,246,359,243,377,R
261,434,292,420,318,392,317,364,309,340,319,339,329,309,334,286,338,263,299,331,316,302,329,282,340,264,275,332,288,325,287,353,284,371,252,339,266,335,271,354,273,367,R
304,404,336,395,361,369,371,344,372,322,353,314,365,273,377,254,386,244,335,313,354,284,367,287,374,294,315,318,329,304,332,321,330,338,295,328,305,319,311,330,311,342,R
334,402,374,375,398,336,403,301,404,272,383,305,400,274,411,252,418,233,367,300,390,273,407,268,418,264,351,301,379,284,393,301,398,315,336,307,362,294,376,303,382,312,R
364,377,403,353,424,318,423,283,422,254,419,284,428,254,434,232,441,213,402,280,419,248,433,235,447,223,383,281,402,263,400,292,395,312,362,286,381,271,382,293,378,309,R
374,360,410,341,425,306,421,274,415,249,418,271,427,238,436,218,443,202,401,269,415,234,430,218,444,208,381,271,398,251,399,278,396,299,360,277,378,261,382,282,379,299,R
341,348,377,346,406,319,408,286,401,260,405,280,419,254,428,241,434,232,387,270,403,234,414,214,423,198,364,270,374,251,375,271,374,286,341,275,352,262,357,279,358,292,R
299,335,334,333,362,296,364,257,358,230,367,267,381,228,390,201,397,178,350,260,369,227,380,205,389,184,329,259,340,236,335,257,330,270,306,263,319,247,317,261,312,271,R
268,329,308,327,338,285,336,242,330,209,342,252,354,213,362,180,367,153,317,246,327,207,331,213,331,219,292,246,303,219,302,251,297,275,265,250,280,230,280,253,274,272,R
254,335,296,332,327,286,322,238,319,199,331,251,342,210,347,175,350,146,305,242,330,199,350,172,366,151,277,242,294,212,291,248,286,276,247,247,267,227,266,257,260,281,R
248,349,289,345,322,296,318,245,312,204,324,254,336,208,341,170,344,139,296,246,317,200,334,183,345,171,266,246,285,216,283,257,277,288,234,253,257,234,257,266,251,290,R
246,360,289,346,316,303,311,259,302,222,319,260,329,217,334,184,338,155,294,254,315,206,334,181,350,161,266,256,282,227,280,263,275,291,235,265,255,244,257,272,252,294,R
246,369,286,352,312,317,310,278,304,247,309,274,320,230,328,208,335,190,286,273,296,249,293,276,289,297,264,278,275,261,274,291,269,311,241,285,255,270,255,293,251,308,R
231,373,269,354,293,320,296,286,296,260,293,284,305,248,314,229,321,213,276,283,290,253,295,262,298,270,257,286,269,266,268,293,264,312,238,293,249,280,250,299,248,313,R
220,365,251,344,273,314,275,283,270,259,285,293,292,259,297,239,302,222,270,289,288,253,297,237,306,223,253,288,257,267,250,290,246,306,234,290,241,274,237,292,233,305,R
229,380,263,361,280,334,279,305,275,282,280,308,291,277,297,259,302,243,262,306,269,285,268,304,265,318,245,308,252,295,252,317,250,330,227,313,237,303,239,319,238,327,R
509,446,476,433,450,397,452,361,466,334,457,365,445,324,437,293,430,267,479,362,466,332,462,346,463,360,501,365,486,340,479,372,481,398,522,373,506,356,497,379,498,398,R
516,416,470,388,445,352,446,313,459,283,452,329,439,295,431,267,424,241,473,323,463,290,461,296,461,306,496,323,484,292,477,319,479,346,519,327,503,303,494,322,494,346,R
525,393,480,371,451,327,451,284,469,253,459,300,444,259,439,228,437,199,483,294,473,255,472,278,475,300,508,295,494,262,488,296,494,324,533,301,516,274,506,296,506,321,R
532,386,488,364,458,322,458,277,478,245,462,289,446,241,441,207,440,175,486,283,459,237,436,213,418,190,514,285,497,248,492,284,494,315,544,293,523,268,513,294,511,320,R
539,389,493,368,461,322,461,272,482,237,465,288,447,238,439,204,434,173,489,281,458,231,438,202,425,174,517,282,498,246,496,284,502,315,547,288,521,264,516,293,521,321,R
544,397,496,376,465,330,465,279,485,243,468,294,449,239,442,203,439,170,493,287,461,233,441,202,428,174,522,287,501,252,502,291,509,323,553,292,527,265,522,294,525,321,R
477,389,424,353,392,311,379,276,365,251,416,263,394,228,374,208,358,190,438,260,415,231,396,229,383,228,458,262,436,237,417,246,408,254,478,268,456,248,440,257,434,267,R
381,338,334,320,305,280,304,241,320,216,325,245,315,207,306,180,298,156,344,240,328,203,309,181,294,162,366,240,341,216,336,246,339,276,390,245,362,225,351,246,351,271,R
364,350,310,316,284,278,282,237,296,209,300,243,291,201,285,172,279,147,318,239,300,198,283,187,269,180,340,239,316,213,311,245,314,275,364,244,336,223,323,246,318,272,R
338,351,292,323,270,275,275,233,291,205,289,245,282,205,275,178,270,154,309,240,294,203,276,180,262,161,333,240,308,215,304,246,308,276,359,244,328,227,315,249,312,274,R
311,335,263,310,242,269,244,230,258,205,258,236,253,198,249,167,246,140,282,231,267,193,248,166,230,145,309,232,285,212,278,243,277,274,337,238,312,220,294,231,280,247,R
271,342,224,325,197,277,198,232,215,202,225,237,217,191,210,154,200,123,249,231,231,185,209,166,191,156,276,232,245,205,234,241,234,276,307,238,274,216,254,237,245,263,R
266,351,214,339,179,289,177,235,196,196,203,245,194,193,187,156,183,123,228,235,206,179,184,153,167,135,257,233,224,196,214,241,216,281,289,236,248,216,227,246,220,278,R
271,349,219,326,189,277,185,226,203,185,212,233,199,183,189,149,181,118,236,227,215,174,192,160,173,153,264,227,232,192,225,237,230,276,295,231,256,210,238,240,233,272,R
329,340,272,310,240,268,232,225,242,191,255,235,241,183,229,146,218,117,279,225,255,179,232,155,213,139,309,220,274,190,270,219,274,250,342,220,306,200,289,219,284,244,R
497,286,448,271,409,223,407,172,427,134,412,191,390,141,376,106,366,74,442,183,423,141,426,167,434,188,473,182,455,150,455,189,463,216,505,186,485,156,479,184,481,209,R
530,288,477,268,438,220,438,167,456,131,439,193,413,141,401,104,392,70,469,185,449,143,447,146,448,142,502,185,486,153,487,191,494,213,536,188,516,162,514,190,518,210,R
542,305,484,282,449,231,453,172,473,134,446,209,420,153,409,116,401,80,474,197,441,144,424,112,415,82,506,193,489,154,489,191,495,224,540,194,519,164,512,190,514,218,R
525,332,472,295,439,241,442,191,464,157,444,215,421,166,410,132,404,100,473,211,456,173,456,192,462,207,504,214,488,183,481,217,485,239,534,222,514,198,504,225,507,243,R
494,373,446,343,417,295,416,251,432,220,429,250,411,205,398,177,391,154,455,247,444,206,432,229,430,257,481,249,469,213,451,241,449,273,507,255,492,226,473,245,466,273,R
460,386,428,368,407,334,410,301,428,282,413,313,405,278,402,255,402,235,433,310,425,277,418,273,414,272,453,313,443,288,437,310,438,331,474,319,460,299,450,315,448,333,R
469,400,427,372,407,337,411,301,422,276,410,310,401,278,398,261,396,245,429,311,424,279,419,286,416,294,450,316,441,296,434,318,433,334,471,324,459,306,448,321,443,335,R
455,386,423,366,406,336,410,306,427,289,412,319,405,288,404,267,404,249,430,318,421,289,416,294,414,300,448,320,439,298,433,320,434,342,468,325,457,305,445,317,440,333,R
451,390,418,371,399,338,401,306,414,286,406,316,397,284,395,265,394,248,423,315,415,291,410,291,407,293,441,318,431,302,427,321,429,338,460,324,447,307,437,320,431,335,R
425,394,395,382,376,363,366,343,357,327,385,323,373,296,364,282,358,271,398,318,383,291,372,280,363,272,414,316,399,300,394,315,394,329,431,317,418,304,410,314,406,326,R
222,453,253,436,269,395,258,360,248,330,273,356,270,317,263,288,254,262,250,354,262,306,270,277,276,253,227,360,228,337,232,371,236,395,204,372,210,355,215,382,217,401,R
221,453,252,436,268,397,255,361,244,331,271,357,268,318,261,289,253,262,249,355,262,308,270,278,276,253,226,362,227,337,232,372,236,397,203,374,209,355,214,383,217,403,R
229,448,260,430,276,392,267,361,256,335,277,351,276,313,271,286,265,263,256,350,265,305,273,278,278,257,233,356,235,336,239,366,242,388,210,368,217,352,222,375,223,391,R
238,435,269,415,285,378,277,344,267,317,285,338,285,299,283,271,281,248,264,339,269,301,276,294,283,289,242,346,246,325,250,354,253,377,221,358,227,341,232,363,233,380,R
244,425,277,406,291,369,281,336,271,308,293,332,293,296,291,270,287,247,273,331,282,290,290,266,297,248,251,338,255,315,259,344,261,365,228,350,237,329,242,353,242,371,R
250,414,281,397,297,362,288,329,279,301,300,323,300,287,298,261,296,239,281,322,290,281,297,258,304,238,259,329,263,307,265,336,267,356,237,340,244,321,247,343,246,359,R
256,409,287,392,304,355,294,320,284,291,304,319,303,283,300,257,297,234,284,318,294,278,304,255,312,235,262,324,267,300,271,330,273,352,241,335,248,317,253,340,255,357,R
257,410,288,394,305,357,295,322,286,295,304,321,304,286,299,258,294,235,284,320,296,277,305,252,313,231,263,326,268,301,271,332,273,354,242,337,249,318,253,342,255,360,R
265,404,297,387,314,350,301,317,292,289,314,315,313,278,311,252,308,230,293,314,302,274,310,250,316,229,272,321,274,299,278,328,280,348,249,332,256,315,260,335,261,349,R
282,381,317,361,333,317,319,278,306,250,330,285,329,246,326,217,322,192,306,287,305,260,310,283,312,303,282,293,285,269,293,300,295,319,259,305,267,283,273,306,273,321,R
280,359,317,344,334,299,319,257,308,227,333,266,332,226,328,195,322,170,307,267,308,233,313,234,317,234,283,274,286,247,293,279,296,301,260,285,267,262,273,286,274,305,R
272,347,309,329,325,287,310,249,298,218,327,253,325,215,320,185,314,159,304,251,314,206,325,179,334,156,280,259,282,231,286,265,288,287,254,272,261,248,265,274,266,294,R
251,340,288,323,307,281,292,243,283,213,310,248,309,206,307,173,307,147,286,249,285,212,288,214,293,216,263,256,260,234,265,265,270,284,241,268,245,249,248,272,250,287,R
228,346,258,317,269,271,256,239,240,221,275,244,272,198,272,168,274,144,256,249,241,217,242,238,249,257,236,260,219,236,223,259,233,274,216,275,202,254,206,272,213,285,R
161,337,187,301,195,256,180,221,162,199,209,238,200,187,199,156,199,131,193,242,170,206,164,219,166,233,175,251,154,223,149,237,150,250,154,263,139,240,134,251,135,262,R
103,324,134,291,146,250,133,214,118,191,159,221,156,178,156,151,157,128,136,222,130,189,129,193,130,199,114,231,104,210,105,232,108,249,92,246,85,227,87,245,90,260,R
69,315,92,285,104,245,92,210,84,181,134,219,129,180,125,154,123,132,112,218,120,176,123,154,129,136,90,225,77,208,74,235,80,252,68,238,58,228,57,249,64,261,R
60,317,83,287,95,246,86,210,78,182,128,226,123,187,117,159,111,135,107,222,114,182,118,157,122,136,83,227,69,206,64,233,67,253,61,237,52,222,49,243,53,259,R
60,317,83,289,96,248,87,213,80,184,128,228,122,190,116,162,108,137,108,224,117,183,121,156,124,135,84,229,70,208,65,237,69,255,62,238,52,224,50,247,56,263,R
70,316,91,286,101,247,92,213,86,185,134,227,128,189,123,162,116,138,114,224,122,183,126,158,129,138,92,229,79,212,75,237,78,254,71,239,62,227,60,247,64,260,R
108,316,135,281,143,244,129,215,114,199,152,221,147,180,145,156,143,134,133,225,112,203,111,223,117,238,112,233,94,216,96,236,103,248,90,245,79,230,81,246,88,256,R
150,318,177,281,183,239,172,209,162,193,179,217,183,185,184,162,182,143,160,222,161,204,174,211,185,217,142,234,144,223,162,234,177,242,126,250,131,246,144,254,155,261,R
303,332,331,322,346,286,339,254,333,234,339,261,341,229,340,207,338,187,323,263,323,243,328,265,330,278,309,268,309,252,315,277,318,288,293,276,297,262,302,280,302,288,R
318,326,348,312,362,281,352,252,345,230,357,257,357,227,353,204,349,185,340,257,345,226,352,215,359,204,323,261,328,242,330,265,330,282,305,268,312,251,316,269,315,282,R
320,321,349,307,361,276,352,249,344,226,359,253,359,225,356,203,352,185,343,252,352,220,359,200,365,182,325,256,331,235,334,259,335,275,307,262,316,247,320,266,320,280,R
334,332,360,315,374,289,365,268,352,257,368,262,371,232,372,211,372,192,355,263,361,240,364,231,363,224,340,267,344,252,349,270,349,284,324,273,333,260,338,272,339,283,R
363,337,390,320,403,292,395,266,390,247,391,267,394,241,394,222,394,206,378,267,386,236,394,217,400,202,362,271,372,255,376,276,376,292,345,279,359,265,365,280,365,291,R
382,337,407,322,419,293,410,268,405,247,406,268,406,241,405,223,405,207,391,268,398,236,406,217,413,202,376,272,389,255,394,278,394,295,360,278,375,264,381,280,381,293,R
381,342,405,326,417,295,407,269,402,247,404,272,406,244,406,224,406,208,390,271,396,238,404,219,411,204,374,275,385,254,390,278,389,296,358,282,371,265,377,282,377,296,R
371,357,396,347,410,314,401,285,392,264,401,284,405,254,407,232,410,215,384,283,392,249,401,229,410,213,366,287,376,269,379,294,379,313,348,295,362,282,365,301,364,317,R
483,346,456,340,439,312,441,285,451,266,442,290,439,264,440,244,442,227,458,288,446,259,437,240,430,225,475,291,468,273,465,294,464,312,493,300,484,289,480,306,480,321,R
471,350,446,338,431,306,439,278,456,261,437,282,435,253,440,230,445,210,455,282,449,252,437,252,427,254,474,287,467,268,461,293,458,312,492,297,483,282,475,299,472,315,R
471,357,443,347,427,314,436,285,454,267,432,288,430,257,433,235,438,216,450,285,436,250,428,229,422,211,470,288,461,267,458,293,458,313,490,297,476,286,467,305,463,321,R
461,356,429,343,411,312,423,285,443,271,415,287,412,254,414,233,417,213,432,284,419,250,411,230,408,212,451,287,444,267,441,290,441,309,471,296,460,283,454,302,454,317,R
431,355,401,340,385,310,397,284,416,273,392,285,387,255,387,235,388,218,409,282,396,248,390,229,387,213,427,285,418,268,414,290,415,308,446,292,433,284,427,301,426,315,R
425,354,396,344,380,315,387,288,400,273,387,285,384,255,386,236,388,218,404,281,390,246,381,227,375,211,422,285,411,264,406,287,406,306,441,295,427,283,416,299,410,314,R
418,354,387,341,371,313,381,286,393,269,373,283,369,256,368,239,368,224,390,279,384,250,379,233,374,220,408,281,398,258,389,260,382,264,428,288,416,276,407,289,402,302,R
384,370,352,352,335,323,340,296,352,281,345,298,338,267,335,247,334,228,359,295,343,261,332,241,325,225,376,298,360,282,353,306,353,324,393,306,375,293,362,309,356,324,R
372,373,342,361,324,330,331,302,346,286,334,302,329,271,331,250,333,231,350,298,335,262,326,241,319,223,367,301,354,285,350,310,350,329,384,310,368,299,357,316,351,332,R
373,373,344,359,328,329,336,301,352,285,338,302,333,269,333,248,334,229,354,299,340,262,333,242,329,226,372,302,359,284,354,310,355,331,390,310,372,298,361,316,354,332,R
388,370,356,354,339,323,348,296,364,282,349,298,340,268,337,248,336,231,366,296,354,260,347,239,343,222,385,299,373,280,365,302,364,321,404,307,389,292,378,308,373,324,R
404,363,371,349,356,315,366,285,380,265,369,291,366,258,367,236,370,217,385,289,373,251,364,230,358,213,403,291,391,270,386,294,387,315,423,298,406,283,397,302,394,319,R
462,333,436,320,421,290,430,265,447,250,429,263,428,232,431,210,434,191,447,264,440,228,429,206,421,188,466,271,463,246,452,266,443,284,484,284,478,265,467,281,459,297,R
474,330,447,317,431,284,443,254,463,237,435,260,433,227,439,203,446,182,452,258,437,220,429,197,424,177,472,262,466,241,463,264,462,283,492,272,482,254,473,271,469,288,R
475,327,447,312,432,278,444,246,465,229,435,253,431,218,433,193,436,171,453,251,440,214,436,193,435,174,474,256,468,233,463,257,461,278,494,265,483,248,474,265,469,282,R
486,322,458,307,443,271,458,240,481,225,445,246,444,210,447,185,451,164,463,244,452,206,447,186,447,167,483,249,481,231,475,256,473,273,504,260,497,244,489,263,484,277,R
498,322,466,304,453,267,472,237,495,223,454,243,456,209,462,184,469,162,474,242,462,204,458,182,458,162,495,248,494,228,489,254,486,274,517,259,511,243,502,261,495,277,R
501,323,470,307,457,271,473,239,495,221,459,244,459,208,467,182,474,160,478,242,466,203,462,181,461,161,500,248,497,225,492,251,490,272,522,260,514,243,505,262,499,279,R
491,324,459,310,443,272,461,243,483,230,448,243,448,209,452,185,457,165,467,241,455,200,448,176,446,155,488,246,485,225,478,251,474,271,508,257,499,244,491,265,487,281,R
465,323,431,307,414,274,426,243,447,228,420,243,418,207,418,182,418,161,438,243,427,202,420,178,415,157,459,248,454,228,448,253,445,273,480,259,470,244,462,263,458,279,R
