187,414,223,403,247,377,238,345,209,337,245,337,251,316,242,339,235,360,224,334,224,323,216,355,210,376,203,332,199,327,199,356,196,377,184,329,184,297,184,276,185,257,I
185,415,222,405,245,378,236,347,207,338,244,339,249,317,240,341,233,362,222,336,222,324,214,357,208,377,202,334,198,328,197,357,195,378,183,330,184,298,185,277,186,258,I
185,415,221,405,245,378,237,346,208,337,244,337,250,315,240,340,232,360,223,334,223,322,214,356,208,376,203,332,199,326,198,356,195,377,184,328,184,296,185,276,187,256,I
186,413,224,403,245,378,236,347,206,338,246,336,251,317,242,341,235,361,223,335,223,324,216,358,211,377,203,332,199,328,199,358,197,378,184,328,185,297,186,276,188,256,I
186,414,223,405,246,379,236,348,206,339,246,339,251,318,243,341,235,361,224,336,223,326,216,359,211,378,203,334,199,329,199,358,197,379,185,329,186,298,188,277,189,257,I
185,414,223,404,245,380,236,349,206,340,246,338,251,319,243,344,235,364,223,337,224,325,216,360,210,379,203,334,199,330,199,360,196,380,184,328,185,298,187,277,189,257,I
188,415,226,406,248,380,236,349,204,342,249,339,253,320,244,344,236,363,226,337,226,326,217,360,212,377,205,334,200,330,200,360,197,379,187,329,188,299,190,278,192,258,I
187,415,225,407,248,382,239,350,208,340,249,338,254,317,244,342,237,362,226,336,226,323,218,359,213,377,206,334,201,329,201,359,199,379,187,329,188,297,190,277,192,256,I
185,417,220,409,246,382,240,349,213,338,246,341,253,318,245,341,237,361,225,337,226,323,218,356,212,377,205,334,202,325,201,356,198,377,185,330,187,297,190,276,192,256,I
183,418,220,408,244,381,237,349,210,338,245,340,251,316,243,340,236,361,223,337,224,323,216,356,210,376,203,334,200,325,199,355,197,376,183,329,186,297,189,275,192,255,I
181,418,218,407,243,382,235,350,207,338,242,341,250,317,241,341,234,361,220,337,222,324,214,357,207,377,200,334,198,326,197,356,194,376,181,330,185,297,188,276,191,256,I
179,418,217,406,241,379,233,346,202,337,241,338,247,314,238,340,231,360,219,335,220,320,212,355,206,374,198,332,195,325,194,356,192,377,179,328,182,295,185,274,187,253,I
178,416,217,405,240,380,231,348,201,339,239,337,247,316,238,340,231,360,217,335,219,323,210,358,204,377,196,332,194,326,193,357,190,377,177,327,181,295,185,274,188,254,I
177,417,215,406,239,380,231,348,202,337,239,338,245,315,237,339,230,360,217,335,217,321,209,356,203,376,196,333,193,325,192,356,189,376,176,328,180,295,183,274,186,254,I
176,417,215,405,238,379,230,347,200,337,238,337,244,315,236,341,229,361,216,335,216,321,209,356,202,376,195,332,192,325,191,356,188,376,176,327,180,295,183,274,187,254,I
176,417,213,406,237,379,229,347,200,337,237,338,244,315,235,339,228,359,215,335,216,321,208,356,203,376,194,332,192,325,191,356,188,376,175,328,179,295,182,274,186,254,I
176,416,214,404,236,379,228,348,199,337,237,337,243,315,235,339,228,360,215,334,215,322,207,357,200,377,194,332,191,326,190,356,186,376,175,327,179,295,182,275,185,255,I
175,416,212,405,235,380,228,348,199,337,236,338,243,316,234,339,227,359,214,335,214,322,206,356,199,377,193,332,190,325,189,355,185,376,174,327,178,296,182,275,185,256,I
174,417,212,406,236,379,226,347,196,338,235,339,242,316,233,339,226,360,213,336,214,323,206,356,200,376,193,333,190,326,189,355,185,377,173,329,177,296,180,276,183,256,I
172,417,211,406,233,380,225,348,196,338,233,338,239,316,231,341,224,361,211,336,211,323,204,358,198,377,190,333,187,327,186,358,184,378,171,329,175,296,178,275,181,256,I
174,416,213,404,235,378,224,348,193,339,235,337,240,316,232,342,225,362,211,335,212,323,204,359,198,377,190,333,187,328,187,359,184,378,172,328,175,297,178,276,181,256,I
174,416,212,406,234,380,224,349,194,340,235,338,240,317,232,341,226,361,212,336,212,324,204,359,197,379,191,333,187,328,186,359,183,379,172,328,176,297,179,277,182,257,I
173,417,211,407,234,381,225,350,194,340,235,339,240,318,232,342,225,362,212,337,212,324,203,360,197,379,191,334,186,329,185,359,183,380,172,329,175,297,178,277,181,257,I
173,417,211,407,234,381,225,349,195,340,235,340,240,318,231,342,224,362,212,337,211,324,203,360,196,380,191,335,186,329,185,360,182,380,172,329,175,298,178,277,181,257,I
172,421,209,411,233,384,226,350,196,339,233,341,239,318,231,342,224,363,210,338,211,324,203,359,196,379,189,335,187,327,185,359,182,380,169,331,174,299,177,277,180,257,I
172,420,210,408,234,382,224,350,194,340,233,340,239,318,231,344,224,365,210,338,211,325,203,361,196,381,189,335,186,329,186,361,183,381,170,330,174,298,177,277,180,257,I
177,425,215,413,241,383,229,349,195,344,238,343,245,320,235,346,229,365,217,339,217,324,210,357,206,374,196,336,192,327,192,357,189,378,176,333,178,300,181,278,184,257,I
459,476,431,472,409,455,410,435,423,419,412,415,403,393,408,409,414,422,431,409,422,393,426,409,429,420,449,407,442,398,444,416,447,430,466,406,462,377,458,358,454,343,I
456,464,425,458,404,436,407,410,423,394,401,403,397,375,403,386,407,399,422,395,418,374,425,394,428,410,441,391,440,380,442,400,443,417,459,388,457,360,455,340,451,324,I
448,456,419,446,400,422,412,395,437,383,400,383,394,358,402,383,405,398,420,378,416,359,422,390,423,404,438,375,437,365,437,396,437,416,456,373,457,340,455,319,452,299,I
446,451,416,440,398,414,406,388,429,375,397,374,391,351,399,376,402,390,417,369,411,350,417,382,417,392,434,368,431,355,431,384,432,402,453,367,454,333,452,312,450,292,I
452,444,421,430,403,403,415,376,441,364,401,367,396,342,404,366,409,381,422,362,418,340,424,370,426,389,441,360,439,348,438,376,437,397,460,359,461,327,460,306,458,286,I
463,440,430,425,414,400,428,374,454,363,413,362,408,337,417,363,422,380,435,358,431,338,438,371,441,390,455,356,453,345,452,375,450,396,473,355,475,322,475,299,474,278,I
467,436,434,422,418,398,431,373,459,361,416,358,413,334,421,360,426,376,439,354,436,335,442,367,444,384,459,353,457,342,457,372,456,392,478,351,480,319,480,298,478,277,I
471,436,438,422,421,397,435,371,461,358,421,360,417,332,425,358,429,375,443,355,439,334,445,365,448,383,463,353,460,339,460,369,460,390,481,351,484,319,484,298,482,277,I
469,436,437,421,420,396,435,369,464,358,420,358,417,332,424,359,428,374,442,354,439,333,445,366,447,382,463,352,462,340,461,372,459,392,482,350,483,317,482,296,481,276,I
467,438,435,423,418,397,432,371,460,360,418,358,416,332,423,358,427,374,440,355,439,334,444,366,446,384,461,353,461,341,459,372,457,393,480,352,481,319,481,297,479,276,I
465,439,434,423,416,398,429,372,456,360,416,358,414,332,421,359,424,374,438,355,436,335,441,367,442,383,458,354,458,343,456,375,454,395,477,353,478,320,478,297,476,276,I
464,439,432,424,414,398,428,372,455,361,414,358,412,332,419,359,422,375,436,356,435,335,440,368,442,385,457,354,457,342,455,373,453,394,476,353,477,320,477,298,475,277,I
462,440,430,424,413,399,426,373,452,362,413,359,410,333,417,360,420,376,435,356,432,336,437,368,439,385,456,355,454,343,453,374,451,394,475,353,476,320,476,298,474,277,I
462,437,429,421,412,397,426,372,453,361,413,358,409,334,417,361,422,376,435,356,432,335,437,369,441,386,455,354,454,343,453,375,452,395,474,352,475,318,475,296,473,276,I
460,440,428,425,411,399,425,373,452,363,412,359,409,334,416,361,420,376,433,356,430,336,436,367,437,383,453,355,452,342,451,371,449,391,472,354,473,320,473,298,471,278,I
461,440,428,424,411,399,424,373,452,362,412,360,408,334,415,361,420,377,434,357,431,336,436,369,439,387,454,355,453,344,452,376,451,398,473,354,474,320,474,298,472,277,I
459,441,427,426,409,400,423,373,449,363,409,360,406,334,413,361,417,376,431,357,428,336,433,368,435,384,451,356,451,344,449,376,447,396,470,355,471,321,470,298,467,277,I
458,441,425,425,407,400,420,374,447,362,407,360,404,334,412,361,416,377,429,358,426,336,432,369,435,386,450,356,449,344,448,377,446,398,469,354,469,321,468,298,466,277,I
458,438,424,423,407,399,420,373,448,362,406,360,403,335,411,362,415,377,429,357,427,336,433,370,435,388,450,355,449,345,449,377,447,397,469,352,469,319,468,297,466,277,I
458,439,424,425,407,399,420,373,449,361,408,360,403,335,411,363,416,377,430,357,426,336,432,369,434,386,450,355,448,344,448,376,447,396,469,353,469,319,468,297,466,277,I
458,439,425,423,408,399,420,373,447,361,408,360,404,335,411,361,416,377,430,358,426,337,432,370,435,388,450,356,448,345,448,377,447,398,469,353,470,319,469,297,466,277,I
459,440,425,426,408,400,423,373,451,362,408,361,405,335,413,362,417,377,430,358,428,338,434,371,437,388,451,356,450,346,450,378,449,398,470,354,471,320,470,298,467,277,I
459,439,425,424,409,399,423,373,451,362,408,361,405,335,413,362,417,377,430,358,428,337,435,371,437,388,451,356,451,346,451,379,450,399,470,353,471,320,470,298,467,278,I
202,307,224,294,237,268,228,242,214,227,234,238,234,216,230,234,230,247,215,235,215,213,213,236,214,244,198,236,194,215,197,237,200,253,182,241,168,220,159,207,151,192,I
201,307,223,294,236,268,227,243,213,227,233,238,234,215,229,234,228,247,214,234,215,212,212,235,212,243,197,235,194,213,196,236,197,252,181,241,167,219,158,207,149,192,I
201,306,223,294,236,268,227,242,212,227,233,237,233,215,228,233,229,246,214,234,214,212,212,234,212,243,197,236,193,213,196,236,198,252,181,241,166,220,157,207,149,193,I
201,306,223,292,236,266,225,240,210,225,232,236,232,215,228,234,228,246,213,233,213,211,211,234,212,242,196,234,192,212,195,236,197,251,180,240,165,219,155,206,147,192,I
202,304,225,290,238,265,227,239,210,227,234,236,235,216,230,233,229,245,217,233,216,211,214,232,215,244,200,234,197,213,201,233,204,249,184,239,168,219,157,207,148,194,I
219,301,242,287,256,263,245,237,231,223,255,232,255,213,251,229,251,240,238,228,237,209,236,230,238,240,221,229,218,208,222,228,224,243,204,234,190,213,180,201,171,188,I
244,296,269,283,286,259,283,233,274,215,285,226,290,206,289,222,289,234,268,221,272,204,272,228,272,240,250,221,253,202,255,224,256,240,232,226,222,203,215,190,209,176,I
255,294,283,282,303,260,296,234,288,217,298,226,301,209,299,222,298,234,280,221,282,203,281,225,280,241,262,221,264,202,265,223,266,239,244,224,235,201,228,188,222,175,I
268,290,295,282,316,260,316,232,306,213,314,229,324,208,316,224,310,237,297,223,305,201,300,223,297,235,280,220,286,197,285,220,283,237,262,220,253,195,247,180,243,165,I
280,286,308,281,332,259,335,230,325,210,331,227,341,205,333,220,327,232,314,219,322,196,318,215,316,228,296,216,302,193,305,216,306,234,278,217,271,191,266,175,262,159,I
278,285,307,277,332,257,333,229,324,210,328,223,337,203,330,218,325,231,312,217,319,195,316,215,314,229,295,215,300,194,302,217,301,235,277,215,270,190,265,174,261,156,I
270,287,300,279,324,257,323,229,311,212,318,224,327,203,320,222,315,234,302,218,309,196,305,219,302,233,286,215,291,196,292,220,291,237,268,214,264,188,262,172,259,155,I
252,289,282,282,305,262,300,235,286,221,296,225,302,207,298,225,298,238,280,220,284,202,282,225,281,240,264,217,267,203,267,224,266,240,247,217,248,191,249,177,249,164,I
246,292,275,283,297,262,288,238,271,227,289,230,295,209,299,216,301,227,273,224,276,205,276,224,276,242,257,222,259,206,261,226,261,243,240,223,241,197,242,181,242,168,I
212,300,241,293,261,270,249,243,228,231,254,237,253,215,249,236,248,250,237,232,235,212,234,237,234,249,221,231,217,215,218,239,219,254,203,232,202,207,201,192,199,177,I
203,302,230,292,248,270,238,245,220,233,239,238,241,219,237,239,236,252,223,234,221,215,221,238,222,252,207,233,203,215,206,236,208,253,191,235,190,209,189,193,188,180,I
182,306,209,297,225,272,211,248,191,238,218,242,219,222,213,241,211,254,202,238,200,219,196,241,196,254,185,238,180,222,181,242,183,258,168,239,165,214,163,198,161,185,I
168,309,192,297,207,274,192,251,173,241,202,244,205,227,199,244,196,257,186,240,187,223,183,242,181,257,169,239,168,222,167,240,166,258,152,240,147,216,143,201,141,189,I
152,312,176,301,190,277,173,253,152,243,185,245,185,229,179,248,179,261,166,241,165,225,162,246,163,259,148,242,143,229,143,249,145,264,130,245,124,221,119,206,116,193,I
146,316,171,306,185,281,167,256,146,246,179,250,173,228,169,249,171,264,158,246,150,226,149,251,152,266,139,247,128,232,133,253,138,270,121,250,116,224,111,209,107,196,I
154,323,178,309,192,283,174,259,153,251,185,250,180,232,179,251,181,262,165,248,159,229,162,253,165,265,146,251,138,232,145,253,151,269,129,258,110,236,97,223,86,209,I
168,327,194,312,210,286,196,259,176,250,203,255,205,235,202,253,201,265,185,252,184,231,185,253,187,269,166,254,163,232,170,250,176,268,146,259,130,237,116,224,104,213,I
182,325,209,311,226,286,214,259,195,247,217,255,219,233,216,251,214,266,199,252,198,231,198,252,199,266,181,254,176,232,182,253,186,271,162,258,146,234,134,220,123,207,I
204,319,230,305,248,282,240,255,226,240,241,246,241,228,237,248,237,260,223,243,222,226,221,250,222,264,205,244,200,226,205,247,209,263,187,248,172,225,160,212,149,200,I
223,318,251,307,271,285,267,259,256,241,270,248,273,231,266,248,263,260,251,243,253,228,249,254,249,268,232,241,233,225,235,248,237,264,213,244,203,218,196,203,190,188,I
229,321,256,315,278,295,275,267,262,249,275,256,281,236,273,256,270,268,257,250,260,230,256,255,257,270,239,248,240,230,242,255,245,272,220,249,214,223,210,206,209,189,I
218,337,243,333,262,315,257,292,250,276,261,278,265,253,259,272,255,287,241,273,244,249,241,272,240,287,222,272,223,257,223,279,224,295,202,274,198,248,197,236,196,225,I
493,459,455,454,424,424,414,392,413,367,444,389,439,373,437,395,440,414,467,382,458,370,456,395,460,414,489,380,480,369,477,391,480,410,511,381,512,352,513,337,516,327,I
459,360,423,357,388,337,373,311,376,284,394,292,381,270,387,293,397,313,415,283,400,263,404,291,413,314,438,278,426,269,425,297,429,320,462,277,461,243,461,222,460,203,I
455,333,409,326,374,306,358,278,358,250,380,265,368,244,372,264,379,281,398,255,383,234,386,261,393,284,418,248,405,236,404,264,408,287,439,243,430,211,423,191,416,174,I
455,309,413,304,380,286,364,260,370,233,392,241,380,216,381,237,385,257,412,232,398,211,399,240,405,263,433,227,423,213,419,242,418,265,456,225,460,195,464,175,466,157,I
479,290,437,286,403,263,393,232,402,206,416,219,408,193,414,215,420,236,438,210,429,182,431,212,438,238,462,206,457,188,452,218,450,244,487,207,492,181,499,166,505,152,I
487,288,446,285,412,260,402,228,409,200,422,216,414,189,421,211,428,232,444,206,437,178,440,208,444,234,469,202,466,183,462,215,459,241,495,201,504,167,513,146,520,125,I
491,284,450,279,416,255,406,222,414,194,429,210,421,186,428,209,437,232,450,202,442,174,446,205,452,231,474,197,469,178,465,210,463,236,499,197,507,163,515,141,521,119,I
491,283,450,279,416,254,406,221,414,193,428,210,422,184,429,208,438,230,449,202,442,174,445,206,451,231,472,197,468,177,464,208,464,233,497,196,506,163,514,140,520,118,I
487,281,445,276,411,255,400,224,405,196,421,213,413,189,419,210,427,229,441,204,431,176,436,204,443,228,463,197,457,180,455,210,456,233,486,194,486,161,487,139,487,119,I
485,280,442,278,407,256,397,225,403,198,418,215,408,191,416,211,425,231,438,206,428,180,433,209,441,234,460,200,452,182,451,212,453,235,483,195,479,163,475,142,470,123,I
488,280,447,280,411,258,399,228,406,200,422,216,412,193,419,214,427,234,442,207,431,182,437,211,444,235,463,201,455,186,455,216,456,240,485,197,476,166,469,146,461,129,I
500,282,457,281,423,260,413,229,422,203,432,221,424,199,433,217,442,235,453,209,444,185,452,212,461,237,475,202,468,188,470,215,474,239,498,197,490,167,483,148,475,132,I
513,286,472,285,436,263,428,231,439,205,446,223,437,200,447,218,456,237,468,212,459,188,467,215,477,241,490,205,485,191,487,218,491,242,514,200,507,169,502,149,496,133,I
538,293,496,290,460,267,452,235,465,209,473,226,465,201,472,222,481,241,495,216,486,191,493,220,501,246,517,209,513,192,514,222,517,248,540,206,535,173,531,152,528,134,I
556,299,515,297,478,271,471,236,484,208,489,227,484,202,495,225,505,248,512,216,505,188,512,218,520,244,537,211,535,191,536,224,537,251,564,211,570,179,578,158,583,140,I
562,302,519,296,484,270,477,235,488,206,494,225,488,200,498,223,507,245,519,216,513,188,520,220,526,246,544,211,543,191,542,224,541,250,570,212,579,177,588,154,594,133,I
560,305,517,299,483,273,475,239,487,212,495,228,489,202,499,225,508,248,518,218,513,192,520,224,527,251,543,214,542,193,541,226,542,252,570,215,579,181,588,158,596,137,I
554,313,509,307,475,285,466,253,477,226,484,240,477,214,483,234,490,254,508,230,501,203,506,232,513,259,533,225,530,206,529,237,530,263,558,224,565,190,571,167,575,146,I
538,322,495,318,459,296,447,265,453,236,466,252,455,228,465,249,473,270,487,241,477,216,485,246,492,272,511,235,505,220,506,252,508,277,535,230,528,197,523,176,517,158,I
528,339,485,336,447,317,433,286,442,257,454,272,445,247,453,270,460,291,476,262,467,237,473,266,480,292,499,255,494,238,494,268,496,294,523,249,516,214,510,192,504,173,I
519,357,479,354,442,334,430,304,438,277,451,288,442,266,448,289,455,308,473,279,463,255,468,286,474,311,496,273,489,258,490,290,492,315,519,268,513,233,508,210,502,190,I
518,382,479,383,442,361,431,332,441,306,451,314,441,292,449,316,457,336,473,305,463,283,469,314,475,339,497,300,490,287,491,321,493,347,521,296,515,261,511,238,506,217,I
520,394,482,393,445,371,432,343,441,318,451,325,442,302,450,326,457,347,474,315,464,295,469,328,476,354,498,310,490,299,491,332,493,356,521,307,516,272,512,249,507,229,I
178,293,214,284,245,252,241,215,215,197,243,206,251,181,240,209,237,222,220,198,225,174,220,206,219,220,196,195,200,176,204,210,205,232,173,194,166,160,162,137,158,110,I
178,289,214,280,245,249,241,212,216,194,244,203,251,178,240,205,238,219,221,195,225,170,220,202,220,216,197,192,199,175,203,209,206,230,174,192,167,157,162,134,158,107,I
175,287,211,277,242,247,238,210,213,192,240,203,249,177,238,203,235,216,218,194,224,168,218,199,217,213,194,190,197,171,201,204,202,226,171,188,164,153,159,129,155,103,I
162,287,203,280,236,247,231,208,205,191,232,201,243,175,231,202,226,217,210,192,218,164,210,195,208,211,185,188,190,170,192,203,192,226,160,187,155,150,149,125,143,101,I
139,300,181,295,217,256,211,212,183,192,214,211,225,179,212,209,207,225,190,199,198,169,188,206,188,219,163,194,167,170,166,208,165,233,134,192,130,149,124,121,117,94,I
129,314,172,306,210,268,204,222,175,201,211,218,221,186,207,218,203,234,185,206,192,176,181,213,183,227,156,200,160,176,159,215,159,241,128,198,123,154,117,126,112,96,I
125,333,171,326,213,287,210,239,182,213,220,231,230,201,213,232,210,247,191,218,199,187,186,226,186,243,161,211,164,189,163,231,163,258,132,208,129,164,125,135,123,105,I
130,354,177,348,222,309,224,259,197,231,226,249,241,216,222,246,214,264,198,235,209,201,195,241,193,260,168,227,174,202,172,246,171,274,138,223,135,176,133,145,133,114,I
159,368,211,365,263,325,269,273,236,248,262,262,283,229,261,260,250,277,234,248,251,213,234,255,227,277,204,240,217,214,214,258,211,290,173,234,173,185,171,152,171,119,I
194,370,251,367,306,325,309,271,275,245,299,264,323,231,302,263,290,282,271,247,292,214,274,258,265,283,242,237,257,212,254,257,248,287,212,231,212,179,213,146,215,112,I
227,366,287,363,344,326,354,272,317,244,333,257,360,226,339,258,326,277,305,242,326,209,311,256,302,283,275,232,293,207,295,254,290,288,245,227,247,177,249,143,251,110,I
247,364,307,364,369,327,384,273,351,240,366,254,391,223,369,256,356,277,336,237,356,206,339,251,331,278,305,227,324,205,322,255,315,291,274,221,279,168,281,131,283,94,I
274,360,335,361,404,323,422,266,386,231,400,247,427,214,403,250,389,272,370,229,393,193,374,243,363,274,338,218,361,193,356,246,347,282,306,211,315,158,319,122,324,85,I
279,360,340,362,410,325,430,269,392,237,408,243,436,214,413,254,401,276,379,227,404,191,388,239,380,267,346,216,368,197,364,253,357,290,313,210,321,158,326,121,333,83,I
276,359,339,356,405,324,422,270,390,235,400,243,428,213,406,250,393,271,371,228,396,194,378,243,366,274,341,218,363,193,359,246,350,283,308,211,317,157,325,120,333,83,I
250,346,307,339,365,305,377,256,350,224,363,244,393,214,369,246,355,264,340,227,363,197,345,237,337,257,314,216,334,194,327,243,318,274,288,207,295,159,297,130,300,98,I
238,337,291,327,338,298,349,254,327,227,338,244,360,220,340,245,328,260,316,231,333,206,320,239,312,258,293,222,306,202,302,242,295,271,268,216,273,174,277,148,282,122,I
228,330,274,321,313,293,320,253,300,230,312,249,332,222,317,244,308,259,292,238,309,211,297,242,291,260,271,230,283,208,279,243,274,267,248,225,251,187,254,165,258,140,I
208,331,249,324,283,298,283,261,263,239,280,260,296,233,281,255,272,270,261,250,273,224,263,251,260,267,242,244,250,222,250,252,250,274,222,239,224,208,224,189,224,168,I
206,329,242,321,270,295,269,263,251,246,267,260,280,236,270,254,263,268,249,252,259,228,253,252,250,266,230,248,236,229,237,258,236,278,211,246,209,216,210,197,210,176,I
205,327,238,319,265,293,263,261,243,245,260,260,271,236,262,257,259,268,243,253,250,229,245,254,245,265,224,249,228,231,231,259,233,278,206,247,203,220,201,202,199,182,I
204,329,235,321,259,293,255,262,236,249,253,263,262,240,254,260,251,272,236,257,241,234,237,258,237,271,218,255,222,235,225,262,226,281,201,254,197,228,193,211,191,193,I
206,328,236,320,260,294,257,264,236,252,254,263,262,241,255,260,253,271,237,257,242,235,238,259,237,272,220,255,223,238,226,263,227,281,202,255,197,229,195,211,193,194,I
215,330,245,319,267,296,260,267,239,258,259,267,268,246,262,264,259,275,244,262,249,239,245,261,245,274,227,260,230,243,234,266,235,283,210,260,203,235,199,218,196,201,I
241,330,272,319,294,294,289,265,267,259,281,266,292,245,287,263,283,273,266,262,275,240,273,261,271,275,249,261,256,246,262,268,263,285,233,261,227,235,224,218,221,202,I
282,333,311,324,334,300,336,270,316,257,322,271,332,247,328,266,324,280,308,267,315,241,314,264,312,281,292,264,299,246,305,268,305,287,274,264,270,239,267,222,264,207,I
289,369,312,364,334,349,346,333,343,317,313,305,317,275,327,286,330,304,298,304,301,273,313,286,318,304,282,308,284,281,297,292,304,306,265,316,258,297,256,284,252,272,I
286,395,307,391,327,378,340,363,337,350,308,335,311,309,317,306,322,313,292,330,294,300,301,297,308,305,276,333,276,306,284,301,291,304,261,341,254,319,251,304,250,296,I
418,447,389,453,365,461,348,473,335,484,364,442,345,468,345,481,351,486,385,440,370,470,369,489,369,498,409,444,400,475,397,492,395,499,431,450,428,477,425,490,422,496,I
422,455,379,449,341,426,328,397,333,369,348,362,328,339,330,361,337,377,374,354,355,333,359,372,368,392,404,354,391,335,390,371,393,393,433,362,445,334,454,317,461,297,I
440,425,391,427,347,404,335,371,347,339,344,341,326,319,341,351,354,365,371,325,355,301,366,343,376,361,402,317,390,293,395,334,403,358,435,315,444,278,451,255,457,232,I
482,408,434,416,380,391,372,350,396,319,373,321,353,301,373,330,387,342,402,300,384,276,399,318,410,332,436,290,420,261,431,306,442,334,474,287,478,247,485,225,491,200,I
486,400,435,407,382,383,375,342,394,306,373,310,353,287,374,319,388,334,401,289,381,264,400,307,415,327,435,277,418,250,430,293,441,321,472,271,479,225,488,198,494,169,I
484,393,432,402,378,379,367,337,386,298,365,307,344,283,367,313,385,327,394,284,373,257,395,301,411,323,428,269,409,240,421,285,434,315,466,262,472,213,481,183,485,152,I
490,392,437,401,378,378,367,334,390,296,366,305,343,281,365,311,383,326,394,281,370,254,391,298,407,318,429,266,407,237,422,284,439,315,467,258,474,209,481,176,484,142,I
486,388,432,395,373,370,362,324,381,282,359,295,338,271,362,303,381,318,388,271,365,242,390,288,410,313,424,255,402,225,420,275,437,308,464,245,465,193,468,159,467,125,I
485,383,431,388,372,366,358,322,378,280,352,293,329,266,355,296,376,313,383,269,362,239,387,284,405,309,419,252,399,221,415,270,431,304,459,242,459,189,462,154,461,118,I
490,381,432,385,375,364,363,320,381,279,359,294,336,267,360,298,379,313,387,270,366,239,389,282,407,308,421,253,401,223,418,269,435,302,459,242,458,190,459,156,455,122,I
503,385,447,388,393,369,377,328,386,285,381,303,355,277,378,305,396,319,407,282,385,254,407,293,424,318,438,266,416,238,433,281,449,312,471,256,463,210,459,181,450,152,I
498,389,444,389,396,368,380,331,388,293,389,310,366,285,383,312,399,327,413,294,393,267,412,304,429,328,440,280,419,252,432,290,448,318,469,271,464,229,460,202,453,175,I
489,396,439,393,398,372,383,337,388,302,395,320,374,294,387,318,400,334,416,306,398,280,414,314,430,337,441,295,422,270,432,303,445,329,467,287,462,248,457,224,451,202,I
488,396,442,394,404,373,391,341,399,311,403,330,384,306,395,327,407,340,422,318,406,291,420,323,433,344,444,307,427,281,436,312,447,335,467,299,463,264,458,244,452,225,I
486,400,443,399,404,377,392,345,400,316,404,330,389,308,399,331,409,347,424,319,409,296,420,327,433,349,446,310,430,287,437,319,449,343,470,306,466,273,462,252,457,230,I
479,401,436,399,399,377,389,344,399,314,400,330,385,308,396,330,407,346,420,319,406,295,418,326,430,348,443,311,428,287,434,319,443,344,468,307,465,274,462,253,458,232,I
455,391,410,385,375,361,365,329,369,301,383,315,368,294,376,317,388,334,402,305,386,283,397,313,409,335,424,297,408,276,415,305,426,328,448,293,447,258,445,236,442,215,I
381,384,333,384,292,357,282,321,290,289,293,302,274,276,289,304,306,325,317,289,298,262,313,299,328,326,344,280,324,255,334,293,346,320,373,275,371,235,368,210,362,185,I
369,376,322,374,278,344,265,308,276,276,286,287,268,267,278,294,291,312,307,275,287,253,299,290,313,316,333,268,311,244,316,280,328,309,363,262,355,219,349,194,344,170,I
382,361,330,363,284,335,272,296,288,262,288,280,268,251,284,278,299,297,313,265,295,235,311,274,326,301,341,255,323,227,330,266,340,296,371,247,367,206,363,179,356,154,I
438,366,387,370,335,341,323,296,342,259,337,281,315,248,334,276,352,297,365,264,346,232,364,272,381,301,395,253,377,224,388,265,401,297,428,247,424,204,424,178,421,152,I
469,378,417,374,367,343,357,300,378,264,367,281,350,251,365,282,379,304,396,265,380,233,396,277,411,307,430,254,414,223,425,268,437,301,465,250,465,204,464,175,461,146,I
149,468,172,440,181,399,167,369,141,368,146,380,146,360,153,380,154,398,123,384,121,360,133,385,139,407,101,393,97,367,110,383,119,401,82,406,68,381,76,369,87,363,I
150,467,173,439,182,398,168,369,143,367,146,380,144,359,151,378,154,397,123,385,120,360,133,382,139,406,102,393,96,366,111,381,121,400,83,406,68,382,75,369,87,362,I
254,361,274,337,281,304,276,280,267,268,257,271,249,251,252,261,257,272,239,276,230,259,235,270,241,282,222,286,214,270,219,279,223,291,206,299,198,285,201,289,205,296,I
289,326,313,299,318,259,301,235,281,232,296,235,291,212,289,211,287,217,274,238,267,214,270,216,274,225,255,245,241,227,243,229,245,235,236,256,215,235,200,222,187,210,I
309,323,333,297,340,253,324,219,299,211,323,227,316,201,315,208,316,222,299,232,291,206,299,228,306,252,278,240,264,217,267,219,271,226,258,253,235,229,220,215,207,202,I
311,324,334,300,342,256,325,224,300,216,320,228,312,201,311,211,311,226,296,233,286,205,294,231,303,257,275,242,259,217,267,227,275,239,256,254,232,231,217,217,203,203,I
308,326,330,301,337,258,322,225,297,217,314,228,308,201,307,212,308,229,290,233,280,205,289,231,297,257,269,243,253,218,261,229,269,242,249,256,225,232,209,218,195,204,I
304,329,328,305,334,260,319,228,294,221,311,232,302,203,301,204,302,216,286,237,275,207,284,227,293,252,265,246,249,221,259,234,268,250,245,259,220,236,204,221,191,206,I
301,332,323,307,330,262,312,228,285,221,305,232,298,203,297,217,299,235,281,238,269,208,279,235,288,260,260,248,243,221,254,236,264,252,241,262,215,238,199,224,184,210,I
307,328,335,302,341,262,331,232,320,216,314,228,306,203,308,200,314,204,291,231,282,208,291,210,303,217,269,239,256,219,261,224,268,232,250,251,226,228,209,212,195,199,I
315,306,344,276,355,228,344,192,321,180,334,202,331,178,329,184,326,193,306,204,305,184,304,186,303,191,282,211,275,191,275,192,274,195,259,222,235,196,219,178,205,161,I
322,287,352,256,361,203,341,164,311,155,341,175,336,148,331,151,327,164,312,179,306,157,312,182,318,206,285,187,274,165,273,164,273,166,259,201,236,173,217,154,200,137,I
325,277,353,250,365,197,348,158,317,150,343,165,337,134,333,130,330,141,313,170,306,142,313,168,319,197,286,179,272,157,275,156,277,160,261,194,234,166,216,147,198,128,I
326,282,356,256,370,202,353,160,321,145,348,165,342,134,337,134,333,148,316,169,309,140,315,167,320,197,287,178,274,152,278,156,282,164,260,191,233,160,213,139,195,120,I
322,286,354,260,370,204,352,161,321,147,349,167,346,136,339,130,334,141,317,170,310,140,315,172,320,206,287,178,273,151,277,154,281,162,260,190,233,157,215,135,199,116,I
322,284,356,259,373,203,356,160,323,150,347,167,344,134,340,128,339,137,317,168,309,134,319,155,329,184,289,175,274,144,285,156,294,174,263,187,235,155,216,132,199,113,I
340,310,376,288,398,243,396,203,387,175,380,198,378,160,381,174,385,193,353,196,350,158,356,175,361,196,325,199,319,168,327,180,334,197,299,207,282,168,269,144,258,123,I
355,327,390,306,415,260,411,216,394,188,403,217,406,183,404,202,404,222,375,213,373,177,377,198,380,219,348,215,343,186,350,204,355,223,321,222,304,184,293,160,282,139,I
355,338,396,319,424,279,421,236,401,208,420,235,429,208,423,234,418,254,394,228,399,198,398,229,396,255,367,226,369,199,376,227,378,252,339,229,331,193,326,170,321,148,I
339,345,378,334,408,306,413,274,407,249,406,259,414,232,401,250,391,273,381,250,390,218,379,243,370,269,356,245,360,215,356,238,352,263,330,245,325,208,321,183,319,162,I
335,345,370,334,402,300,403,260,379,239,397,256,404,229,392,251,384,270,372,247,378,217,369,248,362,272,347,244,347,211,347,236,346,260,321,245,312,210,307,187,304,166,I
333,347,368,334,398,302,401,265,383,241,392,256,401,226,390,249,381,270,368,249,375,217,367,248,359,273,342,246,343,213,343,238,342,261,317,248,308,211,302,188,298,166,I
333,347,369,335,399,302,400,264,381,240,391,255,399,225,389,249,381,270,366,247,372,216,365,248,359,273,340,244,340,212,341,238,340,261,314,246,304,210,298,187,293,165,I
334,345,370,329,397,291,391,251,366,234,384,247,388,220,382,240,376,261,358,241,358,214,358,245,356,271,333,241,328,211,335,237,338,263,307,247,292,212,283,190,276,170,I
338,346,368,327,388,290,381,254,359,237,376,242,373,217,369,239,366,260,348,239,345,213,345,246,345,273,321,241,313,211,320,236,326,259,297,249,278,216,266,196,256,178,I
335,343,366,326,386,290,380,253,357,235,373,242,371,218,364,242,360,265,346,239,343,210,342,245,344,274,320,242,311,213,318,237,324,260,296,250,277,217,263,197,251,179,I
335,342,365,324,385,288,379,252,355,233,370,238,368,215,363,240,360,262,343,236,340,209,341,245,342,273,317,240,309,212,317,238,322,262,294,249,272,218,259,199,246,181,I
333,339,364,320,382,285,376,249,354,231,369,236,365,212,359,236,356,259,341,235,337,208,339,243,340,272,315,239,306,211,313,236,320,259,292,248,270,217,257,199,244,181,I
341,334,371,315,388,281,386,251,378,233,372,232,369,209,365,224,363,239,347,230,343,207,343,224,343,240,324,233,315,212,316,225,318,239,302,242,283,213,269,195,258,179,I
382,301,419,277,439,240,434,204,420,183,415,189,415,162,416,182,417,200,389,188,388,162,393,184,396,203,363,192,357,170,367,188,375,207,338,201,317,170,303,150,291,133,I
388,306,427,285,454,239,453,194,427,175,422,191,421,164,419,190,418,213,393,190,390,163,394,194,397,216,366,195,361,167,370,187,376,207,341,206,318,173,303,152,290,135,I
472,375,428,355,406,316,411,279,421,252,419,272,413,235,417,249,425,273,450,266,452,243,458,272,463,301,480,267,487,253,488,285,489,314,509,270,521,232,526,211,531,197,I
437,369,399,335,385,293,398,264,423,254,405,261,407,225,403,225,401,236,428,260,426,227,421,234,419,251,454,264,453,234,445,245,441,264,479,272,496,236,506,210,514,189,I
403,344,362,314,346,271,361,238,383,221,361,233,363,195,365,204,366,224,389,232,395,196,393,213,391,236,418,236,428,199,422,213,416,234,445,245,470,211,484,186,496,165,I
393,331,355,303,338,257,356,224,386,222,360,221,363,185,363,185,361,199,387,220,394,184,391,192,388,210,415,225,426,191,416,202,407,222,441,235,464,204,479,179,493,160,I
375,332,338,303,319,262,331,227,362,214,341,223,341,188,337,197,336,212,367,221,372,186,364,199,359,215,394,226,403,191,388,210,377,233,421,235,442,203,455,180,466,161,I
377,336,339,310,317,270,329,234,363,223,336,228,336,193,336,209,338,228,364,226,368,193,362,214,359,235,392,230,401,195,387,214,377,236,419,239,439,207,452,184,464,162,I
375,335,338,309,317,268,329,232,362,222,337,227,337,191,337,204,337,222,364,226,368,190,363,207,360,226,393,229,401,194,387,213,376,236,420,239,441,205,454,181,465,158,I
369,337,331,314,305,272,315,233,351,221,328,229,326,191,325,211,326,230,357,225,358,192,350,214,345,231,387,228,392,193,375,221,363,248,416,237,435,202,447,176,458,151,I
354,332,303,316,273,274,276,234,291,209,298,227,292,192,289,174,289,159,333,217,331,184,330,170,329,164,368,216,373,181,371,174,369,174,401,222,426,180,441,148,451,122,I
341,317,287,292,256,241,273,200,305,182,285,191,279,155,278,138,279,130,322,183,320,148,317,138,315,138,360,185,366,148,362,144,360,152,396,193,423,147,438,112,449,84,I
330,300,280,276,243,219,252,169,296,155,268,158,273,113,272,133,272,162,310,154,314,110,307,149,304,184,352,159,359,110,346,141,336,176,392,172,420,123,437,89,449,57,I
353,306,302,275,268,213,280,159,327,144,301,153,300,105,296,110,294,128,343,150,344,105,333,144,326,183,385,156,392,103,374,137,360,176,425,169,451,119,468,84,481,52,I
325,322,268,278,247,221,273,170,317,146,296,183,294,128,287,128,286,144,332,175,337,123,326,128,318,146,368,173,382,121,368,122,359,139,405,179,433,126,442,89,450,60,I
293,355,235,320,205,273,207,226,227,193,234,230,232,193,224,220,219,244,265,226,266,194,251,230,240,256,299,226,299,199,280,236,270,265,333,230,353,181,364,149,374,119,I
243,356,201,324,174,280,174,240,206,225,213,232,208,196,195,217,188,237,242,231,235,196,218,227,212,253,273,236,267,201,244,230,230,259,304,246,324,204,337,177,349,151,I
237,345,201,319,173,277,172,238,205,220,205,227,204,194,194,220,191,240,235,225,231,195,216,226,207,251,266,231,264,196,241,228,226,257,295,241,316,203,330,177,339,152,I
257,337,221,306,203,263,209,234,234,226,238,226,234,192,223,205,217,222,263,228,258,197,243,214,235,231,289,235,283,205,263,227,251,250,314,246,335,210,347,185,358,162,I
282,341,250,305,234,264,247,235,277,235,272,234,271,198,271,214,276,232,300,238,303,209,300,230,299,250,327,246,331,223,324,241,319,260,352,259,362,238,355,245,349,257,I
304,360,271,332,255,288,270,260,300,261,291,250,295,213,290,229,287,250,319,254,324,223,312,246,305,269,346,265,354,234,337,251,325,272,371,279,400,250,418,229,434,211,I
332,375,354,357,364,330,360,308,351,294,350,299,350,276,354,282,358,295,334,300,334,279,340,291,343,305,317,304,316,286,324,295,331,308,302,310,292,287,286,271,280,259,I
329,362,351,345,362,317,359,292,347,275,348,288,347,265,352,269,356,279,332,289,331,268,339,277,344,287,317,292,315,273,327,283,335,296,301,298,290,275,284,260,278,247,I
327,361,350,344,362,315,358,288,343,273,348,288,348,264,351,273,353,285,332,288,330,266,337,279,342,293,316,291,313,269,325,281,333,294,299,297,289,274,282,259,276,245,I
326,361,350,346,363,317,360,291,346,277,348,289,348,263,351,271,354,283,332,289,330,264,337,278,342,293,316,292,313,269,325,282,334,296,300,297,290,274,283,258,278,244,I
327,364,350,350,363,322,359,295,343,281,352,289,350,264,353,273,356,286,335,289,333,267,339,284,343,299,318,292,315,272,326,289,332,304,301,297,291,273,285,258,280,243,I
325,365,350,351,364,323,359,296,341,282,352,290,351,265,352,280,353,295,335,290,332,267,338,289,341,305,318,292,314,271,324,289,331,305,301,297,291,273,285,258,280,243,I
324,366,349,351,364,321,357,292,335,280,352,290,350,264,349,280,351,294,334,290,330,267,335,288,338,304,317,292,311,270,322,289,329,306,300,297,289,273,283,256,277,241,I
321,358,345,343,360,314,352,285,334,270,349,281,349,253,348,269,348,285,330,280,327,254,332,274,334,289,312,282,309,260,318,278,323,295,295,287,284,262,277,245,270,229,I
313,342,338,325,350,292,340,261,320,246,342,262,340,231,341,253,343,268,322,260,319,234,324,259,329,268,303,263,299,240,308,263,314,278,284,270,271,243,263,227,254,210,I
307,331,333,314,346,281,334,249,312,234,334,244,330,215,330,234,332,249,313,244,306,217,312,240,317,257,293,248,285,226,297,245,305,262,274,256,261,230,251,212,242,197,I
304,331,332,313,344,277,332,244,308,232,331,241,326,212,326,230,328,246,309,242,302,214,308,238,313,256,289,246,280,221,293,241,303,259,270,254,255,228,245,210,236,193,I
301,331,329,313,342,278,331,246,309,230,331,240,326,209,324,224,325,241,309,241,303,212,306,234,310,251,289,245,280,220,291,240,299,258,270,253,255,225,245,206,237,189,I
299,308,327,280,339,240,324,207,301,190,334,211,333,187,333,189,332,192,310,207,306,181,310,194,312,203,287,209,283,182,292,199,296,217,264,216,249,185,238,163,228,143,I
290,289,322,270,336,228,321,190,294,173,331,189,324,155,323,177,325,193,304,187,295,157,299,186,304,200,279,191,271,164,281,189,288,208,255,199,241,166,230,144,219,125,I
288,285,320,266,335,222,321,181,294,163,330,180,323,143,320,166,322,185,302,178,293,145,296,175,302,192,277,183,265,152,276,179,285,200,254,192,237,158,226,135,216,114,I
289,289,322,268,336,221,324,179,294,162,328,177,321,140,319,165,322,182,301,176,290,143,295,173,300,192,276,182,263,150,275,176,284,198,253,192,235,159,224,135,214,114,I
338,294,361,273,369,239,360,213,342,202,360,204,356,182,363,199,369,217,340,206,334,181,347,203,354,223,318,212,313,189,330,212,342,232,298,224,281,196,273,176,265,156,I
339,339,368,315,384,281,378,250,362,230,375,244,379,218,379,239,379,255,355,245,358,221,361,247,363,264,335,250,339,232,346,257,348,274,316,257,308,230,303,215,298,199,I
338,347,364,324,379,297,378,271,367,252,369,263,371,239,370,251,368,266,351,261,353,237,354,253,355,270,334,263,335,242,339,257,342,274,317,268,309,243,303,230,298,218,I
332,348,357,328,368,299,362,273,345,263,354,271,353,246,354,255,355,267,338,272,335,249,341,262,346,278,323,275,319,254,329,265,337,279,308,281,299,259,292,244,287,232,I
330,348,353,329,363,300,357,274,340,263,351,275,350,251,351,266,350,278,335,276,333,254,338,272,341,287,320,279,315,258,327,271,334,284,306,284,296,263,290,250,284,237,I
338,358,361,342,372,317,366,294,354,280,357,287,358,269,363,282,365,296,343,287,344,271,353,286,358,300,328,290,329,277,340,290,347,302,314,295,306,275,301,263,297,254,I
345,367,365,351,377,329,375,308,363,295,361,302,362,283,366,291,368,299,349,304,349,285,356,297,360,309,336,307,336,290,346,302,353,313,323,312,316,292,312,278,309,267,I
343,368,362,353,373,330,371,309,359,297,361,304,360,284,363,293,366,303,348,305,346,286,352,300,355,313,335,308,332,290,341,301,348,313,322,313,313,293,309,280,305,268,I
340,367,360,353,370,331,366,311,356,298,357,304,355,285,359,290,363,298,344,305,342,288,349,300,354,313,332,308,329,292,339,304,346,316,319,312,310,292,306,280,302,269,I
321,365,341,348,348,325,345,307,336,296,336,302,341,285,345,298,343,306,325,301,331,286,335,300,334,310,313,302,319,287,325,300,324,310,300,305,307,292,314,299,315,307,I
293,368,316,351,327,323,320,304,303,297,316,303,318,286,320,300,319,309,302,302,303,285,308,301,307,309,288,304,288,286,295,301,295,310,272,309,275,293,280,298,280,304,I
277,365,295,347,301,320,292,298,276,291,295,303,296,283,297,295,297,304,282,303,279,283,282,295,284,305,268,306,263,288,269,298,274,308,255,311,246,293,241,282,236,272,I
271,364,288,348,295,321,286,299,269,293,289,303,288,282,288,292,288,302,275,303,271,283,273,295,276,306,262,306,256,288,263,297,268,308,249,311,239,294,233,283,227,273,I
274,362,292,347,299,321,291,299,274,293,291,301,289,279,289,288,290,299,277,302,273,281,276,292,278,304,264,305,259,286,265,294,270,305,252,311,242,292,234,279,228,269,I
281,359,299,344,307,316,300,294,286,284,298,296,298,274,297,291,297,302,284,295,282,276,284,294,286,302,270,298,266,279,271,294,274,305,256,303,247,284,240,274,233,263,I
293,348,312,332,319,306,312,284,300,273,311,283,309,262,308,276,307,289,295,284,292,264,294,280,297,292,280,287,276,270,281,283,285,295,266,293,257,273,250,260,244,249,I
304,337,324,322,332,294,325,270,310,260,320,271,317,247,316,253,318,265,304,272,298,250,302,260,306,274,289,276,283,256,290,265,297,279,274,282,262,261,254,247,247,235,I
311,339,330,323,338,294,329,269,313,258,326,268,324,246,326,259,328,273,309,269,305,247,312,263,316,276,294,274,290,256,300,270,306,283,278,281,266,259,259,244,252,230,I
445,372,419,356,406,325,418,302,441,297,418,305,414,282,413,301,417,311,436,304,434,281,430,303,432,315,453,306,451,289,445,312,444,329,470,310,474,288,474,273,476,258,I
445,373,418,355,406,325,418,301,442,297,419,305,414,282,414,302,417,313,436,305,433,282,430,305,432,318,453,307,450,291,445,314,444,331,471,311,474,287,475,272,476,257,I
432,371,408,356,395,327,404,303,425,295,404,306,402,281,403,298,405,311,421,304,421,279,419,299,419,313,438,305,438,287,431,307,427,323,455,309,461,288,464,273,464,258,I
432,370,407,355,395,328,404,303,425,296,404,304,401,280,402,299,404,311,421,302,419,279,418,301,419,315,438,304,436,286,431,307,429,324,455,307,461,285,463,271,463,256,I
431,369,407,354,395,326,406,301,428,295,403,303,402,278,403,297,405,310,421,302,421,277,419,299,419,315,439,303,437,284,432,305,429,322,455,307,462,285,464,269,465,254,I
433,369,408,354,397,324,409,300,433,294,405,302,405,276,404,295,406,308,423,301,424,276,420,298,420,314,441,303,441,284,433,305,430,323,458,307,465,284,466,269,467,252,I
457,364,427,351,412,314,425,285,455,279,426,300,425,272,425,287,427,299,444,297,449,270,446,292,445,310,461,294,467,273,461,292,459,312,478,294,483,269,486,252,491,238,I
464,348,438,330,428,294,445,265,474,258,437,271,436,249,438,268,441,276,457,270,460,248,457,270,456,281,477,272,480,254,472,275,467,290,496,277,502,253,505,238,509,221,I
467,338,443,321,433,285,450,257,480,250,442,256,444,231,444,255,444,269,464,257,468,235,463,263,459,280,484,261,488,245,479,268,471,285,503,267,510,242,515,225,519,208,I
468,338,443,319,433,283,451,255,479,247,443,254,446,226,445,250,444,263,465,255,470,231,464,258,460,274,486,259,491,240,481,263,474,278,506,265,514,239,518,222,521,203,I
471,318,444,294,437,256,459,227,490,219,450,224,454,197,451,219,449,234,473,225,478,202,473,224,469,238,495,231,500,215,490,235,483,250,514,239,522,210,527,191,531,172,I
462,309,435,287,426,246,450,216,484,214,440,217,444,186,441,212,440,227,464,218,470,191,463,220,458,235,487,223,492,205,480,232,470,251,508,230,517,202,521,182,525,161,I
466,312,439,288,432,249,457,221,488,216,443,221,448,188,446,213,444,230,467,224,473,193,466,219,462,237,490,229,495,205,484,227,477,245,511,236,519,205,524,185,528,165,I
460,312,429,289,422,247,448,221,481,218,443,222,442,191,435,214,437,227,464,223,466,196,454,218,452,229,484,228,487,211,471,235,464,251,504,234,514,204,517,184,522,164,I
395,318,362,299,344,268,341,243,342,229,363,237,365,207,365,223,365,239,383,236,386,210,384,232,382,248,404,239,408,216,403,239,399,259,425,246,437,217,441,197,445,178,I
370,315,341,295,330,256,347,229,375,227,346,231,348,203,345,225,343,238,367,231,370,205,364,227,360,241,389,236,390,220,379,247,371,267,411,242,418,214,422,195,425,176,I
250,421,278,414,302,400,297,379,272,374,298,342,314,349,300,370,291,374,279,337,294,349,283,375,277,382,260,339,273,352,271,377,268,390,243,344,242,318,237,297,233,278,I
247,421,274,415,299,401,294,380,271,373,298,343,309,351,296,373,288,379,278,337,289,350,277,377,271,388,258,339,268,353,266,379,263,395,239,344,239,317,235,296,233,277,I
245,423,273,416,297,400,290,380,266,375,294,343,308,351,295,372,285,378,275,337,288,350,276,377,269,386,255,340,266,353,264,379,261,393,236,345,237,318,234,298,232,279,I
245,422,273,415,296,399,290,378,268,371,294,343,307,349,294,370,285,376,275,337,286,349,276,375,271,384,255,339,265,351,263,378,261,392,237,343,236,316,233,296,232,277,I
244,421,271,414,295,396,290,374,268,368,293,344,305,347,294,369,286,373,274,338,285,346,276,373,272,381,255,339,265,347,264,373,262,387,238,342,237,315,234,296,233,276,I
243,421,271,413,293,393,288,370,267,364,290,347,305,344,293,364,285,371,273,342,285,343,276,369,271,378,255,342,264,345,264,370,261,385,238,344,237,316,235,297,233,278,I
243,420,270,411,293,392,287,369,266,362,289,349,301,343,291,363,284,373,273,344,282,342,273,368,268,380,256,343,263,342,263,366,260,382,239,344,236,315,235,297,234,279,I
243,419,271,411,293,390,287,367,266,360,288,349,301,341,290,362,284,371,272,344,282,340,274,365,270,376,256,343,263,342,261,367,258,383,239,343,237,315,235,297,234,279,I
243,419,270,409,290,390,285,366,266,358,286,352,297,340,288,359,282,371,270,347,278,339,271,364,267,378,254,345,260,339,260,363,257,380,238,345,235,316,233,298,232,281,I
242,418,269,409,289,389,283,366,264,358,285,352,296,339,287,360,280,371,269,347,277,339,270,365,266,377,253,345,258,339,259,363,257,380,236,345,233,316,231,298,230,281,I
239,419,266,410,286,389,280,366,260,360,280,348,292,338,283,360,277,371,263,344,273,339,266,366,261,380,247,344,254,342,254,368,252,386,231,345,229,317,228,298,227,282,I
233,421,260,412,280,393,272,370,251,361,274,346,284,339,277,361,272,373,257,342,263,341,259,369,257,381,239,343,245,344,246,371,245,387,223,346,221,317,219,298,218,280,I
224,425,250,412,267,392,261,370,241,363,263,345,273,342,266,366,260,372,246,340,253,343,248,369,248,375,228,344,234,348,235,373,233,387,211,350,208,320,206,300,204,282,I
216,424,241,411,258,390,248,367,226,360,254,346,259,339,256,361,254,369,235,342,238,341,237,366,238,373,217,346,219,347,222,372,222,386,200,352,198,323,196,303,195,286,I
207,422,231,410,246,386,234,364,212,356,238,350,245,334,241,356,236,367,220,345,224,337,223,363,223,369,203,346,207,340,209,365,207,381,187,350,181,319,178,299,176,281,I
205,421,228,410,243,388,231,367,209,358,237,344,242,336,237,358,234,369,219,339,220,338,219,365,219,374,201,342,201,343,205,367,207,381,184,347,179,319,176,300,174,283,I
206,421,230,409,244,386,231,366,209,358,239,344,244,336,239,358,236,368,220,340,223,338,222,364,222,370,202,343,203,343,207,367,207,381,185,347,180,319,178,301,176,283,I
214,425,239,413,256,392,246,369,224,362,253,349,258,341,253,364,251,373,234,346,237,340,235,367,235,377,216,348,218,344,220,370,220,386,199,352,195,323,192,305,191,288,I
234,426,260,415,281,395,272,373,250,368,274,353,285,346,279,368,275,377,257,349,267,346,263,373,261,386,240,349,248,348,252,372,252,389,223,351,221,322,217,303,216,285,I
252,428,279,418,303,400,298,379,276,373,296,349,313,351,301,373,294,378,279,345,295,352,286,378,283,385,261,347,274,356,272,383,270,397,244,351,244,324,240,304,239,285,I
263,429,291,420,316,402,312,380,289,374,308,351,325,352,314,374,307,380,291,347,306,350,297,377,292,390,273,348,287,353,286,380,283,397,256,351,258,322,256,302,255,283,I
265,429,295,420,319,402,318,380,295,374,310,348,330,353,318,374,308,378,293,345,311,352,301,379,295,388,276,347,291,355,290,381,287,397,260,350,262,324,259,303,258,284,I
268,429,298,421,322,405,322,382,299,376,313,348,335,353,321,375,310,379,296,344,315,353,304,380,298,389,278,346,294,357,290,384,285,399,262,350,264,322,262,302,261,283,I
269,428,299,421,323,404,321,381,296,376,316,347,336,351,323,373,312,378,298,342,316,351,306,378,300,386,279,345,295,354,293,380,289,394,262,350,264,322,261,301,260,281,I
268,385,272,383,283,378,295,377,301,382,277,340,288,333,285,344,283,348,277,337,298,348,292,373,285,384,278,340,296,358,288,383,279,394,277,345,291,356,288,372,284,380,I
269,431,301,423,326,406,321,384,294,379,316,344,337,353,322,376,312,379,296,339,316,353,305,380,299,388,276,343,294,356,293,381,289,396,258,350,260,321,257,298,255,279,I
266,436,299,427,326,410,321,389,295,384,315,345,337,355,323,379,311,382,295,341,316,356,304,384,297,393,274,345,293,359,292,387,288,402,256,352,257,322,254,298,252,276,I
264,437,296,428,323,409,318,388,290,384,313,345,334,355,321,379,310,382,292,340,312,356,302,384,297,390,272,344,290,358,289,386,285,399,254,351,256,321,253,298,251,276,I
263,435,295,425,321,406,315,384,289,378,311,345,332,353,320,377,309,380,291,340,310,354,301,382,297,387,272,344,289,356,288,384,284,397,254,350,255,320,253,298,252,276,I
269,416,293,417,316,398,309,378,287,374,308,346,329,347,317,370,307,374,290,341,310,347,299,372,293,379,273,344,288,352,283,376,278,387,257,350,261,328,260,313,260,302,I
261,427,290,417,314,398,311,374,290,364,308,353,324,345,313,367,306,377,292,349,305,343,296,370,292,382,275,348,286,345,285,372,281,390,257,349,256,319,255,299,254,280,I
261,424,289,415,313,396,309,372,289,360,308,353,322,342,312,363,305,373,291,349,303,341,295,367,291,379,274,348,284,345,283,371,280,388,257,348,256,319,255,300,255,282,I
259,424,288,415,311,395,307,371,286,361,306,353,321,344,309,366,302,375,290,349,303,342,293,368,289,380,273,349,283,346,281,372,277,389,257,349,256,320,254,302,253,284,I
257,424,285,414,307,393,303,370,283,361,301,355,315,344,305,366,299,375,286,352,297,342,289,368,285,380,270,350,278,344,278,371,275,389,254,350,252,322,251,304,251,287,I
242,425,269,416,289,393,285,367,263,360,281,356,293,344,285,364,280,376,266,352,275,344,269,370,265,386,251,351,256,345,257,371,254,390,235,352,232,324,231,305,230,289,I
231,422,256,412,274,390,264,367,243,357,266,353,275,341,268,362,264,374,250,350,256,340,252,367,250,381,234,350,237,344,239,370,238,387,218,351,215,322,213,304,212,287,I
216,422,240,411,255,387,244,364,223,357,253,350,253,339,248,360,247,372,235,349,232,341,231,367,232,378,217,351,214,347,216,372,218,388,201,354,197,327,194,308,192,292,I
203,424,227,412,239,387,226,365,205,357,234,352,237,338,233,359,230,370,216,350,217,340,216,366,217,374,199,353,198,347,202,373,203,389,182,357,177,327,175,308,174,291,I
197,424,220,410,230,386,215,365,196,356,226,354,229,335,224,356,221,369,207,351,206,340,205,367,208,374,190,353,187,347,192,372,195,388,173,357,169,328,166,310,165,294,I
200,424,223,409,234,385,220,365,200,358,228,355,235,337,229,357,227,369,211,351,213,340,211,364,213,370,194,352,196,344,197,369,198,385,178,355,173,326,170,308,169,291,I
204,424,228,410,241,386,228,366,207,356,237,352,242,337,237,356,233,368,218,349,221,338,218,362,219,370,200,350,202,344,203,369,204,386,183,354,179,323,177,303,177,287,I
208,425,233,411,248,387,237,366,217,357,245,349,248,335,244,354,242,367,225,346,228,335,226,362,228,369,207,348,210,343,211,368,211,384,188,351,185,319,184,299,184,281,I
210,425,236,413,254,390,242,368,220,359,248,345,256,335,250,358,245,367,228,342,234,336,231,364,230,371,209,344,214,342,216,368,215,383,191,348,188,317,187,297,187,279,I
210,428,237,417,256,394,244,371,221,364,250,344,256,335,250,359,246,370,229,339,233,337,230,367,229,377,209,343,212,345,215,374,216,391,190,348,186,317,183,296,182,277,I
208,428,235,417,255,395,241,373,216,369,249,338,251,338,247,363,244,372,227,335,229,341,228,371,227,381,206,340,209,347,214,373,216,387,187,346,183,316,180,295,177,274,I
211,430,238,417,258,394,246,372,223,366,251,343,258,335,253,360,249,373,230,340,235,338,233,367,231,379,210,343,215,346,217,373,217,390,192,347,188,316,185,295,184,276,I
232,428,260,416,283,391,275,366,250,364,272,348,284,335,278,358,274,370,254,346,262,338,259,366,257,380,237,346,243,340,245,370,245,389,220,347,216,316,214,296,214,277,I
256,426,286,415,311,394,305,372,281,366,301,340,322,343,308,367,299,371,282,336,301,346,292,375,289,383,264,339,279,349,279,377,276,393,247,344,249,316,246,296,244,277,I
268,426,299,417,325,398,323,374,298,368,315,340,336,344,323,368,314,374,296,335,315,344,306,373,301,383,278,339,294,348,292,376,288,393,261,344,263,316,261,295,260,276,I
277,424,308,416,336,397,335,373,310,367,325,339,347,344,332,368,322,373,306,335,327,343,315,371,310,381,288,337,305,347,300,377,295,393,271,341,275,312,273,292,274,273,I
