214,314,199,320,180,338,174,367,173,391,132,315,116,352,110,377,105,397,139,327,138,363,155,354,163,340,148,339,149,369,163,362,169,351,154,350,155,374,167,376,174,373,Q
215,314,202,320,183,338,176,366,173,390,132,313,117,352,111,376,105,397,140,326,139,364,157,354,163,338,148,338,149,369,165,361,167,349,154,350,155,373,167,373,173,368,Q
215,316,202,321,181,338,172,366,168,391,130,315,114,352,108,377,102,398,137,328,134,364,152,354,159,340,146,341,145,370,161,362,165,352,154,352,153,374,165,374,171,372,Q
214,318,200,323,179,340,170,369,166,393,128,316,113,354,107,379,101,400,134,328,133,365,151,356,158,342,141,340,142,370,157,363,163,353,148,350,149,373,161,374,169,371,Q
213,318,199,322,178,340,169,369,164,394,126,318,110,355,104,380,99,401,133,332,130,366,148,355,156,342,143,344,141,372,156,364,162,354,151,355,150,377,161,379,167,378,Q
213,317,199,324,178,342,169,370,164,395,126,318,111,356,105,380,100,401,133,329,131,368,150,357,156,343,141,340,142,372,157,364,161,353,148,351,148,375,159,378,165,377,Q
214,319,199,323,178,340,169,368,165,393,127,318,112,356,107,379,100,398,135,331,131,367,149,356,156,342,144,343,142,373,157,365,162,354,151,354,150,377,161,378,167,376,Q
214,319,198,324,177,342,169,371,164,395,128,320,113,357,106,381,101,401,135,333,132,369,149,358,156,344,144,344,142,374,156,366,162,356,153,354,152,378,161,381,166,381,Q
212,320,197,326,178,343,170,370,165,395,127,319,113,358,109,382,104,402,136,331,133,369,150,358,157,345,144,343,143,374,158,366,162,356,151,353,151,377,162,379,167,378,Q
213,320,198,325,178,342,169,369,164,394,127,320,114,358,109,380,102,399,136,332,132,369,151,357,157,344,145,344,143,374,159,365,162,355,152,355,151,377,162,380,166,380,Q
213,321,197,326,177,343,169,370,164,394,128,320,113,357,108,381,103,401,136,332,132,369,150,359,156,345,145,343,142,374,157,366,162,356,152,353,151,377,161,381,166,381,Q
212,322,197,326,176,343,167,372,162,396,126,321,111,358,106,382,101,402,133,334,131,370,148,359,155,346,142,346,141,375,155,368,161,358,151,356,150,379,160,382,165,382,Q
211,322,197,327,176,344,166,372,159,396,125,321,109,359,103,384,99,404,132,334,128,370,144,361,152,349,141,346,139,375,153,369,159,360,149,357,148,380,158,384,163,383,Q
211,323,196,328,175,344,165,371,158,395,124,322,108,360,103,384,98,405,133,335,127,371,144,362,152,350,142,347,138,376,152,369,159,360,149,357,147,380,156,384,162,384,Q
207,326,192,332,171,349,162,377,156,400,121,325,105,362,99,387,94,408,127,338,124,375,142,365,149,352,135,349,133,379,148,373,154,363,142,359,142,382,153,384,159,383,Q
205,325,191,330,170,347,160,375,153,399,119,326,102,364,96,388,91,409,126,340,122,375,139,365,146,352,135,353,133,381,147,374,153,365,143,363,142,385,151,388,157,388,Q
205,325,191,331,171,348,161,375,154,399,119,323,105,363,100,387,95,407,127,335,123,373,140,363,147,351,135,348,135,378,149,371,153,362,141,359,141,382,152,383,159,380,Q
209,320,194,325,174,344,165,374,159,398,123,322,109,361,103,385,98,406,132,336,129,372,147,362,156,349,142,349,140,378,155,371,161,361,150,359,148,383,157,387,163,387,Q
212,322,196,328,176,346,168,375,164,399,128,320,114,357,108,381,103,402,133,331,132,369,150,362,159,349,140,343,141,375,156,369,163,359,145,353,147,377,159,379,167,376,Q
214,324,200,328,179,345,169,373,164,398,129,322,114,358,108,383,103,405,137,335,132,370,149,360,158,347,145,347,142,375,156,369,163,359,153,358,152,380,162,382,168,380,Q
213,327,198,331,177,348,168,375,162,399,127,323,112,360,106,385,101,406,134,336,130,373,148,364,155,351,142,349,140,378,155,372,160,362,148,359,148,381,159,383,165,381,Q
213,324,198,330,178,347,169,374,163,399,127,323,113,360,108,384,102,405,135,334,132,372,151,361,158,348,142,346,142,377,158,368,161,358,147,357,147,379,159,380,165,377,Q
213,325,198,332,178,349,169,375,163,399,128,324,114,360,109,384,103,405,135,336,132,372,151,362,157,348,142,346,141,376,157,369,160,358,147,356,147,379,159,381,165,378,Q
213,324,199,332,178,349,168,375,163,399,128,323,115,359,110,383,104,405,134,333,131,371,151,362,157,349,140,344,140,375,156,368,161,357,145,353,146,377,159,378,165,375,Q
214,323,200,328,178,345,169,373,163,398,129,320,114,357,109,381,103,403,135,332,131,370,150,360,158,347,142,344,140,375,156,367,162,357,148,355,148,378,160,378,167,375,Q
203,327,189,331,167,347,156,375,150,399,117,324,103,359,98,383,92,403,120,336,118,373,139,367,148,356,127,348,128,378,144,374,152,366,135,359,135,381,147,383,155,380,Q
196,319,180,323,160,338,149,365,143,388,117,309,96,346,86,370,80,389,126,322,116,360,130,356,139,344,136,334,126,366,139,362,146,353,146,346,137,370,143,376,147,378,Q
554,293,563,297,577,308,585,332,583,351,627,275,623,304,608,311,602,309,627,287,622,317,603,321,596,315,623,300,615,327,598,329,591,322,616,310,606,333,593,336,587,334,Q
540,308,549,312,564,321,572,342,572,358,611,301,619,331,620,352,625,366,608,311,603,337,587,344,581,344,601,319,593,346,576,345,569,339,594,325,587,348,575,349,569,344,Q
525,330,535,340,551,353,559,373,561,392,604,344,593,381,577,393,570,400,601,348,589,380,571,381,566,380,595,351,585,381,570,380,564,377,586,354,582,377,572,379,566,377,Q
511,345,526,356,542,372,548,395,543,410,592,363,585,401,573,417,570,425,584,368,574,400,558,400,553,395,570,374,562,403,549,401,543,395,555,378,551,403,542,405,538,403,Q
489,358,502,364,516,380,518,401,515,418,564,375,566,408,566,431,567,449,558,381,557,412,555,428,559,438,547,386,536,409,523,402,521,394,536,391,527,408,518,407,516,401,Q
471,353,481,357,493,371,495,392,491,409,540,367,545,396,545,417,543,433,535,375,541,404,540,425,539,441,524,382,514,402,500,396,494,388,512,387,504,403,495,403,491,399,Q
454,346,465,351,477,364,479,387,477,404,527,357,529,394,527,417,526,438,522,367,507,389,492,379,491,371,512,374,499,395,486,387,485,379,503,380,493,397,485,395,483,389,Q
447,343,463,346,476,361,480,385,477,402,523,356,524,388,523,411,522,430,515,365,515,392,515,406,520,415,503,373,497,395,484,387,481,377,493,379,487,395,479,393,477,386,Q
446,339,460,346,473,360,477,383,478,400,522,352,525,389,524,412,524,433,514,360,504,386,491,378,491,370,503,368,494,391,480,382,481,373,493,374,485,392,477,389,477,382,Q
438,334,454,340,468,356,472,382,470,398,516,346,520,384,520,407,523,428,507,355,498,379,485,368,486,358,494,363,488,385,475,377,476,368,483,368,479,387,471,388,470,385,Q
433,333,450,338,464,354,468,379,466,397,511,342,514,380,515,403,518,424,503,351,493,375,480,366,480,357,491,359,483,381,470,373,470,364,481,365,476,382,468,385,466,382,Q
430,330,446,337,460,352,465,376,465,394,509,339,513,377,514,401,516,422,501,348,491,374,479,365,480,356,490,356,482,381,469,373,469,365,480,362,474,382,466,382,465,378,Q
428,333,443,337,459,351,465,375,467,393,507,341,513,378,514,401,518,420,500,350,493,376,480,369,479,361,490,358,483,383,469,375,468,366,481,365,476,383,467,382,466,376,Q
429,332,443,338,457,352,464,376,466,394,508,341,513,379,514,401,517,420,501,349,494,375,481,369,481,363,491,356,483,381,469,373,469,363,482,363,476,381,468,380,466,375,Q
428,332,443,338,459,352,465,376,466,394,508,341,512,379,513,401,517,421,501,347,492,376,479,369,478,362,491,354,483,381,468,373,468,364,482,360,476,380,467,379,465,375,Q
429,332,443,337,458,352,465,376,466,394,509,341,514,380,515,402,518,421,502,349,494,377,482,373,481,368,492,356,484,382,469,375,468,367,484,363,477,381,468,380,466,375,Q
429,332,445,338,460,353,466,377,467,395,509,344,512,381,514,402,517,421,501,351,495,379,487,378,488,375,490,358,483,384,471,377,470,369,480,364,475,383,468,383,465,380,Q
430,334,446,339,461,353,467,377,467,395,509,344,512,380,514,402,518,421,502,351,496,379,489,380,491,378,490,358,484,383,473,377,470,370,480,364,476,383,469,385,466,383,Q
431,334,448,339,463,354,468,378,467,396,509,345,512,381,514,403,516,421,501,351,498,381,498,388,504,391,488,358,484,384,473,379,470,372,476,364,473,384,468,387,466,386,Q
430,335,446,339,461,353,467,377,468,395,507,345,511,379,514,401,516,419,499,353,499,383,503,397,509,406,487,360,484,385,473,379,469,373,476,366,473,384,467,386,465,384,Q
430,335,446,339,460,352,466,377,467,395,506,343,511,379,513,401,515,420,497,352,493,378,487,378,489,377,485,360,481,384,471,378,469,370,474,366,472,384,467,386,465,384,Q
427,333,443,337,458,352,464,377,464,395,503,341,507,376,509,399,510,417,495,350,495,378,496,389,500,394,482,358,479,382,469,377,465,368,471,364,468,383,463,383,461,378,Q
426,332,443,337,459,351,464,376,462,393,503,340,507,377,509,400,512,419,494,348,488,373,479,369,477,364,481,355,478,380,468,375,465,368,470,362,469,381,464,384,462,383,Q
291,211,314,235,335,249,348,264,357,282,373,218,388,247,398,268,407,284,368,207,375,247,356,248,350,237,356,202,359,243,341,244,336,234,340,202,343,233,331,238,325,231,Q
293,208,316,232,337,246,349,261,358,277,375,216,390,245,400,265,408,280,371,205,378,244,358,247,350,237,359,201,362,240,343,242,337,232,342,201,346,230,333,234,327,228,Q
296,207,317,231,339,246,351,261,360,277,377,216,391,246,401,265,410,280,373,206,379,244,361,246,354,237,361,202,363,240,346,241,341,232,345,201,348,230,336,234,331,228,Q
301,206,321,230,344,245,356,260,365,278,383,217,396,246,406,265,415,280,380,206,381,243,362,244,356,234,370,202,369,239,352,239,347,230,355,201,356,230,344,232,339,224,Q
304,206,325,231,347,246,359,262,369,279,386,217,398,248,408,266,417,281,383,208,387,245,371,247,367,241,373,203,373,241,357,240,352,231,358,203,360,231,348,233,344,224,Q
314,213,336,238,356,254,368,271,377,288,397,224,407,256,417,275,426,290,393,214,395,254,376,253,369,243,382,209,383,248,366,246,362,236,368,209,368,238,357,239,353,230,Q
321,221,341,247,363,265,374,283,380,301,401,234,413,267,421,286,430,302,398,224,398,265,378,264,373,254,388,219,387,258,369,257,366,247,374,217,375,247,362,248,359,239,Q
323,237,343,265,364,284,375,305,384,327,407,255,415,290,424,311,432,327,405,246,403,290,384,288,378,277,396,242,390,285,373,281,370,271,381,242,378,274,366,274,363,265,Q
324,248,343,278,364,299,374,321,381,341,408,273,415,310,422,331,430,348,408,264,400,309,382,303,379,292,398,261,389,303,372,298,369,287,384,260,378,292,365,292,362,286,Q
323,263,340,297,359,319,370,338,377,359,407,293,413,330,420,351,427,368,406,284,400,331,379,325,376,313,396,279,387,323,369,317,369,304,382,278,374,310,362,308,361,297,Q
324,262,339,294,358,317,369,336,377,355,408,291,413,326,419,348,426,366,406,282,395,328,375,322,371,309,396,278,383,321,366,314,364,302,380,277,372,310,359,306,358,296,Q
320,251,339,282,360,303,370,322,374,341,407,274,413,309,417,330,423,347,403,266,394,311,376,305,373,293,391,264,381,306,366,299,365,287,376,266,369,297,357,293,355,283,Q
316,233,338,257,365,276,382,295,394,309,408,247,415,286,415,301,417,310,401,239,397,283,385,282,382,274,386,237,381,279,371,278,369,272,366,237,369,272,372,293,378,310,Q
315,178,344,208,371,229,385,248,392,266,414,204,425,239,430,259,436,275,408,194,398,236,380,233,374,223,393,189,383,229,368,226,363,217,375,188,370,221,361,227,358,227,Q
321,150,350,181,375,203,386,222,391,236,418,170,428,203,434,221,442,237,412,160,408,201,391,195,386,184,399,156,392,196,376,191,372,182,382,156,379,190,369,194,365,191,Q
328,128,355,158,379,179,390,198,397,216,422,143,433,175,440,195,447,212,418,132,413,173,395,168,390,156,405,127,397,168,381,165,378,154,388,127,384,160,371,162,368,154,Q
329,116,355,143,380,163,391,182,397,201,420,128,432,162,440,182,448,198,416,115,417,158,397,158,391,146,403,109,403,151,384,151,380,139,385,107,387,140,374,143,369,135,Q
330,116,353,141,377,159,390,177,398,196,419,125,432,158,440,178,448,195,415,111,417,155,395,156,387,145,402,105,401,148,381,148,376,137,385,103,385,136,372,140,367,132,Q
331,117,354,142,377,160,389,177,398,197,419,127,432,159,440,180,448,197,416,113,417,153,395,154,388,143,403,105,402,147,383,148,377,138,385,102,386,136,374,140,369,132,Q
331,121,354,146,377,164,389,180,396,199,418,131,431,163,439,183,447,199,414,117,416,157,395,160,388,151,401,109,400,152,381,153,375,143,384,106,385,140,373,145,367,140,Q
331,126,354,150,377,167,389,184,396,201,417,135,429,165,437,185,445,201,414,122,416,160,397,162,390,152,402,114,400,153,383,154,378,144,385,111,385,142,374,146,369,138,Q
320,150,344,178,366,196,378,215,385,235,409,171,419,206,427,227,435,243,405,162,398,203,381,200,376,190,393,157,383,198,369,195,365,187,376,157,372,190,363,194,359,192,Q
319,168,341,197,364,215,375,233,380,252,405,187,416,221,424,241,430,258,401,178,395,220,376,218,370,208,388,174,382,214,366,212,361,202,372,173,369,205,357,208,352,202,Q
304,194,328,224,351,243,363,258,369,278,392,217,401,252,410,272,417,287,387,210,384,253,365,253,357,245,375,207,367,248,351,244,346,234,359,207,352,236,340,235,337,227,Q
298,208,322,234,345,254,355,276,360,299,388,228,396,258,404,278,410,295,381,222,378,267,360,269,353,263,367,219,363,261,349,259,345,249,349,219,347,250,337,250,334,241,Q
284,214,309,243,329,260,338,279,344,299,371,231,378,267,384,283,391,293,363,225,361,270,345,267,342,256,348,224,345,266,330,262,326,251,330,225,330,256,319,253,315,242,Q
271,222,294,248,316,269,327,287,332,301,356,242,363,278,370,297,376,311,348,238,340,280,329,281,327,275,332,238,326,278,318,280,316,275,314,241,310,271,302,270,300,264,Q
503,308,478,306,455,311,440,322,432,335,443,298,423,312,413,327,409,342,455,299,446,333,448,357,452,373,470,305,460,338,462,348,466,351,483,312,475,340,475,344,474,341,Q
469,238,440,255,416,272,400,287,384,299,385,248,365,271,352,285,340,296,393,243,395,282,405,286,409,282,409,243,415,281,423,278,424,269,427,247,431,276,437,274,439,266,Q
448,212,419,238,395,258,378,273,365,285,360,235,345,257,334,271,323,283,366,225,368,256,384,261,394,258,378,218,382,249,395,253,403,249,393,214,395,237,407,242,415,240,Q
421,182,389,212,367,234,353,250,341,265,331,213,317,239,308,257,299,273,333,201,332,235,349,234,359,225,343,192,346,227,362,223,369,213,357,186,358,214,372,214,379,206,Q
394,167,366,201,345,224,333,244,325,263,304,202,295,233,290,250,282,266,306,189,304,227,324,224,332,213,317,179,320,216,337,212,341,201,332,172,336,202,349,200,353,191,Q
377,163,354,195,334,217,324,236,317,255,291,195,284,226,280,243,274,257,294,181,295,220,312,217,318,206,305,169,308,207,325,205,328,195,321,161,326,189,338,190,341,181,Q
364,155,344,187,324,210,317,230,314,249,283,187,273,216,270,234,267,250,283,172,282,210,302,207,311,197,293,160,294,196,313,195,318,186,310,151,314,179,327,180,329,172,Q
353,149,335,179,318,203,312,224,308,244,275,184,266,213,262,231,259,247,275,169,274,205,294,202,303,193,285,156,285,190,303,190,309,182,301,147,305,173,317,175,320,169,Q
350,153,332,182,315,206,308,227,305,246,272,184,264,214,260,233,257,250,272,169,272,206,291,202,299,192,282,157,283,191,300,190,305,181,298,148,300,173,311,177,316,172,Q
350,160,334,191,316,215,310,236,307,256,272,195,264,224,261,242,258,258,273,181,275,216,293,212,300,201,282,169,285,203,302,201,305,192,298,160,301,186,312,188,315,180,Q
356,182,340,213,321,238,313,256,308,274,275,217,270,247,266,265,262,282,276,204,281,241,298,236,304,226,287,194,292,230,307,227,309,217,302,187,305,215,317,215,320,208,Q
358,192,342,222,324,248,317,269,312,289,280,228,273,258,267,275,261,291,281,216,281,253,300,247,307,236,290,206,291,243,308,239,311,228,305,200,306,228,317,228,320,220,Q
358,199,342,231,323,255,316,276,312,296,281,236,272,265,267,282,262,298,281,223,282,260,301,255,307,244,290,213,291,250,308,246,311,236,305,208,307,236,318,236,321,228,Q
354,202,338,233,319,256,311,276,307,296,278,239,267,265,262,283,258,299,278,225,277,260,297,256,304,247,286,214,287,249,304,246,309,238,301,208,301,236,314,236,319,229,Q
341,193,326,224,308,249,301,269,297,288,266,232,254,259,251,276,249,292,266,219,268,251,285,246,290,236,274,208,278,242,294,237,296,227,287,200,291,227,303,225,305,217,Q
333,176,315,207,297,233,290,254,285,274,253,210,246,241,243,258,239,274,254,199,255,236,270,231,276,221,263,190,266,227,281,223,283,212,278,184,280,213,292,211,293,202,Q
325,168,308,200,291,226,284,246,279,264,247,204,241,233,237,250,234,265,248,192,251,228,266,223,271,212,257,182,262,218,276,214,278,204,273,175,277,202,288,201,290,193,Q
319,155,300,185,283,212,277,232,271,247,239,185,233,215,230,233,227,248,241,172,244,210,261,207,267,197,251,163,255,199,270,196,272,186,266,157,271,183,282,183,285,174,Q
315,144,298,172,280,198,271,218,265,235,236,177,228,204,225,222,222,238,237,162,240,197,260,193,267,183,246,151,250,185,268,184,272,174,262,143,267,169,279,171,282,165,Q
312,143,295,172,276,196,268,216,261,234,232,173,225,202,222,220,219,236,233,159,235,196,254,192,261,182,242,148,245,184,262,182,265,172,259,140,263,168,274,169,277,163,Q
307,145,289,175,270,200,263,220,255,237,227,174,221,205,218,224,214,242,228,162,228,200,245,198,253,188,238,153,238,190,253,187,257,177,254,147,254,174,265,174,269,167,Q
303,149,287,178,268,203,261,223,253,240,224,177,219,210,216,229,213,246,225,165,226,205,244,202,251,192,235,157,236,195,252,192,256,182,250,152,251,180,263,181,267,173,Q
294,172,279,207,260,233,254,257,253,279,214,215,211,249,210,271,208,290,213,205,218,244,237,239,242,228,222,196,228,234,243,230,245,219,237,191,239,221,250,220,253,211,Q
289,206,316,233,341,253,352,276,358,298,383,220,393,258,401,279,409,297,377,207,388,253,364,255,353,246,362,201,365,247,342,247,335,236,343,200,343,236,328,241,323,234,Q
287,205,314,233,339,252,351,275,356,298,383,218,391,258,398,279,406,297,375,206,385,254,362,255,352,245,360,201,364,247,341,248,334,237,340,200,342,236,327,240,322,233,Q
285,208,313,236,337,256,349,278,356,302,381,220,391,258,398,281,405,300,374,207,385,256,361,258,349,249,358,201,362,249,340,249,331,239,338,200,341,236,327,241,321,235,Q
285,212,311,239,337,261,348,284,354,308,381,225,392,263,399,286,406,304,376,210,387,257,362,261,349,252,361,201,366,247,342,250,333,240,340,197,341,232,326,238,320,231,Q
284,215,310,242,337,265,348,289,355,314,383,226,395,267,402,291,411,311,378,210,387,258,362,261,350,251,363,200,365,248,342,248,334,236,341,196,341,234,325,237,319,228,Q
256,203,297,245,334,275,350,306,358,336,391,225,407,274,415,307,419,336,381,208,399,272,400,301,406,316,360,195,367,257,339,258,326,243,333,189,335,237,315,240,306,229,Q
259,219,285,253,321,282,339,314,348,350,387,222,403,281,413,316,424,345,377,200,384,270,350,275,333,263,353,188,352,260,320,264,307,251,322,185,319,241,295,247,283,237,Q
202,198,257,249,306,285,328,328,341,371,376,214,407,280,415,324,421,358,359,186,373,277,336,281,319,257,326,171,337,259,299,261,287,235,287,166,292,235,267,243,257,225,Q
207,210,249,259,290,294,312,339,325,386,372,218,394,295,408,343,421,382,354,191,368,283,326,288,308,268,318,178,322,272,286,275,273,254,275,176,274,248,249,254,239,237,Q
194,209,242,261,287,300,308,343,320,393,363,223,388,304,406,353,420,392,347,195,368,293,326,301,305,280,312,183,320,278,283,282,271,257,267,180,267,253,243,261,237,243,Q
196,204,248,254,291,290,312,334,324,379,368,215,391,295,406,342,421,382,351,190,374,283,332,286,314,263,318,178,329,267,290,270,278,247,277,175,280,243,253,248,243,230,Q
219,186,269,230,310,260,330,292,342,322,376,202,393,260,402,291,412,315,365,181,375,251,343,257,330,245,342,168,352,234,318,240,304,225,312,161,319,211,295,220,283,208,Q
230,180,276,219,316,244,334,272,345,299,370,196,388,242,399,268,409,289,364,178,375,234,349,243,339,234,347,166,354,222,324,226,313,212,324,160,327,205,306,210,297,198,Q
242,173,280,207,314,228,331,253,342,278,363,187,379,226,368,239,361,244,359,173,365,222,339,225,330,215,346,163,349,211,324,211,316,200,328,157,331,194,314,197,307,188,Q
245,174,280,206,309,228,325,251,335,275,358,187,370,225,368,243,368,253,354,171,363,219,339,224,331,214,343,161,349,208,324,210,316,198,327,156,330,192,313,196,306,186,Q
251,178,280,210,308,232,323,255,332,278,354,193,365,231,371,253,377,268,351,178,356,224,331,228,322,218,341,169,343,214,319,215,311,204,325,163,327,198,312,202,306,194,Q
257,185,282,215,308,237,320,259,329,281,353,205,362,239,370,260,378,275,352,190,354,231,331,235,323,227,343,181,343,222,320,223,313,213,329,174,328,206,314,210,308,202,Q
258,194,280,224,303,246,315,268,324,289,348,216,357,248,364,269,370,284,348,202,351,243,329,246,320,238,340,193,341,234,319,235,313,225,327,188,326,221,312,224,306,216,Q
259,196,278,225,301,248,312,270,320,291,346,219,354,251,360,271,366,287,346,206,350,247,327,251,319,244,339,198,339,238,317,239,310,230,326,194,325,225,310,227,305,218,Q
256,197,275,224,297,247,309,271,315,294,344,214,352,249,359,271,367,289,343,200,349,247,324,248,313,239,334,192,335,235,312,235,304,224,319,187,320,220,305,223,299,214,Q
239,201,256,226,283,250,297,274,302,302,335,210,345,248,354,274,362,295,332,192,334,243,305,247,292,238,317,180,316,231,290,235,280,225,295,174,294,213,276,219,269,212,Q
194,182,237,229,277,263,295,295,305,325,341,214,364,265,371,298,376,322,333,194,342,260,318,274,308,268,312,180,318,244,286,249,271,235,285,172,288,222,267,228,257,216,Q
175,197,218,244,259,282,276,322,285,359,329,221,347,285,362,322,376,352,321,197,334,275,295,278,277,262,296,184,304,260,267,261,256,242,262,179,261,238,236,244,226,231,Q
190,235,227,273,257,299,273,324,284,354,310,245,332,290,345,320,354,346,297,227,316,284,298,325,283,349,271,218,286,276,263,306,246,317,240,216,244,263,231,280,221,281,Q
196,309,226,313,252,330,264,354,268,375,271,327,277,371,272,390,267,397,257,329,265,376,259,394,253,401,240,334,247,378,242,395,238,403,219,339,225,370,223,386,220,396,Q
521,361,476,361,426,387,399,430,380,461,401,362,352,399,324,421,299,437,422,372,387,443,408,441,421,422,451,388,420,454,439,447,449,428,480,406,457,456,473,450,484,434,Q
462,286,424,325,388,359,372,395,359,427,321,314,297,369,282,395,265,413,336,305,326,383,350,383,360,369,364,306,356,378,376,375,383,361,396,313,385,363,390,378,391,382,Q
389,187,349,251,317,290,306,325,299,359,229,241,212,305,204,337,195,363,234,220,240,301,276,290,288,268,255,206,264,283,298,274,305,254,285,200,293,259,316,255,322,238,Q
371,170,331,232,300,277,287,317,280,352,219,225,202,285,192,313,178,335,220,201,222,276,257,265,266,243,235,184,241,256,274,249,280,227,259,173,265,229,287,227,292,210,Q
358,155,319,211,287,252,275,293,268,330,210,203,197,264,189,292,176,316,210,181,215,255,251,242,257,220,224,163,229,235,263,226,266,204,247,151,253,206,274,204,277,186,Q
350,144,317,197,291,237,284,276,279,307,211,195,202,254,198,280,188,301,210,171,220,240,256,230,263,209,222,151,232,217,265,210,268,190,244,135,251,186,274,186,277,170,Q
347,139,316,188,292,226,286,264,284,292,218,189,212,244,208,269,199,288,215,166,226,230,259,220,263,200,226,146,235,209,267,201,268,180,246,133,255,181,276,181,278,165,Q
344,140,317,187,296,222,291,256,288,284,225,190,225,244,223,270,217,291,223,170,236,233,267,222,269,205,233,154,245,215,274,205,274,186,250,142,260,189,280,186,281,171,Q
333,143,312,189,292,223,287,255,286,283,225,197,225,247,224,271,220,293,221,179,236,238,264,227,266,210,230,162,244,219,269,210,268,193,247,150,257,193,274,190,274,177,Q
323,152,306,195,288,228,285,258,284,284,224,212,223,254,223,276,221,296,219,193,233,243,261,231,262,215,226,174,240,222,265,212,262,197,240,158,251,195,269,193,267,180,Q
315,158,299,199,280,233,277,263,276,289,218,214,216,254,215,277,213,297,212,196,225,246,253,235,257,219,218,178,229,227,257,220,258,204,231,163,242,200,261,200,262,188,Q
313,159,296,200,276,236,272,270,270,298,208,208,209,255,209,280,206,303,203,189,216,245,248,231,250,212,209,171,221,225,251,216,251,198,225,156,234,197,255,197,257,183,Q
310,163,294,205,272,245,267,282,263,313,200,211,198,262,197,290,194,314,195,189,206,250,242,235,244,213,203,169,213,227,246,219,245,199,220,153,226,198,248,200,253,186,Q
311,162,289,208,262,249,255,291,250,328,178,204,178,269,179,304,174,333,175,177,189,254,233,237,234,212,189,153,201,225,239,216,239,193,213,135,219,189,245,194,251,178,Q
316,148,291,201,261,246,254,291,250,330,170,197,169,270,170,306,163,335,166,166,183,250,227,235,230,207,182,140,196,219,235,211,235,185,210,120,217,176,243,185,250,171,Q
319,141,290,200,257,248,251,294,249,335,163,199,164,274,165,311,159,343,159,167,179,253,225,235,230,206,175,139,192,220,232,211,233,184,205,118,215,178,242,184,247,167,Q
322,145,292,205,261,253,255,298,252,337,171,207,170,277,170,316,166,349,165,177,183,258,228,240,236,211,179,149,194,226,232,215,234,189,205,128,216,185,243,191,248,176,Q
325,149,293,204,263,249,257,289,254,324,179,201,180,268,181,300,177,325,176,173,195,248,233,232,234,207,189,148,205,222,240,211,239,187,214,129,222,184,247,187,251,171,Q
326,143,296,194,268,235,261,274,259,309,191,193,192,256,196,282,188,302,188,168,203,238,239,223,238,200,200,145,210,213,244,203,243,180,222,127,227,176,251,180,256,166,Q
327,147,302,194,280,230,272,264,269,291,216,207,212,250,212,274,210,295,210,186,221,234,248,224,252,207,216,166,226,214,253,206,254,190,231,149,239,188,257,188,260,176,Q
325,154,304,196,282,230,276,260,271,287,221,203,219,249,220,273,219,294,216,186,226,236,253,224,256,207,221,168,231,217,258,207,258,190,234,152,242,191,261,189,263,177,Q
323,156,306,194,286,225,279,254,274,280,226,201,222,245,224,268,223,287,221,185,230,232,258,219,259,202,227,168,237,212,262,202,261,186,239,153,248,186,266,184,266,172,Q
320,161,305,199,284,230,278,258,274,282,228,210,224,250,226,274,226,296,223,193,232,237,259,224,260,207,227,175,236,217,262,208,261,193,238,159,246,193,264,192,265,181,Q
321,162,307,198,286,229,280,257,277,282,229,207,225,249,227,273,227,295,224,191,233,236,261,223,262,206,228,175,238,217,264,207,263,191,240,160,248,192,266,190,267,178,Q
324,163,310,199,289,229,283,257,280,281,232,208,231,247,236,264,233,281,228,192,237,235,264,223,263,208,232,175,240,218,267,207,265,192,243,160,251,192,269,190,269,179,Q
317,214,353,241,386,267,407,293,428,311,408,230,420,279,429,312,439,339,386,220,384,288,365,291,357,281,357,217,353,280,339,276,338,261,328,219,328,269,321,268,320,254,Q
323,210,359,234,391,262,407,293,423,316,412,228,423,278,434,313,443,340,389,218,388,285,370,287,364,274,360,216,356,278,344,273,344,256,332,218,332,266,326,264,325,248,Q
320,208,354,231,385,255,402,282,417,303,409,221,422,270,432,300,439,326,386,213,389,276,384,310,383,333,358,210,361,272,360,289,365,293,331,214,334,259,330,259,330,250,Q
315,209,351,226,384,249,399,277,410,298,404,210,416,261,424,292,432,318,380,199,378,264,373,276,377,280,351,197,350,257,344,253,347,243,325,200,328,245,324,239,325,226,Q
305,205,334,224,359,246,367,275,373,302,391,209,407,253,417,279,427,300,372,196,379,255,369,265,368,266,345,192,343,249,332,246,330,235,316,193,316,236,312,234,312,222,Q
305,223,336,237,363,256,372,284,376,309,390,218,407,263,417,291,428,315,369,206,369,266,355,275,351,274,342,203,343,259,333,257,332,246,316,205,322,246,317,246,315,235,Q
306,221,337,239,365,260,377,290,384,318,393,225,409,266,419,293,428,315,374,213,376,271,357,273,349,265,349,209,349,264,336,261,333,248,323,210,328,251,322,251,320,240,Q
296,221,329,239,359,258,370,284,375,305,380,225,395,262,407,287,417,308,364,219,380,267,391,292,403,312,342,219,346,268,336,266,332,258,319,222,322,259,316,257,314,248,Q
281,228,309,246,334,269,342,300,345,325,363,237,378,272,387,295,395,314,349,227,349,280,332,292,323,295,327,225,322,276,311,273,308,263,304,226,303,266,297,265,295,254,Q
269,244,297,265,322,285,331,311,336,333,351,250,367,284,376,308,383,328,337,240,340,289,324,292,318,286,317,236,316,283,305,281,302,271,295,238,297,274,290,274,288,264,Q
267,268,297,286,322,304,331,331,335,355,350,269,364,303,371,326,377,345,337,258,339,307,322,310,316,302,317,254,315,300,303,298,301,286,296,255,296,290,290,290,290,280,Q
265,271,293,289,318,307,327,332,333,355,347,272,361,306,368,328,374,347,335,261,336,310,319,311,313,302,316,257,313,304,300,301,298,289,295,258,294,293,287,293,286,283,Q
262,269,289,286,315,306,324,333,329,356,345,274,357,306,364,328,372,346,333,264,331,312,314,313,309,304,313,260,308,307,296,302,295,291,292,261,290,298,284,295,283,285,Q
260,260,289,278,314,299,322,326,327,347,340,263,356,300,365,325,373,345,325,256,329,309,313,312,307,305,304,255,304,304,294,299,292,288,283,259,285,295,279,292,277,281,Q
258,252,285,272,310,293,318,319,324,339,337,252,356,287,365,313,373,335,321,243,331,294,314,298,305,292,300,242,303,291,289,289,285,278,277,245,282,284,274,282,271,271,Q
240,217,279,236,311,264,324,295,333,319,333,224,352,278,360,306,369,328,309,216,316,279,302,283,295,274,282,216,289,273,282,273,284,263,255,222,261,262,257,259,258,247,Q
234,215,265,235,294,263,306,297,313,327,323,218,342,264,353,296,366,321,305,207,310,270,290,274,283,265,279,206,278,266,262,262,258,247,252,210,252,257,241,253,237,237,Q
217,206,261,232,295,262,305,299,312,330,329,213,348,267,358,300,367,325,306,203,311,272,290,281,280,273,275,202,279,262,263,263,258,250,245,206,251,253,243,254,241,241,Q
351,171,386,207,423,230,440,259,450,295,484,172,510,223,526,259,538,289,472,152,474,225,437,237,418,229,448,143,448,213,415,221,400,208,418,140,422,194,400,204,389,194,Q
351,165,393,203,427,228,443,261,454,300,484,164,512,224,531,262,548,294,470,144,479,224,440,236,420,227,443,137,451,210,418,218,403,204,411,137,418,190,400,199,391,187,Q
343,165,386,204,423,228,443,259,458,298,478,162,503,221,521,259,537,291,463,145,469,221,433,234,413,227,435,138,438,211,406,218,392,206,403,139,408,190,390,198,382,188,Q
327,158,366,199,401,230,409,263,406,287,439,173,467,216,481,249,492,277,423,154,425,212,404,229,392,231,399,145,394,201,373,209,360,204,374,141,371,184,357,193,348,191,Q
296,149,323,184,353,213,364,241,370,264,404,163,434,205,448,236,461,262,393,139,382,195,354,202,338,196,369,126,355,180,334,183,321,173,341,119,334,165,319,169,309,162,Q
265,145,295,170,328,195,339,222,346,248,376,140,398,183,409,212,419,235,363,120,378,174,369,196,367,206,341,110,343,172,319,179,307,172,315,108,321,158,305,164,295,157,Q
237,138,269,164,303,187,319,212,332,238,347,124,372,170,388,201,402,226,333,105,347,163,333,181,325,183,307,97,315,155,301,166,294,162,277,97,286,137,283,151,282,152,Q
225,132,260,156,294,178,313,209,326,242,338,120,365,168,382,200,397,227,321,101,328,171,302,184,285,180,290,95,291,159,271,167,261,157,256,96,257,143,249,153,246,146,Q
226,141,261,162,292,183,308,214,321,246,334,121,360,170,376,204,391,232,314,102,323,171,300,185,287,180,283,96,286,162,268,170,260,158,249,98,254,147,247,157,245,148,Q
214,164,256,187,291,209,307,244,316,277,332,149,351,199,361,232,372,260,310,135,317,203,296,220,285,222,279,131,282,198,265,200,258,186,247,134,249,188,242,191,238,178,Q
218,181,259,200,293,221,306,252,313,281,329,162,348,211,359,243,370,270,307,148,315,216,295,229,285,228,277,145,283,212,268,213,261,200,246,150,255,201,248,203,244,190,Q
481,202,448,216,417,240,404,266,399,285,406,215,399,254,396,274,393,287,421,212,421,256,430,255,433,245,439,214,436,255,444,253,447,242,457,218,454,249,461,246,464,236,Q
474,200,448,204,423,219,414,241,413,258,403,205,392,244,385,268,378,286,408,211,396,247,390,269,384,285,416,220,412,255,422,258,429,254,427,233,423,259,430,262,436,259,Q
460,186,429,199,406,226,402,255,403,273,382,209,377,254,372,279,365,298,400,205,402,255,413,250,416,239,423,206,426,252,432,245,433,231,446,209,446,244,452,238,453,226,Q
453,173,424,190,399,222,390,255,383,277,366,208,364,259,360,289,355,311,384,204,391,267,404,258,407,241,408,202,415,258,426,245,425,229,433,200,433,244,442,235,444,221,Q
461,172,427,184,395,215,378,247,368,270,366,207,364,261,358,291,351,312,383,204,386,271,402,261,407,244,408,202,413,263,425,249,425,232,435,202,437,249,446,237,447,220,Q
507,178,453,205,398,239,364,270,337,299,368,204,357,267,351,294,338,311,393,196,388,270,405,260,410,240,423,194,417,264,432,249,435,228,455,194,445,245,457,234,463,216,Q
487,178,451,201,422,237,412,273,398,303,374,194,363,256,351,290,340,316,398,187,397,263,418,252,424,233,430,187,433,258,448,244,448,224,464,192,462,247,473,236,473,216,Q
534,175,471,195,420,233,399,278,388,310,365,205,351,288,343,321,329,345,396,197,392,290,415,274,420,248,435,195,432,283,451,261,450,232,476,194,465,264,479,250,482,225,Q
487,184,446,207,412,243,403,284,396,320,353,199,336,267,323,308,309,337,379,191,374,278,395,272,401,251,414,191,412,273,429,262,431,240,453,197,447,259,458,250,461,229,Q
473,167,426,189,386,223,377,267,379,301,328,183,310,262,296,305,282,336,357,174,353,265,379,268,392,254,396,175,396,261,418,251,423,228,437,181,431,246,448,237,452,215,Q
442,139,391,179,350,217,338,258,331,287,280,149,263,233,254,272,241,296,312,134,308,231,335,231,344,210,353,132,351,228,374,221,378,198,394,138,388,214,404,205,408,182,Q
441,108,388,141,343,185,329,237,323,276,273,137,251,224,236,269,221,303,298,126,289,229,320,219,330,195,335,125,330,224,356,211,358,187,376,130,369,209,386,201,388,179,Q
450,118,397,153,348,195,329,240,320,281,273,141,253,225,238,265,221,294,298,135,284,233,311,225,323,202,332,138,320,230,344,217,348,194,370,145,357,214,375,206,380,185,Q
437,165,385,198,349,224,328,251,316,283,279,171,258,235,245,264,230,286,296,165,282,242,308,234,317,216,320,167,307,239,330,229,338,211,348,175,334,225,350,224,359,212,Q
423,180,375,208,340,234,323,259,313,283,282,188,263,246,252,273,241,293,296,183,289,252,309,245,316,230,319,185,311,248,328,240,333,225,344,191,334,234,343,237,346,232,Q
412,195,369,225,337,251,321,276,314,298,281,206,267,260,258,287,249,308,294,200,290,264,309,257,315,243,315,202,313,261,329,252,332,238,339,207,335,249,347,247,351,237,Q
413,201,371,208,332,230,309,255,299,276,292,214,276,267,279,280,278,283,308,213,298,269,313,265,319,253,329,217,324,266,339,260,343,249,352,223,345,258,357,255,364,247,Q
437,216,400,220,361,241,340,263,331,282,327,232,308,276,302,299,295,312,342,230,334,282,346,284,349,278,363,230,354,279,367,278,370,270,385,231,376,268,386,266,391,257,Q
462,220,423,232,383,255,359,284,343,310,356,229,343,282,349,297,350,299,374,225,364,280,375,286,379,282,397,225,387,274,400,274,405,265,420,228,409,265,419,263,424,254,Q
471,218,434,234,403,259,392,291,385,317,367,231,354,280,345,303,335,321,383,227,372,283,381,285,382,279,404,227,399,279,409,270,408,256,427,230,421,270,430,264,432,251,Q
464,229,427,237,390,257,367,279,351,299,369,241,349,278,338,305,329,324,384,239,367,281,366,307,367,325,404,241,388,280,384,304,383,321,426,244,411,272,408,288,407,300,Q
310,185,334,191,358,209,369,230,375,246,377,192,386,217,398,237,406,255,361,188,361,236,358,262,357,280,340,190,339,240,337,249,340,250,316,193,315,233,312,232,312,224,Q
310,174,333,190,355,218,359,250,364,272,382,194,396,230,405,255,412,279,363,188,364,247,355,262,354,268,338,189,337,244,327,239,325,227,313,192,317,235,310,231,307,219,Q
302,176,325,192,350,220,359,250,369,273,379,195,395,231,404,257,412,279,363,188,361,243,348,251,345,249,341,187,336,240,326,234,325,220,317,190,318,235,310,230,308,216,Q
298,178,324,194,352,222,363,253,372,275,380,196,396,235,405,261,412,282,364,191,361,247,348,253,346,248,342,191,337,243,326,236,328,221,319,194,317,237,309,231,308,218,Q
297,178,325,192,356,220,372,248,384,267,381,197,397,239,407,265,415,287,364,194,362,249,356,264,357,270,341,195,340,246,333,241,335,231,318,199,320,242,312,237,310,224,Q
305,178,335,190,365,219,375,252,383,276,390,203,404,244,412,270,420,293,373,202,371,262,356,266,353,261,350,204,344,258,331,249,331,233,326,207,324,250,315,243,314,228,Q
319,185,353,195,381,218,391,245,395,270,407,204,425,242,425,268,421,287,390,203,395,254,378,260,368,254,369,205,371,254,359,253,350,242,346,209,351,247,342,247,335,239,Q
341,179,378,191,412,214,429,238,436,258,444,201,443,255,423,256,415,246,426,201,422,259,403,257,395,245,403,203,399,256,382,254,376,242,379,207,374,249,361,252,354,246,Q
366,168,404,183,436,206,449,235,450,257,463,197,474,247,483,279,492,305,447,196,440,256,424,256,418,243,423,198,416,253,403,250,400,237,398,203,391,244,379,243,375,234,Q
366,167,400,178,434,204,450,232,453,254,461,195,476,247,484,279,492,304,443,193,440,257,422,252,417,235,419,195,416,253,402,245,401,229,393,199,391,245,377,243,372,232,Q
339,176,361,213,390,243,410,264,423,276,423,216,443,249,434,264,423,270,427,198,448,233,444,251,436,259,423,183,437,217,427,232,414,237,415,171,425,197,421,210,413,217,Q
344,191,346,226,355,256,366,273,373,270,407,247,434,266,425,273,409,272,416,228,442,242,436,249,425,248,417,208,438,220,436,228,428,231,411,191,426,200,425,207,420,210,Q
264,142,282,182,309,207,336,212,354,203,334,205,360,231,376,244,387,252,346,184,375,207,386,221,391,229,353,159,371,182,361,187,347,185,354,138,366,158,360,163,351,163,Q
229,126,257,149,284,184,298,217,309,241,316,144,336,188,343,214,348,237,296,134,290,199,269,200,259,188,268,131,259,190,242,186,237,173,240,131,235,176,223,178,219,170,Q
205,123,238,142,271,175,283,213,293,239,295,133,317,176,328,207,335,233,270,127,279,196,258,197,246,186,240,129,243,192,230,184,227,168,211,134,217,186,209,181,205,166,Q
189,119,223,139,258,173,273,210,286,236,285,131,308,174,319,206,329,232,262,126,269,195,249,192,241,177,232,128,236,192,221,184,218,167,201,134,211,188,201,182,197,165,Q
170,121,209,134,246,165,262,201,273,227,269,119,292,167,305,200,316,227,241,117,254,185,240,184,234,170,210,123,224,186,212,177,209,159,182,132,200,183,193,176,188,159,Q
157,129,196,144,229,167,245,197,260,217,241,106,269,149,282,180,291,206,213,109,228,165,226,178,229,178,185,119,197,170,187,164,181,148,160,130,168,166,160,159,154,144,Q
146,137,172,123,206,126,232,147,246,170,226,110,257,145,270,172,281,197,215,127,245,162,261,189,273,210,201,145,216,178,205,177,196,171,186,163,198,188,191,186,187,179,Q
133,110,173,126,209,153,224,191,238,216,213,96,238,141,254,173,268,203,181,91,201,161,194,164,192,155,149,101,167,166,164,160,162,142,122,114,142,166,143,161,140,146,Q
132,126,169,135,205,153,224,187,240,215,215,91,240,140,255,173,269,202,185,86,201,159,193,162,192,152,153,95,168,165,162,159,161,142,124,109,142,165,141,161,139,144,Q
142,137,185,137,218,146,238,174,255,197,217,88,244,143,260,176,277,204,183,86,205,157,205,164,208,159,149,95,173,162,169,156,165,139,120,108,142,157,144,153,140,136,Q
155,150,210,139,254,138,281,151,300,170,264,82,293,133,311,169,324,197,229,84,261,140,284,176,302,202,193,96,223,145,248,174,268,195,160,111,175,140,187,159,197,173,Q
232,107,273,99,317,109,343,134,358,155,340,77,374,133,392,167,408,189,326,91,345,146,325,147,314,134,311,111,330,160,312,158,301,144,297,133,330,173,349,195,367,210,Q
244,112,289,130,333,151,356,184,373,212,352,81,381,130,400,163,416,190,326,75,348,148,327,153,314,140,294,80,310,149,294,147,286,129,263,91,279,145,267,143,258,126,Q
256,103,303,126,345,145,371,177,393,202,371,81,400,128,416,161,429,188,347,70,359,145,336,158,322,153,314,73,320,145,303,147,295,132,282,82,289,140,279,141,274,127,Q
269,114,311,132,350,151,372,182,389,209,385,91,413,145,427,181,440,209,359,81,370,156,348,161,337,149,325,83,335,153,317,151,310,137,292,91,304,144,295,146,290,133,Q
290,131,338,148,384,164,408,186,422,207,415,125,436,178,445,210,454,235,391,119,397,190,382,194,376,187,360,120,367,179,358,184,354,181,330,124,333,163,327,169,324,167,Q
310,134,356,151,398,176,418,210,427,239,431,138,453,190,462,221,471,249,409,134,414,201,398,197,391,181,380,136,388,193,375,188,369,175,352,140,359,179,352,179,348,172,Q
327,144,368,164,406,187,424,214,433,240,445,151,464,205,473,236,481,262,426,147,427,213,409,216,402,207,401,148,403,206,386,201,380,186,376,153,381,196,369,193,364,180,Q
336,153,374,181,407,206,420,236,427,263,452,166,468,214,475,243,483,268,436,157,428,219,411,214,408,198,411,155,404,211,389,203,388,188,386,156,382,200,371,197,368,184,Q
329,170,368,188,403,206,421,227,430,249,439,171,465,212,475,240,482,263,423,165,427,226,416,244,412,249,400,165,403,222,391,229,386,226,375,169,383,218,378,234,375,241,Q
533,242,502,241,472,255,457,276,452,292,448,247,428,273,414,291,404,306,460,248,457,292,470,292,476,284,479,254,478,294,489,289,493,278,499,260,495,292,504,286,508,276,Q
525,231,492,237,463,253,448,270,445,286,437,234,421,266,412,288,404,304,451,233,443,277,454,286,461,285,471,237,466,279,474,287,479,287,493,243,488,279,491,290,493,293,Q
515,214,483,215,454,235,440,261,434,279,424,218,413,258,407,282,401,299,438,218,433,266,448,263,454,252,456,223,457,267,469,261,469,249,476,229,477,264,486,259,486,248,Q
511,204,480,206,452,228,440,255,434,273,424,210,412,250,404,273,397,292,437,212,431,259,446,254,452,242,456,218,455,262,468,254,469,241,476,225,476,258,485,251,486,239,Q
512,205,481,209,454,231,442,259,438,277,424,210,411,249,403,274,395,293,438,211,431,260,446,255,453,243,456,216,455,263,468,256,470,242,477,223,476,260,485,253,486,241,Q
510,203,480,210,453,234,441,263,436,278,422,210,408,250,400,275,392,294,437,210,430,259,446,257,452,246,456,214,455,263,469,257,470,244,477,222,476,259,485,254,486,241,Q
507,209,480,223,451,241,435,259,421,274,415,201,397,238,386,261,377,278,431,197,420,246,437,249,444,239,452,201,443,248,458,248,463,237,475,209,465,247,475,249,479,240,Q
494,197,460,216,429,232,413,250,397,266,395,191,376,231,365,256,357,273,412,187,402,240,421,244,432,234,436,191,426,243,444,243,453,230,459,199,451,240,463,240,470,228,Q
487,194,452,207,419,223,401,246,386,265,384,185,362,227,348,253,337,271,399,184,385,237,402,237,411,227,418,191,410,242,427,238,432,225,438,201,432,240,445,236,451,225,Q
483,190,448,200,414,219,394,244,376,264,378,183,354,227,339,253,328,271,391,181,376,237,395,238,405,227,412,188,404,241,421,238,425,225,434,199,427,239,439,238,443,227,Q
485,188,449,201,413,219,393,242,375,263,376,180,353,225,338,250,326,269,390,179,377,236,396,235,405,223,411,185,405,241,422,236,426,222,433,196,428,238,441,234,445,222,Q
491,186,454,199,419,217,399,239,382,257,380,175,357,218,342,243,330,262,396,174,381,231,399,229,407,216,417,180,408,236,424,229,428,214,441,191,432,233,445,228,450,215,Q
508,172,470,189,430,208,407,228,386,246,397,159,368,203,355,227,343,245,414,159,390,210,392,221,391,225,436,167,416,214,419,218,420,215,457,182,426,218,404,237,383,251,Q
531,156,485,170,447,183,426,201,407,219,422,130,392,169,375,195,362,215,443,128,423,180,438,186,449,180,466,136,449,189,465,183,474,167,490,147,472,188,485,184,493,168,Q
538,147,495,156,457,170,434,192,414,210,430,115,398,156,379,180,362,197,449,113,427,170,444,177,454,169,472,122,455,179,472,176,479,161,494,135,478,180,491,178,497,164,Q
539,142,495,151,458,165,434,188,413,208,433,111,400,154,381,179,365,198,453,110,429,168,446,173,456,164,476,120,459,178,475,174,480,158,497,135,482,179,494,178,498,165,Q
539,143,495,154,454,168,429,190,408,209,427,115,395,157,374,184,358,205,447,113,423,172,442,177,453,168,471,122,449,179,467,179,475,165,494,136,474,180,486,180,494,167,Q
504,156,450,156,404,165,374,179,353,190,383,127,365,165,362,179,356,183,398,129,379,169,378,178,376,182,417,136,399,171,396,183,389,191,440,147,422,169,415,181,406,191,Q
269,339,295,367,318,388,328,411,333,430,366,348,371,396,351,396,342,385,363,345,366,403,344,397,337,381,354,348,358,401,338,395,330,382,341,354,344,396,330,392,323,381,Q
273,338,297,364,320,386,329,409,335,429,365,350,374,393,381,415,391,430,362,347,365,401,344,398,336,386,354,350,358,400,338,397,329,386,341,356,346,395,333,394,325,384,Q
277,337,300,363,324,386,334,407,341,427,370,349,381,391,388,413,397,430,367,347,370,400,350,395,343,380,358,350,361,399,344,393,338,380,346,357,350,393,338,389,334,378,Q
289,327,318,335,351,351,368,371,375,387,376,338,384,380,381,395,380,402,374,342,381,385,372,393,367,395,367,349,375,391,360,393,353,389,356,358,363,388,356,392,351,389,Q
293,338,317,366,340,388,350,409,359,428,384,348,394,390,402,414,410,433,382,346,389,392,373,393,366,384,376,351,382,396,363,394,356,383,367,359,371,394,357,391,351,379,Q
294,331,321,330,353,340,370,356,379,369,386,337,392,384,378,383,369,373,386,340,390,388,375,384,367,375,380,346,384,390,368,386,361,376,370,355,372,386,360,383,353,373,Q
297,336,320,364,342,387,351,409,360,428,387,344,399,388,409,412,419,430,387,342,389,394,368,393,361,383,381,347,383,395,363,392,357,381,372,356,373,391,358,389,353,378,Q
293,335,315,362,338,385,348,407,358,425,385,342,398,387,407,411,418,429,384,341,388,392,368,391,363,379,378,346,381,394,361,390,355,378,370,355,370,390,355,387,350,376,Q
286,332,310,356,335,379,345,401,354,420,379,342,391,384,400,407,410,425,377,340,380,390,360,388,351,376,370,343,372,389,351,386,344,374,358,350,361,385,347,385,340,374,Q
283,331,308,357,333,381,343,404,353,422,375,342,387,384,396,406,407,424,374,339,378,389,358,387,351,375,366,341,367,388,348,384,343,372,355,347,356,383,342,381,337,370,Q
274,330,298,353,323,376,333,400,341,422,365,339,378,379,388,402,398,421,363,336,367,387,347,384,339,372,355,339,359,387,339,384,331,373,342,346,348,383,335,381,328,371,Q
264,330,289,355,315,377,326,400,334,421,357,335,371,378,383,402,395,420,355,332,361,386,340,383,331,369,346,336,352,386,331,382,323,370,332,343,340,381,326,380,319,370,Q
255,331,283,356,309,377,321,400,330,423,349,332,365,373,374,395,383,412,347,329,355,383,335,382,326,368,338,333,345,383,324,380,316,368,325,341,332,379,319,379,312,369,Q
242,331,270,356,298,376,312,397,321,419,340,330,356,371,364,394,372,412,336,328,344,384,324,382,315,370,325,332,333,383,313,380,304,369,311,340,318,379,305,377,298,367,Q
236,333,265,357,295,376,311,397,320,417,334,329,349,371,356,394,362,410,329,327,338,382,317,383,306,371,318,332,325,383,305,380,296,368,303,340,310,380,297,380,289,369,Q
229,333,259,357,288,376,301,399,307,421,327,328,343,369,350,391,354,408,322,327,332,382,313,386,303,377,310,332,319,383,299,383,290,373,295,341,303,382,291,382,283,372,Q
223,333,255,358,284,377,297,401,300,423,324,326,340,371,340,391,342,402,317,325,326,381,307,381,299,370,305,330,314,382,295,380,286,369,290,339,299,380,287,379,278,369,Q
214,333,249,356,280,375,293,401,294,426,317,324,333,368,327,385,325,395,310,323,318,378,298,376,290,365,297,327,307,379,287,375,278,363,281,336,292,377,281,375,273,365,Q
201,329,234,352,266,370,280,392,288,415,304,321,322,362,331,387,339,408,298,318,304,374,283,371,275,358,284,323,291,375,271,371,263,359,268,332,276,371,263,370,257,359,Q
193,326,228,348,259,365,274,388,283,411,296,317,313,359,323,383,332,404,288,315,298,371,278,370,269,359,274,321,285,372,265,370,256,360,258,330,270,371,258,372,250,363,Q
189,327,225,350,257,366,272,388,280,410,291,316,310,359,319,384,329,403,284,315,297,369,277,369,267,357,271,320,284,372,263,370,254,359,255,330,269,371,257,372,249,363,Q
193,329,229,354,260,372,274,394,283,416,294,321,313,362,323,387,333,408,287,319,297,373,277,374,268,363,274,324,284,374,265,374,256,365,258,333,271,373,261,377,255,371,Q
200,330,234,355,266,375,281,397,290,419,303,323,320,366,331,391,340,412,296,321,303,378,282,376,273,364,282,327,291,378,270,377,261,367,267,336,276,375,265,377,259,370,Q
215,332,250,354,281,374,296,397,302,421,316,324,335,367,345,392,354,412,310,324,322,376,304,374,295,362,297,330,308,379,290,376,281,363,283,340,294,379,282,380,276,370,Q
228,332,260,357,289,378,304,399,311,421,326,328,343,367,352,390,359,409,320,327,331,380,313,379,303,367,308,332,320,380,301,378,292,367,294,341,307,379,297,379,291,369,Q
238,334,268,356,298,375,313,398,320,421,336,329,353,368,362,389,368,405,331,328,341,379,323,379,313,367,321,333,330,381,313,379,306,369,307,341,316,379,305,379,298,369,Q
246,333,277,355,305,374,320,399,329,422,346,331,362,368,359,382,354,387,342,331,354,380,339,382,328,373,333,335,344,381,328,381,320,372,321,344,327,379,315,378,308,369,Q
254,333,284,351,313,372,328,397,337,419,355,332,370,374,370,392,369,401,350,332,363,383,349,388,340,381,340,337,352,384,338,388,329,382,326,345,335,383,328,393,322,393,Q
271,335,302,341,335,355,353,373,367,390,368,331,386,366,397,386,406,402,366,335,374,381,360,389,350,389,358,343,364,387,348,394,338,392,348,352,357,385,354,398,351,405,Q
279,333,309,355,337,377,350,400,358,422,381,337,393,380,403,401,413,416,378,336,382,388,363,389,354,376,368,340,372,385,353,385,346,374,355,347,360,382,349,384,343,377,Q
279,336,303,328,338,334,362,347,379,361,367,324,390,346,403,363,410,378,367,327,392,355,401,372,409,385,363,335,386,363,396,380,402,393,357,346,375,367,383,381,390,391,Q
293,335,320,360,346,382,359,404,369,423,388,335,402,378,410,400,420,415,387,333,397,382,381,385,373,376,381,338,391,383,375,385,367,376,371,348,379,383,366,383,359,374,Q
291,331,314,324,347,329,367,341,381,352,372,321,393,344,404,361,410,374,373,324,392,348,402,364,410,375,369,331,388,351,397,366,403,378,363,342,375,356,382,367,388,375,Q
299,333,324,358,349,381,363,403,373,424,388,335,405,376,414,398,422,414,388,333,399,383,382,384,374,372,383,338,394,384,377,384,370,373,375,347,381,383,369,384,362,374,Q
297,329,322,328,356,335,377,346,392,355,388,326,396,368,391,377,391,377,390,328,394,373,385,377,383,376,385,334,388,376,376,377,371,374,376,344,374,373,363,374,359,370,Q
294,334,319,360,346,382,359,403,370,423,387,334,401,377,411,400,421,415,386,333,396,383,377,383,369,371,380,338,388,384,370,383,363,372,371,348,375,384,361,382,355,370,Q
291,334,317,360,345,383,357,404,367,421,385,335,400,377,410,400,421,419,384,334,392,384,374,384,365,372,377,339,383,386,364,384,357,373,367,348,371,385,356,383,350,372,Q
286,334,313,358,341,380,353,402,362,420,384,339,397,381,407,403,418,419,382,337,386,388,367,386,360,374,373,340,374,388,356,386,350,373,360,348,362,385,347,383,342,370,Q
268,336,293,356,321,377,334,402,344,422,363,337,379,378,384,396,388,406,361,336,370,388,352,391,342,381,353,341,362,389,344,391,335,381,343,348,350,385,337,388,329,379,Q
258,333,285,342,316,361,330,387,340,410,351,332,369,374,383,397,394,415,350,335,363,386,345,391,334,383,343,342,353,390,334,392,324,383,332,352,339,388,326,390,317,382,Q
248,339,279,364,308,383,322,404,332,423,346,335,362,377,358,393,356,401,341,334,352,389,334,395,324,390,330,340,338,390,320,393,310,388,316,349,324,388,317,401,314,408,Q
234,340,262,364,291,382,306,402,316,422,331,334,350,374,360,397,369,416,326,332,338,385,318,383,309,371,315,338,327,387,307,384,299,372,301,348,312,386,299,385,292,374,Q
222,339,253,364,284,384,298,405,306,427,321,333,339,375,349,398,359,417,315,333,324,387,304,385,297,373,303,339,313,388,293,385,286,373,289,349,298,387,286,386,279,375,Q
214,343,247,366,278,386,291,410,294,429,313,336,332,378,342,402,350,421,305,335,314,389,296,386,289,374,292,340,302,390,284,386,278,373,276,350,286,389,275,388,269,376,Q
202,342,236,363,269,383,283,409,289,434,303,335,323,378,333,402,342,424,296,334,305,390,285,387,277,374,283,341,293,392,272,387,265,374,267,351,277,392,264,391,257,381,Q
195,342,231,358,265,376,281,402,289,426,297,334,315,379,325,404,334,426,288,334,297,390,278,385,271,371,274,341,284,391,265,385,258,371,258,350,269,390,256,388,249,377,Q
188,343,223,362,256,380,270,405,278,429,289,333,305,379,316,404,326,425,280,334,289,390,271,385,264,371,264,340,275,392,257,385,250,371,247,350,258,390,246,388,240,377,Q
186,343,221,360,254,379,269,405,277,430,286,333,304,378,315,403,325,424,277,333,288,390,270,386,263,372,261,340,273,392,256,386,250,372,244,350,257,391,246,388,240,376,Q
184,343,220,360,254,378,268,404,276,427,285,332,303,377,314,402,324,423,275,333,286,389,268,385,260,372,259,340,271,392,254,385,248,372,242,350,255,390,244,387,238,375,Q
183,343,219,360,252,377,266,402,274,426,283,332,302,376,312,401,323,421,273,332,284,389,266,384,258,370,257,339,270,391,252,384,246,370,240,349,253,389,242,385,236,373,Q
