128,401,163,392,193,372,223,358,250,353,172,312,170,275,165,249,161,227,147,315,140,296,139,329,145,341,125,319,117,304,121,334,129,342,104,324,97,311,104,333,111,343,L
129,402,164,394,194,374,225,360,251,355,172,314,171,277,166,250,162,229,149,316,140,298,139,330,145,344,127,319,117,306,121,335,129,346,106,325,98,313,104,335,113,345,L
129,402,164,394,194,375,225,360,252,355,174,314,172,277,168,250,166,228,150,316,143,298,141,331,147,343,128,319,120,306,123,336,131,345,107,323,100,312,106,335,114,344,L
127,403,162,396,192,376,223,362,250,355,173,315,173,278,170,252,168,229,149,317,142,301,140,335,145,345,127,321,119,308,122,339,130,345,106,324,100,313,105,336,112,345,L
127,402,163,395,193,376,223,362,251,355,173,314,173,278,170,252,168,229,149,317,143,300,141,334,146,345,127,320,119,308,123,339,131,345,106,324,100,313,106,336,112,345,L
125,404,159,397,190,376,221,361,248,354,171,316,173,278,172,252,170,229,147,317,139,301,137,334,142,345,124,320,116,308,119,338,127,346,103,325,97,313,102,336,109,346,L
125,403,160,396,192,375,222,361,249,354,171,316,174,278,173,251,172,229,147,317,140,300,138,333,143,346,124,321,116,308,120,339,128,347,104,325,97,314,103,337,110,347,L
125,403,160,396,192,375,222,360,250,353,172,316,175,278,175,251,173,228,147,317,140,299,138,332,142,347,125,321,117,307,120,338,127,348,104,325,97,314,103,336,110,347,L
124,403,160,396,191,375,221,361,249,353,171,315,175,279,175,251,174,228,147,317,140,300,138,334,143,346,124,321,116,307,120,339,128,347,103,324,97,313,103,336,110,346,L
124,404,159,396,191,375,221,360,249,353,171,316,175,278,175,251,174,228,147,317,140,299,138,331,142,345,124,320,116,307,119,337,127,347,103,325,97,313,102,336,109,346,L
124,404,159,396,191,375,220,360,248,352,171,316,174,278,174,251,173,228,146,317,139,300,137,332,141,347,123,321,115,307,119,338,126,349,102,325,96,314,101,337,109,348,L
123,404,158,397,190,376,219,360,247,352,169,316,173,279,173,252,173,228,145,318,138,300,136,333,139,347,121,322,114,308,118,339,124,349,100,325,95,314,100,337,107,348,L
121,407,156,399,188,378,218,361,246,354,168,318,172,280,172,252,171,229,143,319,136,302,134,335,137,348,120,323,112,309,115,340,122,349,98,327,92,315,98,338,105,349,L
120,406,156,399,187,378,217,362,246,355,167,318,171,280,170,252,170,229,142,320,135,302,132,335,135,349,118,324,111,310,114,341,121,351,97,327,91,317,96,339,104,349,L
119,410,154,401,186,380,217,363,245,356,165,320,170,282,170,254,169,231,141,321,133,304,131,337,134,351,117,325,109,311,112,342,119,353,96,330,89,318,95,341,102,352,L
118,412,154,403,186,381,217,366,245,358,164,322,169,284,169,256,168,233,140,324,132,306,130,340,133,354,117,328,108,314,112,345,118,356,95,333,88,320,94,343,101,354,L
119,414,154,405,187,383,217,366,245,359,165,324,170,284,170,256,169,233,141,324,133,306,130,338,133,355,118,328,109,314,112,344,118,357,97,334,89,321,94,344,102,356,L
119,414,155,406,187,383,217,367,245,360,166,324,171,284,171,256,170,233,142,324,134,306,131,339,134,355,119,328,109,314,112,345,119,357,97,333,89,321,94,344,103,356,L
117,415,153,406,185,384,215,368,244,360,165,324,170,285,170,257,170,234,140,326,132,308,129,341,132,356,116,329,107,315,111,347,118,358,95,334,88,321,93,345,101,356,L
115,416,150,408,184,385,213,368,241,361,162,326,167,286,168,258,167,234,138,326,128,309,125,343,128,360,114,330,104,317,107,349,114,361,92,335,84,323,90,348,98,360,L
115,415,151,406,184,384,214,369,243,361,162,325,167,285,168,257,167,233,137,326,129,309,126,342,128,361,113,331,103,318,107,350,114,363,91,335,84,324,89,349,98,360,L
114,415,150,407,184,384,214,369,243,361,163,325,168,285,169,256,168,233,138,326,128,309,125,342,127,362,114,331,103,317,106,349,113,364,93,335,84,324,89,348,98,361,L
116,415,152,406,185,384,214,369,244,361,163,325,168,285,170,256,169,233,138,326,129,309,126,342,128,361,114,330,104,317,107,349,114,364,93,335,85,324,90,349,99,361,L
115,416,151,407,185,384,216,369,244,362,163,326,169,285,170,257,169,233,138,326,128,309,126,341,127,362,115,331,104,317,107,348,113,365,93,337,84,325,90,349,98,362,L
114,418,150,409,183,385,213,369,241,362,161,327,167,286,168,258,167,234,136,327,126,310,123,343,124,363,112,332,101,318,105,349,111,365,90,338,82,325,88,349,96,362,L
113,417,149,408,182,385,212,369,241,362,160,326,165,285,166,257,165,234,135,328,125,310,123,343,124,363,111,333,100,318,104,350,110,366,89,338,81,326,86,350,95,363,L
112,420,148,410,181,386,212,369,240,363,158,328,164,287,165,259,164,235,134,328,124,311,121,344,123,364,110,334,99,318,103,350,108,366,88,341,80,328,85,351,93,365,L
112,422,147,412,182,388,213,371,240,365,159,330,165,288,166,261,166,237,134,330,125,312,121,344,122,365,111,335,100,320,102,351,108,368,89,342,80,328,86,352,94,366,L
124,433,158,424,193,401,224,386,251,382,172,344,180,302,183,274,185,251,149,342,142,324,139,356,139,376,126,346,119,331,121,359,124,377,104,354,97,340,102,361,108,375,L
434,422,399,425,371,412,346,404,323,402,393,358,395,321,400,298,405,280,414,352,412,349,412,369,412,380,434,355,429,356,429,374,428,384,451,361,448,363,444,378,442,387,L
418,418,384,418,350,403,323,393,301,395,372,346,373,308,376,284,379,265,393,346,388,329,390,359,394,378,412,350,407,338,407,367,408,383,432,356,427,344,422,364,420,377,L
417,410,381,406,348,390,320,380,297,381,371,333,371,294,373,270,376,250,392,333,387,318,389,349,392,369,413,337,409,328,407,357,407,373,433,344,429,335,423,356,420,368,L
416,404,381,400,347,383,318,373,295,374,369,326,370,286,372,262,375,241,391,325,387,311,389,345,393,364,412,329,408,321,406,351,407,367,432,336,428,326,422,348,420,360,L
414,400,378,396,344,379,315,370,292,369,366,321,366,281,369,257,372,236,388,321,384,306,387,338,391,359,409,326,405,316,404,345,403,362,429,333,426,323,420,343,416,355,L
412,403,376,400,343,385,314,376,291,376,365,327,364,286,366,262,368,241,387,326,382,311,384,343,387,364,408,330,404,320,402,350,401,367,428,337,424,327,418,349,414,362,L
413,406,377,403,342,388,313,379,290,379,365,330,361,288,362,263,363,242,386,329,380,313,383,345,387,366,407,333,402,322,400,352,400,369,427,341,422,328,416,350,412,364,L
415,407,378,403,343,388,314,379,292,378,367,330,363,289,363,263,364,242,388,330,381,314,384,345,389,367,409,334,403,322,402,352,402,370,429,341,424,329,417,349,414,363,L
414,407,378,403,343,388,314,379,291,378,364,330,361,288,362,263,362,242,386,329,381,314,385,346,389,367,407,333,404,323,403,353,402,370,427,341,424,329,418,350,414,364,L
412,407,377,404,342,389,313,380,290,380,364,331,360,289,361,264,361,243,385,330,380,315,384,347,388,368,406,335,403,324,402,354,401,371,427,342,423,331,417,352,413,365,L
412,408,376,404,342,389,312,380,290,380,363,332,360,290,360,265,361,244,385,331,379,315,382,347,387,368,405,335,401,324,400,354,399,372,426,342,422,331,415,352,411,365,L
412,409,376,404,342,389,312,380,289,379,363,332,359,291,359,266,360,244,384,331,378,315,381,347,386,368,405,335,400,324,399,354,399,372,425,342,420,330,414,351,410,365,L
412,409,376,404,342,389,312,380,289,379,363,332,360,291,360,266,360,244,385,332,378,316,381,347,386,368,405,336,401,325,399,354,399,372,425,343,421,331,414,351,411,365,L
412,410,376,405,342,389,312,380,289,379,363,333,359,291,360,266,360,244,384,332,378,315,381,347,386,368,405,336,400,324,399,353,399,372,425,342,420,330,414,351,411,365,L
412,409,376,405,341,389,311,380,288,379,362,332,359,291,359,265,360,244,384,331,378,315,382,347,387,368,405,336,401,324,400,354,400,372,425,343,421,331,415,352,411,365,L
412,409,376,404,341,389,311,380,288,379,361,332,357,291,358,265,358,244,383,331,377,315,381,347,386,368,404,335,400,324,399,353,399,372,424,342,420,331,414,351,411,365,L
411,409,375,404,341,389,311,380,287,379,362,332,358,291,358,265,358,244,384,331,377,315,381,347,386,368,404,335,400,324,399,354,398,372,424,342,420,330,414,351,411,365,L
411,409,375,404,341,389,311,380,288,379,362,333,358,291,358,265,359,244,383,332,377,315,381,347,386,369,404,335,399,324,398,354,398,372,424,342,420,330,413,351,410,365,L
412,410,376,405,341,390,311,380,288,379,363,333,359,291,359,266,359,244,384,332,378,315,382,347,387,369,405,336,401,324,400,354,399,372,425,343,421,330,415,351,411,365,L
412,410,376,405,341,389,311,380,288,379,362,333,359,291,359,265,359,244,384,332,378,316,382,347,387,369,405,336,401,324,400,354,400,372,425,343,421,331,415,352,412,365,L
412,410,376,405,341,390,311,380,287,379,362,333,358,291,358,265,359,244,383,332,378,315,382,347,387,368,404,336,401,324,400,354,400,372,425,343,421,331,415,352,411,365,L
223,311,251,302,275,282,298,270,317,266,253,239,259,209,262,190,263,175,233,239,226,218,225,240,226,257,216,245,207,230,210,251,215,265,201,254,193,242,198,255,204,264,L
223,309,251,299,275,278,298,266,318,263,253,235,259,206,262,187,263,172,233,236,228,214,226,236,227,254,216,241,209,227,212,249,215,263,201,250,195,238,199,252,204,262,L
224,303,252,292,276,272,300,261,321,258,255,229,261,199,262,179,263,163,235,229,229,209,229,234,230,251,217,235,211,221,214,244,217,256,202,244,197,232,202,247,206,256,L
225,295,253,285,278,265,301,254,322,250,256,221,262,191,263,171,263,155,236,221,230,203,229,228,231,243,218,227,212,214,215,236,219,247,203,235,198,225,202,240,207,248,L
230,281,260,271,286,251,309,240,329,237,262,208,267,177,268,158,269,142,243,208,236,191,235,215,236,233,225,214,219,201,221,222,225,236,210,223,205,212,209,226,213,235,L
238,275,267,265,293,244,317,233,337,231,268,202,273,171,274,151,274,135,249,203,241,184,240,208,242,226,232,209,224,195,227,216,231,230,217,218,211,208,215,221,220,230,L
259,262,288,251,315,231,339,220,357,216,287,189,288,158,288,139,287,124,268,190,260,174,261,196,263,213,252,197,244,184,247,203,252,217,237,206,231,196,236,209,242,218,L
266,259,296,249,323,227,348,217,367,213,296,185,298,154,298,135,298,119,277,187,268,169,269,192,272,209,260,193,253,181,256,201,261,214,245,203,239,195,244,209,251,218,L
296,246,327,234,352,213,374,201,392,196,325,169,327,139,326,119,325,101,307,170,301,154,302,178,305,192,291,177,283,165,288,187,293,197,276,186,270,178,276,193,283,202,L
314,235,345,225,370,202,392,190,410,188,343,159,343,129,342,111,341,95,325,161,318,144,320,166,323,181,309,168,301,155,306,175,311,187,295,179,287,170,294,184,301,193,L
326,233,355,223,380,203,403,193,422,191,357,160,359,130,360,112,359,96,339,161,335,143,336,166,337,182,322,168,317,154,321,175,324,187,307,178,302,167,307,180,312,188,L
327,232,357,223,383,205,406,194,424,192,360,161,363,131,364,113,363,97,342,162,339,142,339,165,340,181,325,167,321,153,325,175,327,188,310,176,307,166,312,181,317,190,L
328,233,357,224,383,205,406,196,424,193,360,163,363,133,364,114,364,98,342,163,339,146,339,169,339,185,325,169,321,155,325,177,327,190,309,178,306,166,312,182,316,191,L
328,233,358,224,383,206,406,196,424,194,360,164,363,133,364,115,364,99,342,164,338,147,338,170,339,185,325,170,321,156,324,178,326,190,310,179,306,168,312,182,316,192,L
326,234,355,224,380,206,402,196,420,193,356,164,359,134,361,115,361,99,339,164,336,147,337,170,338,186,322,170,318,156,322,177,324,191,306,179,303,168,309,183,313,192,L
323,234,351,224,377,206,399,196,416,193,352,164,355,134,357,115,357,100,335,164,332,147,333,169,333,185,318,170,314,157,317,178,320,189,303,179,299,169,304,184,309,192,L
304,235,331,225,355,207,378,197,395,193,330,165,332,136,334,118,334,101,314,166,310,149,312,171,313,185,298,172,295,159,299,178,301,189,284,181,281,171,287,185,290,194,L
284,242,312,233,336,216,357,207,373,205,312,174,315,146,316,128,316,113,295,176,290,160,290,180,291,195,280,182,275,171,278,191,281,201,266,190,262,183,267,197,272,205,L
264,259,291,255,316,240,336,232,353,230,293,201,296,170,298,153,298,137,276,203,272,192,269,214,268,229,260,207,257,198,256,217,257,227,246,212,244,203,245,217,248,225,L
248,283,272,282,295,270,316,262,333,259,275,227,278,197,279,182,280,169,257,228,256,220,253,243,254,257,242,234,242,229,241,250,242,257,229,241,228,236,229,253,232,260,L
239,305,264,303,289,290,309,281,327,277,267,248,270,219,272,202,273,189,250,248,244,240,243,261,245,274,234,252,228,248,230,267,234,275,221,258,215,254,218,269,223,276,L
236,330,262,326,287,310,307,301,322,298,264,270,267,240,268,224,269,210,246,270,242,262,241,283,242,294,231,275,225,269,227,288,231,296,217,282,211,277,216,291,220,299,L
231,342,259,338,286,321,306,311,321,308,263,282,266,253,267,236,268,221,246,282,241,275,240,297,240,308,230,286,224,280,226,300,229,309,216,292,211,287,215,303,220,310,L
229,360,256,357,283,340,304,331,320,329,260,303,265,272,267,255,268,240,243,302,240,296,239,317,240,328,228,305,223,301,225,321,228,328,213,310,210,305,214,320,217,328,L
227,376,254,374,282,357,302,347,318,343,259,319,264,289,265,273,267,258,242,318,239,314,237,336,236,346,226,321,222,319,224,339,226,346,212,326,209,321,213,336,215,344,L
223,389,250,387,277,370,297,359,314,352,254,332,257,304,258,287,259,272,237,330,231,328,230,351,231,360,221,333,214,333,216,353,221,359,206,338,201,336,205,353,211,360,L
222,394,250,390,277,372,299,361,316,356,254,334,258,306,259,289,259,273,237,332,232,330,231,354,231,363,221,334,216,335,218,356,221,362,206,338,202,338,206,354,211,361,L
228,394,256,390,286,371,306,360,322,357,261,332,264,303,265,286,265,271,244,330,240,327,239,349,239,358,228,333,224,333,225,353,229,359,212,338,209,336,213,352,218,358,L
257,397,285,393,313,373,334,362,352,358,289,333,294,302,295,283,296,266,272,332,274,329,272,351,270,359,256,337,257,332,258,351,258,358,239,343,241,337,244,351,246,358,L
286,397,315,393,342,373,364,360,381,355,319,334,322,300,325,281,327,264,300,334,306,326,305,351,302,360,283,338,289,333,291,354,289,361,266,344,272,337,277,353,277,359,L
301,396,331,393,359,374,380,361,397,356,336,333,341,300,343,281,344,264,317,332,320,326,318,351,316,361,299,337,301,332,303,355,302,363,281,344,284,339,289,357,291,363,L
313,397,341,394,369,376,392,363,411,357,348,333,353,302,356,282,357,265,327,331,333,326,330,354,326,363,308,335,314,333,315,357,313,364,290,342,296,341,301,358,302,363,L
313,399,343,396,371,376,394,362,413,357,350,335,355,304,358,284,359,267,330,333,335,329,331,357,327,368,310,337,315,334,315,359,313,367,291,344,296,342,301,359,301,365,L
313,400,342,396,370,377,393,363,412,356,348,335,354,304,357,284,358,267,328,333,333,330,330,357,326,367,308,337,312,337,313,360,311,367,290,344,295,343,300,359,301,364,L
311,400,341,396,369,378,391,363,409,355,347,335,352,303,355,283,356,267,327,334,331,330,329,357,325,367,308,338,311,335,313,360,312,367,289,345,294,342,299,359,300,365,L
311,399,339,395,367,376,389,363,408,358,345,335,350,303,353,282,354,266,325,334,329,329,327,356,324,366,306,338,308,335,310,358,309,365,288,345,291,342,297,359,298,364,L
303,402,333,400,362,380,383,366,400,361,339,338,344,307,346,287,346,270,319,338,323,332,321,359,319,369,301,344,303,337,305,361,304,369,283,351,285,346,290,363,292,370,L
496,449,453,449,417,417,395,388,376,370,454,378,456,335,461,307,466,287,478,374,467,358,461,378,464,395,498,382,485,373,482,390,487,404,514,393,504,385,501,398,507,408,L
482,413,444,389,410,359,386,339,366,326,435,326,437,298,438,280,437,262,458,324,461,303,461,323,460,333,479,326,484,312,482,329,477,334,497,333,503,318,499,333,493,340,L
473,375,434,353,402,326,378,307,356,297,426,285,428,257,428,240,427,222,448,285,449,259,451,284,451,300,470,289,474,269,471,293,466,306,488,298,493,277,487,293,481,304,L
467,353,430,343,397,319,371,301,349,293,420,265,421,228,422,204,422,184,443,266,444,245,448,275,449,293,466,272,469,257,469,286,466,302,488,283,491,266,487,284,481,296,L
464,348,429,341,396,318,369,302,347,293,419,263,419,225,420,203,420,184,442,264,443,243,447,274,448,293,465,270,468,256,468,285,464,300,486,280,489,264,485,284,479,296,L
465,347,430,340,395,316,369,300,347,292,418,261,417,224,418,202,418,183,441,262,441,241,446,271,449,291,464,268,466,253,467,282,464,299,485,277,487,261,484,281,479,294,L
464,340,429,335,395,312,369,297,346,290,415,256,413,220,414,199,413,180,439,256,438,235,444,266,446,285,462,261,464,247,465,276,463,291,483,270,486,255,482,274,478,285,L
461,338,425,333,390,310,365,295,344,288,411,255,409,219,409,198,408,180,434,255,434,235,439,264,441,282,457,260,458,246,460,273,458,287,479,268,480,252,477,271,473,282,L
451,331,415,328,380,306,356,291,334,286,402,251,400,215,399,195,398,177,425,251,423,231,428,259,432,276,447,255,447,240,450,267,450,281,468,264,469,248,467,266,464,277,L
448,331,412,326,379,304,354,289,332,284,400,249,397,214,396,193,395,175,422,249,418,229,424,259,426,275,444,253,443,239,446,266,445,279,466,261,466,245,464,264,460,273,L
438,324,403,322,368,302,345,287,324,282,387,247,385,212,384,192,383,175,409,246,406,227,413,254,417,271,431,250,430,236,433,262,434,275,453,258,451,242,450,260,448,270,L
431,321,396,319,362,299,339,285,319,280,381,244,377,210,376,190,375,173,402,243,398,224,405,251,410,268,424,247,422,232,426,258,427,271,445,254,444,238,442,255,441,265,L
425,320,391,319,355,298,331,283,311,279,374,243,371,210,368,190,366,173,395,241,390,222,395,251,400,267,416,245,413,229,415,256,417,268,438,252,435,238,433,256,432,265,L
224,293,256,286,289,271,319,267,342,271,272,212,279,176,281,152,282,133,250,210,259,177,254,205,250,223,227,214,233,188,231,218,228,233,204,225,206,211,210,229,212,239,L
224,293,256,286,289,270,319,266,342,270,272,211,279,175,281,152,282,132,250,209,258,176,254,204,250,222,227,214,232,188,231,217,228,232,204,224,206,210,210,228,212,238,L
223,292,255,284,289,269,319,265,342,270,271,211,278,174,280,150,280,131,249,208,257,176,253,205,248,223,226,213,230,186,229,216,227,232,203,223,204,209,209,228,211,239,L
224,289,255,282,288,267,319,263,343,267,271,207,277,169,279,145,278,124,248,204,257,169,251,200,247,220,226,209,229,182,227,213,226,229,202,220,201,205,207,225,211,236,L
223,288,256,279,289,263,319,260,344,264,270,200,276,163,276,138,276,118,247,198,255,163,249,193,245,214,224,204,225,177,225,208,224,225,200,216,198,201,204,221,210,232,L
226,286,259,277,292,260,323,257,349,262,270,195,274,155,274,130,273,109,247,194,252,159,247,190,244,211,223,201,223,172,223,203,223,222,200,214,196,197,202,217,208,229,L
233,287,267,277,301,260,333,257,360,262,279,193,283,153,283,127,281,105,255,193,258,159,255,189,253,211,230,200,230,174,230,204,229,221,206,214,203,199,209,217,213,228,L
238,290,274,280,308,263,342,262,370,269,287,195,291,154,291,126,290,103,261,195,265,158,261,191,260,214,236,202,236,173,235,205,235,225,212,216,208,199,214,219,219,231,L
236,293,273,282,308,267,343,267,370,276,286,194,291,151,291,122,291,97,259,192,265,154,260,189,257,214,233,200,232,170,231,205,232,226,208,215,203,196,210,219,217,232,L
237,298,276,288,313,272,349,273,378,284,291,194,297,149,296,119,296,93,262,192,266,151,261,187,258,213,234,199,232,167,231,204,232,226,208,214,202,196,208,218,215,232,L
237,302,277,292,315,276,352,279,381,288,293,194,297,147,297,116,296,90,262,192,267,152,262,189,259,216,234,200,231,167,231,204,231,228,208,215,201,195,207,218,213,233,L
236,307,278,295,317,279,353,283,382,293,294,196,298,149,297,118,296,91,263,194,268,154,262,191,259,218,234,202,232,169,231,206,231,230,208,217,201,197,207,221,213,236,L
237,316,277,305,316,290,350,293,379,302,295,212,303,169,304,140,305,114,268,210,276,173,270,208,267,234,241,217,241,189,239,224,238,245,215,230,211,213,217,236,223,250,L
241,318,281,309,320,292,353,295,378,306,300,219,308,178,308,150,309,127,274,217,282,183,276,215,272,238,248,223,249,199,246,231,245,250,222,235,220,221,225,243,230,256,L
253,319,291,310,328,295,358,297,382,305,310,227,317,189,320,166,321,147,287,225,296,197,292,226,289,243,262,230,268,208,265,236,261,251,237,239,239,227,243,247,245,258,L
266,319,301,313,336,299,364,300,389,307,322,238,330,202,334,180,336,163,301,235,314,208,308,236,303,253,279,239,288,219,284,247,279,260,255,246,260,235,263,254,264,264,L
273,321,308,315,342,303,372,305,396,314,326,242,334,206,336,183,337,165,305,239,316,210,309,237,305,256,283,243,290,219,285,246,282,262,260,251,262,239,266,256,269,267,L
274,336,310,334,348,321,382,322,410,331,331,250,337,208,340,181,341,157,305,245,317,211,310,244,303,265,278,250,284,224,281,255,277,273,251,261,253,246,258,268,261,280,L
266,342,306,339,349,324,387,324,417,332,329,248,337,205,341,177,343,154,302,244,317,208,310,242,303,263,275,248,282,220,279,254,274,272,247,259,251,243,257,267,258,279,L
246,332,295,335,345,317,392,317,434,325,327,223,338,168,344,133,349,99,292,214,306,164,294,194,285,224,255,219,258,180,252,222,252,250,221,235,217,210,220,239,226,259,L
228,347,290,349,349,332,406,337,453,350,332,214,348,149,354,105,360,66,291,203,312,144,292,189,278,226,250,208,256,161,243,213,238,249,212,227,206,196,208,232,217,259,L
225,366,293,363,361,345,424,351,476,366,339,215,358,144,365,96,372,54,294,204,314,136,293,189,279,231,249,210,255,151,241,213,238,255,206,231,197,194,202,235,214,266,L
226,367,297,360,368,342,431,345,482,358,340,209,359,137,366,90,374,50,296,198,316,133,295,186,280,228,251,204,257,151,245,211,242,251,208,223,200,191,205,232,214,261,L
229,360,298,353,364,335,423,339,473,352,339,205,357,135,366,90,374,52,296,196,315,131,296,184,282,227,253,203,256,152,245,211,242,250,210,221,201,191,206,232,215,260,L
253,332,298,339,343,327,382,327,418,330,328,230,347,177,358,140,367,110,293,220,310,161,307,166,301,185,258,224,261,183,257,219,257,252,226,241,221,221,226,247,233,271,L
443,487,392,487,345,466,306,453,273,443,373,396,372,343,372,310,374,282,409,389,412,380,419,425,424,455,445,395,447,391,450,435,452,462,478,407,478,405,475,437,475,458,L
429,461,369,458,309,429,264,413,225,407,338,344,335,295,335,263,332,232,375,335,379,314,395,361,402,390,413,336,422,323,430,370,428,398,448,347,456,335,455,369,447,391,L
408,430,340,422,278,396,229,379,189,371,303,297,296,240,292,203,285,169,342,291,336,255,354,306,363,338,384,295,385,266,395,317,394,347,422,311,425,287,424,323,419,346,L
393,389,323,382,258,352,205,333,161,330,279,245,272,184,267,144,261,107,321,235,314,188,332,240,342,278,365,238,369,199,378,253,377,291,407,254,415,227,413,266,404,297,L
378,354,314,355,249,328,195,311,147,307,272,213,259,141,253,97,247,55,314,205,306,153,325,209,338,248,358,212,363,171,374,226,376,263,401,232,411,199,408,236,400,264,L
375,335,311,342,244,314,191,295,142,290,269,190,256,114,249,70,244,29,311,183,307,132,325,191,338,233,356,190,361,148,372,206,374,246,400,208,410,175,408,216,400,249,L
366,329,302,332,232,305,177,286,130,279,257,179,244,105,239,59,233,18,300,172,296,121,317,180,328,222,345,180,352,139,365,196,363,235,387,199,396,165,396,205,387,235,L
365,325,304,326,237,300,185,280,139,272,262,178,250,104,244,59,238,18,304,172,298,120,315,174,328,214,348,181,354,137,363,192,363,230,391,201,401,166,398,202,390,231,L
371,328,309,330,242,302,189,282,142,273,270,182,258,107,251,62,244,21,312,178,309,131,324,184,335,224,354,189,362,149,368,203,367,240,395,209,407,176,401,212,392,241,L
373,334,311,337,244,311,191,292,143,283,273,190,259,114,252,69,245,28,315,185,312,137,328,191,340,231,357,196,364,157,371,210,371,246,398,216,408,182,404,217,395,246,L
363,337,303,341,235,316,182,297,134,289,263,194,249,119,242,73,235,31,305,189,302,141,320,195,332,235,349,199,357,157,367,210,366,247,391,218,402,183,399,218,390,247,L
353,330,290,332,223,305,170,286,123,278,250,182,238,108,232,64,226,25,293,176,291,127,310,185,320,226,337,186,345,146,355,201,353,237,378,206,387,174,385,212,376,240,L
329,317,267,320,199,292,146,271,101,262,229,170,214,99,205,55,199,16,269,166,265,119,280,175,291,217,311,176,315,133,322,191,323,229,353,194,358,160,353,199,347,229,L
323,316,262,318,196,293,143,273,97,263,220,175,205,104,196,60,187,21,259,169,251,122,269,175,283,216,301,177,304,137,314,191,317,230,343,195,348,164,346,201,340,231,L
333,317,270,320,204,293,150,273,103,265,226,175,213,104,204,60,196,20,266,168,259,118,274,170,286,210,308,176,313,135,319,189,320,227,351,195,359,162,354,199,346,229,L
339,327,275,330,209,306,155,286,108,278,233,186,218,115,208,71,198,32,273,179,263,129,281,183,294,223,315,188,320,149,328,203,330,239,356,207,363,176,359,213,353,240,L
343,336,282,338,216,313,163,293,117,285,240,194,226,122,217,78,208,40,280,189,273,139,289,193,302,233,322,199,327,159,334,212,335,248,364,218,372,185,367,220,360,249,L
370,346,307,348,241,322,187,306,141,299,267,202,253,133,245,91,236,52,309,196,308,152,322,206,331,242,353,206,361,171,367,225,364,259,395,226,406,199,400,237,390,264,L
386,350,324,352,262,328,210,311,164,302,291,211,280,140,274,99,269,60,334,205,333,165,346,216,356,254,376,215,385,183,389,236,386,271,416,235,428,211,423,246,414,272,L
393,351,335,347,276,321,228,304,186,296,306,219,296,153,291,114,286,79,345,214,342,173,352,221,361,257,384,224,390,189,395,237,395,270,422,244,432,216,429,245,424,270,L
402,340,351,335,299,310,259,292,224,285,324,224,317,168,314,134,310,102,358,220,357,181,365,222,372,255,390,228,395,194,397,234,397,263,421,243,427,218,424,243,420,264,L
377,329,329,326,279,303,244,287,215,283,304,220,297,172,292,143,288,118,335,218,328,181,334,220,341,248,365,226,363,195,364,232,366,253,396,240,395,216,389,240,386,256,L
356,321,312,321,264,297,231,282,204,278,286,219,278,173,273,145,269,122,314,216,305,182,312,221,319,246,342,223,339,194,341,231,344,251,371,236,369,214,364,237,361,253,L
346,316,306,314,264,294,234,279,211,277,283,225,275,185,269,162,265,142,307,223,299,191,305,223,312,246,332,227,327,201,329,233,333,254,357,237,353,218,349,241,349,256,L
346,313,308,312,267,292,238,279,215,277,284,227,277,188,271,164,266,143,307,223,298,192,306,222,313,244,331,227,328,203,331,233,332,251,356,236,352,220,349,241,347,255,L
242,449,273,441,301,408,312,377,322,354,286,377,294,351,300,354,302,363,265,376,277,358,278,382,273,397,244,379,256,362,257,386,253,400,221,385,233,369,236,386,233,398,L
225,450,256,437,279,403,293,376,308,362,266,362,279,325,287,302,293,283,243,366,249,338,253,361,254,381,221,375,229,359,235,384,236,403,198,388,207,375,214,395,215,409,L
228,435,258,415,283,377,307,354,333,347,267,341,277,301,284,275,287,251,243,342,246,322,248,357,245,370,219,351,222,340,230,372,229,383,196,364,200,355,209,377,210,385,L
227,415,259,395,287,356,313,334,338,332,268,317,273,272,276,243,275,216,242,319,244,306,245,344,243,351,218,327,219,321,226,355,228,360,195,339,198,330,207,353,209,362,L
225,395,258,376,287,339,316,319,345,321,269,296,276,250,280,222,282,195,242,297,239,286,239,323,241,329,217,304,214,303,220,335,225,338,194,313,193,309,202,333,207,340,L
221,391,255,374,287,337,317,319,346,323,268,292,277,246,281,218,284,192,241,293,238,283,238,320,241,327,216,300,211,299,218,331,224,335,192,310,190,307,199,331,204,338,L
223,392,256,376,287,343,319,328,349,332,266,294,272,248,276,219,275,193,239,295,238,282,239,321,239,328,213,302,214,301,221,334,224,337,189,312,193,311,202,335,206,339,L
225,391,258,377,291,349,323,340,349,348,265,295,271,247,273,217,273,191,238,296,233,285,237,321,240,331,213,303,209,303,218,335,224,339,190,313,189,312,199,335,206,341,L
223,377,257,368,290,345,321,342,346,356,271,285,281,238,287,208,291,183,246,284,236,273,236,303,240,316,222,291,214,292,220,318,227,325,201,301,195,301,202,322,210,329,L
222,379,255,368,288,347,320,345,347,356,268,286,278,239,283,208,284,183,241,286,233,271,234,304,237,320,216,293,210,288,217,317,224,326,194,304,190,301,199,322,207,330,L
220,382,256,373,291,350,325,349,352,362,267,288,275,242,281,211,282,184,239,288,228,274,229,309,234,322,214,296,204,293,212,323,221,330,192,306,185,303,195,326,203,333,L
215,382,245,364,274,337,305,330,334,334,247,284,250,238,251,209,250,185,221,287,212,272,219,301,225,316,197,298,189,289,200,315,208,325,175,313,167,306,178,324,187,333,L
185,381,213,359,245,327,278,316,305,319,210,278,210,232,210,202,209,177,185,283,173,267,179,290,184,303,163,296,151,286,161,308,168,316,142,312,133,302,142,317,150,324,L
152,380,180,358,209,328,243,319,269,322,178,276,179,229,180,198,179,171,153,281,144,270,152,302,158,314,129,293,121,287,133,314,140,320,108,308,102,301,114,320,122,326,L
141,374,168,355,195,326,226,315,256,315,169,272,171,224,172,194,171,167,144,276,127,266,132,298,140,310,120,287,106,280,117,309,127,317,100,302,88,297,99,319,111,326,L
133,354,164,334,194,306,227,298,259,299,173,255,182,206,186,175,188,149,146,257,134,239,135,270,139,290,122,267,110,249,117,277,124,294,101,282,89,271,97,290,105,302,L
127,328,160,305,191,269,227,252,261,248,173,212,185,169,191,139,195,111,145,213,126,192,128,227,138,244,118,222,102,213,111,244,123,251,96,236,82,227,91,249,102,255,L
128,329,160,311,194,276,232,261,265,259,175,216,187,166,195,134,200,105,146,220,127,200,130,240,140,254,119,231,101,224,111,258,125,263,95,245,81,237,91,261,103,266,L
146,328,179,308,212,273,248,260,280,254,194,213,204,164,210,132,213,104,167,215,152,202,153,236,161,251,140,223,126,221,133,250,143,257,114,235,104,235,112,259,123,265,L
255,307,287,291,324,257,362,244,393,242,302,208,317,161,326,131,333,104,276,206,278,182,278,206,277,219,251,212,251,200,254,222,256,234,227,223,230,211,235,227,237,236,L
265,308,302,290,333,265,359,249,383,241,328,203,344,161,352,133,357,111,302,200,299,169,300,199,304,219,276,203,273,194,277,223,282,234,251,212,249,202,255,224,261,232,L
287,295,329,283,371,253,409,242,441,243,346,192,363,146,374,117,381,91,317,193,316,168,314,204,314,223,290,201,287,190,291,224,294,235,264,213,263,199,269,223,274,233,L
287,297,329,283,371,254,410,243,444,245,347,195,364,148,375,119,382,94,318,194,317,167,315,205,315,224,290,201,287,190,291,225,294,236,264,212,262,200,269,225,274,235,L
286,301,328,288,370,258,409,247,442,250,346,199,364,152,375,123,382,98,317,199,317,173,315,210,314,230,289,206,288,195,291,230,294,243,263,218,264,206,270,230,273,240,L
243,320,281,306,319,273,360,262,389,261,287,217,286,162,287,132,285,108,260,222,253,194,245,222,239,240,237,234,230,217,227,241,226,255,218,250,210,236,210,254,214,266,L
200,338,235,320,270,288,310,278,342,280,241,226,239,174,241,142,239,115,215,231,202,209,200,236,199,253,191,244,181,227,183,251,186,265,170,259,162,241,166,260,171,273,L
158,347,192,325,225,299,264,290,296,290,196,233,200,185,204,155,205,128,170,238,151,217,154,249,160,264,146,250,131,240,139,267,149,275,125,264,114,254,124,275,135,283,L
149,348,179,326,209,298,245,291,279,293,183,236,187,190,189,160,188,133,157,241,137,225,142,258,150,273,133,253,116,244,127,273,137,282,113,268,100,263,111,284,123,292,L
145,349,177,330,208,302,244,293,279,295,180,239,184,192,185,162,186,136,154,243,132,227,137,260,148,277,131,255,112,248,123,277,137,286,112,270,97,265,108,287,122,294,L
159,349,192,331,225,303,258,292,289,289,199,244,203,195,203,165,202,139,172,247,156,228,162,260,170,276,147,258,132,249,143,277,153,286,124,273,112,266,124,287,135,296,L
557,443,517,424,482,391,455,363,427,352,488,370,478,320,477,289,476,266,513,365,517,316,525,329,528,351,545,365,548,341,552,363,552,384,576,368,574,354,575,373,574,389,L
558,445,514,424,480,390,453,361,424,352,492,366,483,318,481,288,478,265,519,359,525,332,530,349,530,368,550,360,551,349,554,365,554,380,580,364,577,357,577,373,576,385,L
528,391,491,374,449,337,410,322,375,325,474,278,459,227,448,194,442,165,506,280,513,261,507,305,503,312,538,291,541,288,531,325,529,325,566,308,563,307,554,332,554,334,L
527,390,486,368,445,334,407,321,373,324,476,278,463,234,453,205,446,179,508,279,513,257,505,299,501,307,539,291,542,282,530,318,527,321,566,308,566,301,553,326,550,331,L
530,384,490,368,447,335,405,323,369,327,476,271,461,216,451,181,446,150,511,271,518,256,510,302,506,310,544,283,547,284,535,321,533,322,572,300,572,301,559,328,555,331,L
534,395,493,377,450,342,409,328,373,327,479,274,462,217,452,182,447,150,512,277,518,261,512,309,509,317,546,290,547,283,536,324,533,328,576,307,575,301,561,331,557,339,L
539,400,497,381,452,345,411,330,375,329,482,275,466,217,457,181,453,149,516,279,520,265,511,310,508,318,549,292,549,286,536,326,534,329,580,310,576,306,562,334,560,340,L
541,402,498,382,452,346,411,332,376,331,482,275,468,217,459,180,456,149,517,279,521,263,513,309,511,319,551,292,551,285,539,325,537,329,582,310,578,304,565,333,562,339,L
515,392,468,375,418,342,375,331,336,333,449,276,433,220,426,186,422,156,484,274,470,266,471,302,480,313,519,284,501,280,499,313,505,322,552,300,535,296,528,322,532,331,L
403,350,358,341,311,317,274,308,243,307,336,250,318,201,305,171,298,143,365,249,357,228,358,270,363,279,396,255,388,246,386,285,390,288,426,265,416,257,410,285,414,289,L
406,357,359,345,310,318,273,306,242,305,337,248,317,198,305,168,299,141,369,249,358,231,361,276,368,285,400,257,389,249,388,291,393,295,430,269,418,259,412,289,416,294,L
406,360,361,348,314,322,276,312,245,310,338,252,319,203,306,172,299,144,369,251,358,236,361,280,369,284,401,257,391,252,389,293,396,291,433,269,421,261,415,290,421,292,L
403,359,359,348,313,322,275,312,243,310,334,251,316,202,303,172,296,142,366,252,357,234,360,280,367,285,398,258,389,248,387,290,392,291,430,268,420,255,412,287,416,292,L
396,369,349,358,298,327,257,316,222,317,325,254,303,203,288,170,281,139,357,254,344,234,347,284,357,289,392,261,381,248,377,293,384,294,427,273,415,258,407,292,411,298,L
426,345,371,338,308,304,256,290,213,287,329,214,305,159,289,125,278,88,369,210,358,188,363,249,370,245,410,216,403,205,402,259,408,250,451,225,443,215,436,254,439,258,L
429,341,369,332,301,293,243,276,195,276,326,194,297,128,277,87,265,44,369,192,358,166,363,234,372,232,415,199,406,186,404,247,410,240,459,212,449,201,439,245,444,248,L
431,352,368,336,299,292,242,274,195,270,327,197,298,127,278,84,266,43,371,194,361,160,362,225,371,237,418,202,411,182,405,243,410,247,464,219,456,198,443,242,446,251,L
437,354,372,335,303,291,246,272,198,270,329,195,298,125,278,83,266,40,374,192,363,161,367,227,378,238,421,200,412,183,407,244,414,246,468,216,458,198,445,243,449,250,L
441,356,377,335,312,291,256,274,211,271,338,200,309,130,289,90,278,50,382,193,374,167,375,228,386,246,428,201,420,194,415,250,422,255,471,217,461,215,451,253,456,255,L
469,370,433,363,392,331,357,320,328,314,415,280,399,236,389,207,382,181,443,278,440,256,442,294,445,309,472,285,469,275,466,309,469,316,499,299,494,289,489,314,491,320,L
267,372,295,365,328,347,353,342,369,341,323,315,331,286,336,269,342,252,306,310,306,293,299,311,300,317,285,312,282,297,278,317,282,327,265,315,264,301,264,315,267,324,L
268,350,296,345,327,329,353,327,374,331,321,292,336,261,346,242,351,224,302,287,307,270,302,297,297,309,282,288,286,279,285,305,284,315,261,291,266,281,269,300,268,308,L
265,344,294,341,327,325,354,322,374,331,319,284,335,253,344,234,350,217,299,281,302,267,297,294,294,305,279,282,281,275,281,300,280,308,259,286,263,277,266,295,265,302,L
262,346,290,341,321,325,348,321,370,327,315,283,330,252,340,232,346,215,294,281,298,266,294,294,291,303,273,284,277,277,277,303,276,308,252,289,258,280,260,299,258,304,L
258,348,288,341,320,323,348,319,370,325,312,282,326,250,336,230,340,212,291,280,294,266,289,295,286,304,270,283,271,276,272,303,271,308,249,288,252,278,256,298,254,304,L
257,350,287,344,319,324,347,319,369,324,310,282,324,250,334,230,338,212,289,281,293,267,288,295,284,304,268,284,270,277,270,304,268,309,247,290,251,279,254,298,252,305,L
255,350,285,343,317,327,344,324,363,326,309,283,324,250,334,229,339,211,288,282,292,267,287,296,284,306,267,285,268,277,269,304,268,311,245,290,249,279,252,299,251,306,L
258,348,287,343,321,329,347,332,367,347,314,282,330,249,339,227,346,209,293,279,295,265,290,294,288,307,272,281,273,275,272,301,271,310,250,285,254,277,255,297,255,304,L
260,347,289,343,322,330,348,336,366,352,320,282,338,248,349,225,355,207,298,279,301,266,295,294,293,306,276,281,278,274,277,300,277,309,253,285,258,275,260,296,259,304,L
264,345,294,341,328,327,354,331,372,348,321,278,338,242,348,220,354,201,299,275,303,262,299,290,295,302,276,278,280,271,280,298,278,307,253,283,261,273,263,294,261,302,L
257,347,287,337,320,317,348,322,369,341,307,269,310,228,311,203,310,181,284,270,287,250,287,281,287,295,261,276,265,266,269,294,270,305,238,285,243,273,249,294,250,304,L
252,349,284,341,318,321,347,323,369,340,304,268,304,226,301,201,296,179,280,269,281,253,281,287,282,298,256,274,255,266,260,298,262,307,231,282,233,270,240,294,241,304,L
253,350,285,340,318,319,347,319,371,334,305,266,303,225,299,199,293,178,280,268,281,251,282,288,283,299,256,273,256,264,261,298,262,306,231,281,233,268,239,294,240,303,L
251,350,285,340,318,318,347,317,371,334,302,264,299,221,294,195,288,174,277,266,277,250,280,286,284,296,252,273,252,263,259,296,262,304,228,282,229,267,237,292,240,302,L
248,351,282,340,314,318,345,317,373,332,301,262,298,218,294,190,289,167,274,264,273,246,275,284,279,295,249,270,246,260,253,294,257,302,223,278,222,265,229,290,232,299,L
236,340,272,329,309,305,343,307,369,325,294,249,295,203,294,174,291,150,268,248,270,233,269,266,270,280,243,254,244,245,249,276,253,287,217,262,221,252,227,276,231,287,L
218,331,254,320,293,297,329,296,359,315,282,232,284,183,283,152,281,125,252,232,245,214,244,257,251,269,223,238,217,228,220,267,227,275,195,246,190,234,196,263,202,273,L
226,309,267,298,310,273,347,272,377,279,308,208,316,158,319,124,320,95,277,204,272,181,268,222,271,241,245,207,240,195,240,233,245,244,213,213,211,199,213,228,218,240,L
240,302,282,293,325,268,365,266,401,278,323,196,334,142,338,106,339,73,291,191,287,169,280,214,281,233,257,195,253,186,252,226,256,238,224,202,222,189,225,219,230,230,L
239,304,283,297,331,273,375,273,414,291,324,197,337,142,341,104,342,71,290,194,291,169,283,219,283,239,256,198,254,187,253,232,256,244,222,206,224,190,227,223,228,235,L
259,302,305,292,353,263,395,260,430,269,340,193,351,134,355,99,356,66,309,190,313,167,309,211,306,232,275,194,281,183,281,224,281,239,241,201,250,189,254,221,254,235,L
271,299,321,292,372,260,418,251,453,254,353,189,363,128,366,92,365,61,322,187,324,165,320,210,318,232,288,192,290,179,292,220,292,238,253,200,259,184,264,217,266,233,L
286,299,341,291,397,254,443,236,482,234,372,187,382,126,384,90,383,57,339,185,342,162,335,211,332,232,304,190,303,176,303,222,305,238,269,197,271,181,276,215,278,230,L
292,301,348,293,402,259,446,243,485,242,382,191,393,131,396,92,395,57,346,188,350,161,340,213,337,234,310,191,309,178,306,226,308,239,274,198,277,180,279,216,281,230,L
295,303,350,296,404,264,448,248,488,246,387,194,400,134,403,95,404,61,351,189,356,164,345,215,342,235,316,191,315,179,311,228,314,241,280,197,283,181,285,217,286,231,L
299,302,351,295,405,262,450,245,492,244,389,192,402,131,405,93,405,60,354,188,359,161,346,214,342,237,319,191,317,180,313,229,315,244,283,197,286,180,287,217,288,231,L
301,301,356,295,410,260,455,243,496,242,392,192,406,131,409,93,409,59,358,188,363,161,351,212,347,237,322,191,322,179,317,227,318,244,287,198,291,180,291,216,291,230,L
299,302,351,296,404,261,451,246,489,243,387,193,400,133,405,96,406,64,352,190,358,165,349,214,343,239,317,195,320,184,317,229,316,248,280,202,289,188,292,222,292,237,L
276,309,325,300,377,261,422,246,457,247,362,201,375,143,382,108,386,77,330,199,342,181,335,222,325,247,298,204,309,193,307,231,300,252,264,211,280,201,281,230,278,247,L
236,317,282,311,333,278,380,261,416,259,322,215,336,157,340,123,343,95,292,212,287,195,277,235,276,258,261,215,255,206,252,243,255,263,230,221,227,216,228,245,232,263,L
213,326,258,318,305,288,346,273,380,267,295,226,309,170,314,135,318,105,264,222,255,202,245,246,248,265,233,225,221,215,218,255,226,269,203,230,194,219,196,249,204,264,L
206,341,251,332,297,301,339,282,374,275,290,241,304,185,308,149,311,118,259,237,254,218,244,263,247,278,228,238,219,229,218,271,227,282,198,242,192,232,194,264,201,277,L
542,386,512,379,487,352,485,326,490,313,479,335,455,305,440,281,428,261,500,326,498,299,508,320,513,339,525,321,523,298,529,320,530,337,549,320,545,299,547,318,548,331,L
528,330,497,321,461,299,430,294,403,295,474,254,463,222,454,199,448,179,499,253,496,237,498,272,498,277,524,258,521,247,519,280,518,283,547,266,544,256,540,279,539,285,L
530,328,491,311,451,286,417,278,391,278,471,248,459,216,451,196,445,177,494,246,490,223,491,253,493,264,518,249,515,238,514,265,514,270,541,257,537,247,533,268,532,274,L
510,323,475,317,435,291,403,281,375,283,452,240,439,200,431,176,428,151,478,242,476,222,476,263,478,269,504,248,502,237,497,274,497,276,528,257,525,248,518,275,518,281,L
508,333,470,324,434,300,400,290,371,291,449,247,435,207,425,181,421,157,476,248,470,231,470,272,473,275,504,254,498,243,493,281,495,282,529,262,522,255,514,282,516,286,L
511,341,474,331,434,304,400,293,370,293,450,249,435,208,425,181,421,156,478,249,472,232,472,274,476,278,507,256,499,248,495,286,498,286,532,265,523,258,515,286,518,291,L
517,343,479,331,437,303,401,291,372,291,456,248,440,205,430,177,425,151,484,248,478,232,478,274,482,279,512,255,507,247,502,285,506,285,539,265,531,258,524,285,527,290,L
524,347,486,335,443,304,406,292,374,291,462,247,444,202,434,173,428,146,491,247,486,231,487,272,491,280,522,254,516,248,514,284,516,286,550,266,542,260,536,287,538,293,L
540,344,499,331,455,296,415,282,379,281,475,237,458,188,448,158,442,128,507,237,503,217,504,263,508,270,541,245,538,240,533,279,535,277,572,257,565,252,558,280,560,281,L
562,337,518,321,473,289,430,274,392,269,490,225,471,172,461,139,454,107,525,226,531,202,532,250,527,259,561,235,568,229,563,269,558,269,595,247,596,242,590,273,585,277,L
577,344,533,330,482,293,437,274,395,269,501,223,482,166,471,131,466,97,539,226,540,200,539,256,537,260,576,236,578,222,570,272,567,273,610,248,608,237,598,272,596,280,L
576,327,535,325,491,294,450,279,412,271,503,232,484,180,473,143,463,108,538,232,544,202,544,252,539,261,574,240,580,224,575,268,569,272,608,252,612,235,604,269,599,279,L
564,347,517,328,468,292,422,274,382,269,490,223,473,164,462,130,455,96,529,222,533,204,530,254,527,259,567,230,569,228,561,272,557,269,601,244,599,246,591,278,589,279,L
515,338,466,321,416,280,375,260,336,256,438,216,422,159,413,123,409,90,476,212,467,196,471,244,479,256,513,219,502,213,501,256,506,262,547,232,535,230,530,262,533,268,L
474,315,419,305,366,271,329,252,298,248,397,207,379,149,367,115,361,84,434,205,417,182,419,231,430,247,470,211,452,201,452,246,460,254,506,222,484,216,480,250,487,257,L
446,310,395,299,342,263,300,246,265,241,369,198,349,140,338,106,332,74,404,196,395,168,398,217,404,233,440,204,431,192,430,236,433,244,474,218,465,205,458,237,458,246,L
439,313,387,298,333,263,290,246,253,238,359,192,340,138,326,104,318,73,393,193,380,166,383,222,393,230,430,199,417,187,415,238,421,238,466,210,452,197,443,233,448,239,L
436,314,384,298,331,261,286,244,250,236,355,191,335,135,321,102,314,69,390,192,375,164,380,221,392,229,427,199,413,186,412,238,420,238,463,210,449,196,440,232,446,238,L
