157,382,182,359,184,325,168,297,157,268,189,285,193,247,194,221,193,200,167,286,158,244,153,216,149,193,146,297,138,280,149,308,157,325,128,309,126,296,135,317,142,329,K
156,384,181,360,184,326,168,297,157,268,187,286,191,246,192,221,191,199,165,287,155,245,150,216,147,194,144,298,137,280,148,307,156,325,127,310,124,296,133,316,140,329,K
155,383,181,360,184,326,167,297,156,268,187,285,191,246,191,221,191,200,164,286,155,244,150,216,146,194,144,296,137,280,148,307,156,324,126,309,124,296,134,316,141,329,K
154,383,180,360,182,326,165,298,155,268,186,286,190,247,191,221,190,200,164,287,154,245,149,216,145,194,143,297,136,281,147,309,155,326,125,309,123,297,132,317,140,329,K
155,383,180,360,182,326,166,297,155,268,186,285,190,246,190,221,189,199,164,287,155,245,149,216,145,194,143,298,136,281,147,308,155,325,125,310,123,296,133,316,140,330,K
155,383,180,360,182,326,165,297,153,268,186,285,190,246,190,220,189,199,164,286,155,244,150,216,146,194,144,297,136,280,146,308,155,325,126,309,123,296,132,316,140,329,K
154,384,180,360,182,326,165,298,152,268,187,286,190,246,191,221,190,199,164,287,155,244,150,215,146,193,144,297,136,281,147,308,155,326,126,309,124,297,133,317,141,330,K
154,385,180,361,182,327,165,298,152,269,186,286,190,246,190,220,190,198,163,287,155,244,150,216,146,194,143,297,136,281,147,308,155,325,125,310,123,296,132,316,139,329,K
153,384,178,361,181,327,163,298,149,271,184,285,188,245,189,220,188,199,161,286,152,243,148,215,144,194,141,297,135,280,146,307,154,325,124,311,122,296,131,316,138,330,K
152,385,177,362,179,326,161,297,147,270,183,285,187,246,188,220,188,199,160,286,151,243,146,216,143,195,140,297,133,280,144,307,152,325,123,311,120,296,129,316,137,331,K
150,386,175,362,177,326,159,297,144,270,181,286,185,246,186,221,185,199,158,287,149,244,144,216,141,195,138,297,131,281,142,307,150,325,120,311,118,297,127,316,135,330,K
147,388,173,364,174,328,155,299,140,272,177,287,182,247,183,221,183,200,154,288,145,246,140,218,137,197,134,299,127,283,138,310,147,327,117,314,114,300,124,319,133,333,K
146,390,172,365,174,330,155,301,139,273,178,288,182,249,183,223,182,201,155,290,146,247,141,219,137,197,135,301,126,285,137,312,146,329,117,314,114,302,123,322,131,334,K
146,389,172,365,173,330,154,301,139,273,178,288,182,249,182,223,182,201,155,290,145,246,141,218,137,197,134,301,126,285,137,312,146,329,117,314,114,301,123,322,130,335,K
146,390,172,366,174,331,155,301,140,272,179,289,182,249,183,223,182,201,156,290,146,247,141,218,137,196,135,301,127,284,138,311,147,329,118,314,114,301,123,322,131,335,K
147,390,172,366,174,331,155,301,141,272,179,289,183,249,183,223,183,201,156,290,147,247,142,219,138,197,135,301,126,285,137,312,146,329,118,314,114,302,123,322,131,335,K
147,390,173,366,175,331,156,302,140,274,179,288,182,249,183,223,183,202,156,289,146,247,141,219,138,198,135,300,127,284,138,311,147,329,117,314,115,301,124,322,132,335,K
147,390,173,365,175,330,156,301,140,273,178,288,182,249,183,223,182,202,155,290,146,246,141,218,138,197,134,301,127,284,139,311,148,329,116,315,114,301,124,322,132,335,K
145,389,172,365,173,330,154,301,138,274,177,289,181,249,182,224,181,202,154,290,144,247,140,218,137,197,133,301,126,285,138,312,147,330,115,315,113,302,124,322,131,335,K
144,390,169,365,171,330,152,301,138,273,175,289,179,250,180,224,180,202,152,290,142,247,137,219,134,197,131,301,123,286,135,313,144,331,113,315,110,303,121,324,130,337,K
144,391,170,366,171,330,152,302,136,274,175,289,179,250,180,224,179,203,151,291,142,247,137,219,134,198,131,302,123,285,135,312,143,330,113,316,110,302,120,322,128,336,K
143,392,169,367,171,331,151,303,135,275,174,290,178,250,179,225,178,203,151,291,141,248,137,220,133,199,130,303,123,286,134,313,143,330,113,317,110,303,120,323,128,336,K
142,392,168,367,170,332,150,303,135,275,174,290,177,250,178,224,178,203,150,291,141,248,136,220,133,198,130,302,122,286,134,313,142,330,112,316,110,303,119,323,127,336,K
142,392,168,367,169,332,150,303,134,275,174,290,177,251,178,225,178,203,150,292,141,248,136,220,132,198,130,303,122,286,133,313,142,331,112,317,109,304,119,324,127,337,K
142,393,168,368,169,332,150,304,134,275,174,290,177,251,178,225,178,204,150,292,141,249,136,221,132,199,129,304,121,287,133,314,142,331,112,317,109,304,119,325,127,338,K
141,393,167,368,169,333,150,304,135,276,173,291,177,251,178,225,178,203,150,293,140,249,136,221,132,199,129,304,121,287,133,314,142,331,112,318,109,304,118,325,127,338,K
141,394,167,368,169,333,149,304,133,277,172,291,176,251,177,225,177,203,149,293,139,249,135,221,131,199,128,304,121,288,133,315,142,332,111,318,108,305,118,325,126,338,K
141,394,167,369,169,334,149,304,133,276,172,291,176,251,177,225,177,204,149,293,139,249,135,221,131,200,129,305,121,288,133,315,141,332,111,318,109,305,118,326,126,339,K
141,394,167,369,168,333,149,304,134,275,173,291,177,251,178,225,177,204,150,293,140,249,135,221,131,200,129,304,121,288,132,315,141,332,112,318,109,305,118,326,126,339,K
142,395,168,370,169,334,150,304,135,275,174,292,178,252,179,226,178,204,151,293,141,249,136,221,132,199,130,304,122,287,134,315,143,332,113,317,110,305,120,326,128,339,K
143,394,169,369,170,334,151,304,135,276,175,291,179,251,180,225,179,203,152,292,142,248,137,221,133,199,131,303,122,287,134,314,143,331,114,317,111,305,120,325,129,338,K
151,408,178,382,178,349,162,321,145,297,180,307,186,268,188,242,189,219,157,308,148,268,146,238,144,215,136,319,134,305,143,327,150,341,119,333,122,329,131,345,138,356,K
465,486,448,472,439,454,440,442,441,433,443,423,438,394,438,375,437,359,462,427,466,391,472,369,479,351,477,439,472,432,463,444,456,453,490,456,482,452,473,459,466,465,K
413,461,387,445,378,410,389,382,405,372,394,386,389,347,387,324,387,305,413,386,418,343,422,317,428,298,430,396,430,365,414,376,404,389,445,411,436,394,420,399,409,406,K
409,456,378,428,373,391,387,360,406,349,388,382,385,355,384,338,383,321,405,383,406,358,406,348,406,341,422,388,423,357,418,347,414,341,439,393,427,375,413,381,402,390,K
405,449,377,427,372,391,385,360,404,346,386,372,379,335,377,313,377,294,405,371,409,333,411,307,415,286,421,380,421,346,407,362,401,380,434,391,425,372,409,380,399,391,K
403,445,376,423,372,385,387,355,404,337,382,360,378,319,377,294,378,274,402,360,408,316,413,289,420,267,420,371,422,339,406,356,396,374,434,386,426,369,409,375,397,383,K
410,441,381,416,377,382,391,351,407,329,387,350,383,309,381,284,382,263,408,352,413,306,418,279,425,257,426,364,429,333,411,348,400,365,440,381,432,366,415,372,404,380,K
412,445,382,418,379,381,394,350,407,328,390,354,386,311,384,285,384,263,411,355,415,308,418,279,425,256,429,366,431,334,413,350,402,368,444,382,436,366,419,372,406,380,K
414,446,385,420,382,384,396,354,408,332,391,354,387,313,384,287,384,266,412,356,416,309,419,280,426,257,431,367,433,335,416,350,405,366,446,382,437,368,421,373,409,379,K
416,448,386,422,383,386,396,355,407,333,390,355,386,314,384,288,385,267,412,357,415,310,419,281,426,258,431,368,434,335,417,350,406,367,446,383,437,369,421,374,409,382,K
417,449,386,424,383,387,396,355,408,333,391,359,386,316,384,290,384,268,413,360,415,312,419,282,425,259,431,370,434,336,418,350,407,368,447,384,438,370,423,374,411,382,K
417,450,387,425,384,387,400,357,414,337,392,357,387,316,384,290,384,269,414,358,416,312,419,282,426,259,432,370,436,336,420,352,409,370,448,385,438,371,422,377,410,385,K
418,451,388,426,384,390,399,359,412,338,392,357,388,316,386,291,385,270,414,358,417,312,420,282,426,259,433,369,437,336,420,353,409,371,448,385,440,371,424,376,412,384,K
419,451,388,426,385,389,400,358,413,336,393,358,388,316,386,291,385,270,415,359,418,312,421,283,427,260,434,369,437,336,420,352,410,370,449,384,440,370,424,376,412,384,K
419,451,389,427,386,389,400,358,412,335,393,358,388,317,386,291,385,270,415,359,418,313,421,283,427,260,434,370,438,337,421,353,410,371,449,384,440,370,425,376,413,385,K
419,451,389,427,386,389,401,359,415,337,393,358,388,316,386,291,385,270,415,358,419,312,422,282,428,260,434,369,438,336,422,352,411,370,449,384,441,370,425,376,413,383,K
419,451,390,427,386,389,401,359,415,339,394,357,389,316,387,290,387,269,416,357,420,311,424,282,430,260,435,368,439,335,423,352,412,370,451,384,441,371,425,377,413,384,K
420,451,390,426,387,388,402,358,415,336,395,356,391,315,389,290,388,269,418,358,422,311,426,282,433,259,436,369,440,336,424,352,413,369,452,384,443,371,426,376,414,383,K
420,450,391,425,389,388,404,358,417,335,396,355,392,314,390,288,389,267,419,356,424,310,429,281,436,258,438,368,442,337,425,352,414,369,453,384,444,371,428,376,416,383,K
211,344,238,325,248,292,240,263,234,241,239,259,247,227,251,208,254,191,218,257,211,219,206,196,201,176,199,265,196,235,202,257,205,276,182,280,180,262,187,274,190,288,K
211,341,237,321,247,289,239,260,234,238,238,254,246,223,250,204,253,187,217,253,210,216,205,193,199,173,198,262,194,232,201,254,205,272,181,277,179,259,186,271,190,285,K
208,336,234,316,242,282,234,256,225,236,231,247,241,217,245,199,247,183,210,247,203,210,197,187,191,170,192,257,187,229,194,248,198,266,176,273,175,257,183,268,188,280,K
207,335,233,314,241,281,232,253,223,233,230,246,239,215,244,197,246,180,209,245,201,208,195,186,189,168,191,255,186,226,192,248,196,266,175,271,172,254,179,266,183,279,K
224,331,249,309,256,276,248,247,245,227,245,241,254,212,258,194,259,179,224,241,215,204,210,183,204,167,207,251,201,226,212,236,220,247,192,268,190,253,200,259,208,267,K
236,328,259,304,265,272,257,245,254,224,252,242,262,212,268,195,271,180,234,242,226,205,221,183,216,165,218,251,213,227,226,234,235,243,203,266,205,252,216,257,224,264,K
268,335,295,314,308,284,305,255,302,233,300,250,311,218,316,199,320,183,281,246,280,207,277,184,274,168,262,252,267,225,276,239,283,254,244,263,250,246,261,256,269,268,K
295,332,322,314,335,285,334,257,330,235,325,246,337,216,342,197,346,181,306,245,302,205,301,181,299,162,288,253,291,225,303,242,308,258,271,267,277,247,286,259,290,271,K
296,330,323,315,337,284,333,256,329,234,326,245,338,214,344,196,347,180,307,243,304,202,303,178,300,159,289,251,293,224,304,245,308,262,272,265,280,247,289,260,292,272,K
278,331,306,309,317,278,311,249,306,228,311,249,322,214,328,194,332,177,291,246,289,205,285,179,281,159,273,252,276,227,285,242,291,258,255,263,261,246,271,255,278,265,K
270,329,298,308,309,279,298,254,286,239,300,249,312,215,318,195,321,176,280,247,276,206,272,180,268,161,262,253,263,227,271,243,276,261,246,265,249,249,259,257,265,268,K
252,327,276,305,285,277,275,252,262,239,279,246,290,214,296,193,299,176,258,245,253,206,248,182,242,165,241,254,241,229,252,239,259,251,225,268,228,252,239,258,247,268,K
216,334,242,309,248,277,234,253,214,244,237,244,243,211,246,192,247,175,217,245,206,208,198,185,191,167,199,255,191,229,196,246,199,264,183,271,178,254,186,264,191,276,K
208,333,232,310,239,278,224,255,207,243,229,243,236,211,239,192,239,175,208,244,198,208,191,186,184,169,190,256,184,229,190,249,194,267,174,273,170,256,177,267,181,279,K
202,333,225,311,231,281,216,258,197,247,220,246,228,213,230,193,231,175,199,247,190,210,182,187,176,168,182,258,175,231,182,250,186,269,167,274,163,259,171,270,176,282,K
198,334,221,313,229,281,214,256,194,245,217,244,224,211,227,191,227,175,195,245,186,207,179,184,172,166,177,256,169,228,178,251,182,270,161,274,158,257,167,271,173,284,K
199,335,224,311,230,278,219,253,215,235,220,243,228,211,230,191,230,175,198,243,189,207,183,184,177,166,180,253,173,228,180,248,185,266,165,271,161,258,170,270,177,281,K
223,332,248,307,254,272,249,241,252,219,244,240,252,208,255,190,256,174,224,240,215,203,210,181,205,164,206,251,199,223,207,240,214,257,190,267,188,250,195,259,201,271,K
230,327,254,304,262,270,257,239,257,217,252,238,260,206,263,188,264,172,232,238,223,201,218,178,212,160,214,248,207,221,217,236,223,251,198,264,197,247,205,256,210,267,K
246,309,273,288,283,255,278,226,279,206,273,222,282,193,285,174,287,159,252,221,244,183,240,161,237,143,233,230,231,203,240,217,245,231,216,245,218,228,225,239,228,250,K
263,288,291,268,303,239,301,212,299,194,293,202,303,170,307,152,310,136,273,199,267,160,265,137,262,119,255,207,252,176,260,194,265,212,237,221,239,201,246,212,250,225,K
265,286,293,267,304,233,300,205,295,185,294,199,304,168,308,150,310,133,274,197,268,157,266,134,262,115,256,205,255,173,265,193,269,210,239,219,242,198,250,211,254,223,K
261,278,288,257,298,223,292,197,278,181,286,190,297,159,302,141,304,124,266,189,261,148,259,124,255,105,248,198,245,167,258,185,264,202,231,213,234,192,243,204,246,217,K
253,277,280,258,288,224,280,197,267,180,278,193,289,158,293,139,296,122,258,190,253,148,250,124,246,105,240,198,237,165,246,184,251,203,224,212,225,193,232,205,235,217,K
252,279,279,258,287,224,277,196,264,178,275,197,285,162,290,143,294,126,255,193,249,150,246,127,243,107,237,200,234,165,243,185,247,204,221,213,221,194,229,205,232,217,K
456,373,427,363,406,338,402,316,400,302,426,297,423,261,424,236,424,216,450,297,456,253,461,223,466,202,471,306,474,290,469,311,466,330,489,321,489,309,483,324,480,339,K
449,352,418,335,400,308,407,284,415,269,418,266,417,232,419,210,421,191,441,266,445,230,449,205,454,186,461,275,460,253,454,272,452,290,479,290,475,277,468,289,465,302,K
427,312,393,281,380,249,391,217,408,197,395,223,394,195,396,178,399,161,416,222,422,192,425,174,427,158,434,229,440,197,437,203,434,214,453,240,457,216,454,222,450,234,K
425,291,390,271,377,237,390,206,404,188,394,195,394,162,396,140,398,121,417,194,425,157,429,133,433,113,437,203,444,170,439,191,435,210,455,219,460,199,453,215,448,231,K
425,278,392,262,379,229,390,198,405,179,394,183,394,148,396,126,398,107,417,182,427,139,434,113,441,92,437,192,446,158,438,183,434,204,457,209,462,188,453,204,445,219,K
429,277,396,262,383,228,396,198,411,179,399,182,398,146,399,125,400,105,423,180,430,137,436,111,443,89,442,190,450,157,443,180,437,200,462,207,466,188,458,203,450,218,K
439,274,408,258,395,224,408,193,425,176,409,179,408,142,408,120,409,101,433,176,441,133,447,107,454,87,453,186,463,154,455,177,449,197,473,203,478,184,469,198,461,213,K
450,274,418,258,404,224,418,193,437,175,420,176,418,139,418,118,418,98,444,175,452,131,458,105,465,84,464,185,474,152,468,177,464,198,483,203,491,182,483,198,474,214,K
451,272,419,256,406,222,420,192,437,172,419,175,417,138,417,116,418,96,444,174,452,130,458,103,466,81,465,184,475,151,469,176,465,197,484,202,489,183,482,200,475,216,K
448,271,414,255,397,221,400,188,401,163,417,173,414,139,414,117,414,98,442,172,450,129,456,104,463,82,462,183,473,150,466,174,460,193,481,202,488,181,480,197,471,212,K
443,268,408,253,392,218,394,184,393,159,411,171,407,138,405,117,405,98,435,170,443,128,448,103,454,81,455,180,466,146,460,170,453,190,475,198,481,178,473,194,464,209,K
442,267,409,252,393,217,396,185,397,160,412,170,408,135,405,115,404,96,436,168,442,126,447,100,454,79,456,179,465,145,460,169,455,188,475,196,480,177,472,192,465,207,K
443,266,409,252,393,217,397,185,399,161,412,170,407,135,405,115,404,96,437,168,443,125,448,100,454,78,456,178,466,145,460,168,456,188,476,196,481,176,473,192,466,207,K
453,272,420,256,406,222,416,190,430,173,421,176,413,141,410,120,408,101,445,174,449,130,455,104,461,82,465,184,473,151,469,173,466,193,485,201,492,180,485,194,477,209,K
455,275,422,259,408,224,422,194,440,177,422,180,416,143,412,121,411,102,447,178,453,132,458,105,465,83,467,188,478,154,473,178,469,199,487,205,495,184,489,198,481,214,K
470,283,437,268,423,233,434,202,452,186,437,187,429,151,427,130,426,111,462,185,468,141,474,114,480,92,483,195,493,162,488,186,483,207,502,212,511,194,502,209,494,225,K
474,287,441,273,426,237,440,206,460,190,439,193,431,155,428,132,427,112,464,190,470,144,475,117,481,94,486,200,496,167,491,193,488,215,506,217,513,197,507,212,501,228,K
475,290,442,275,427,241,440,210,458,193,439,196,432,158,428,135,427,115,464,194,469,148,475,120,481,98,485,203,495,170,492,194,489,215,504,221,513,200,507,215,501,232,K
477,297,443,285,427,253,433,221,440,199,440,202,430,167,427,146,425,127,465,200,469,156,473,130,479,108,485,210,495,179,491,202,487,222,505,227,512,209,506,225,500,240,K
476,296,443,283,428,251,433,221,436,199,440,202,431,168,425,147,422,128,465,199,468,155,472,129,476,107,485,208,494,175,490,200,488,221,505,225,510,205,504,223,498,239,K
476,300,442,287,426,254,430,221,432,198,441,206,430,171,424,150,421,132,465,203,468,159,472,133,477,111,485,213,493,180,489,203,486,223,504,231,509,211,504,226,499,241,K
480,329,447,317,430,287,437,257,443,236,442,235,433,199,428,178,424,161,468,233,472,189,476,163,480,143,489,244,498,213,495,237,492,258,508,261,514,245,509,260,506,274,K
483,354,452,339,434,308,446,280,461,264,444,258,435,222,430,200,426,181,470,256,475,213,479,186,483,163,493,267,502,238,497,263,494,284,513,285,520,268,513,283,508,296,K
484,360,453,346,438,313,451,284,465,270,447,266,438,229,432,206,428,186,473,264,477,218,481,191,486,168,495,274,504,245,500,271,497,292,516,292,523,275,518,290,514,303,K
492,379,461,365,442,333,456,304,475,289,455,281,444,245,440,223,437,203,480,279,486,236,490,209,495,186,502,290,512,262,506,289,502,311,522,308,529,293,522,309,515,324,K
230,360,260,335,270,291,265,254,254,226,264,258,278,218,285,194,289,173,239,256,230,210,219,182,209,159,217,266,210,238,221,268,227,290,198,283,196,270,207,289,215,303,K
231,358,260,334,270,290,264,252,253,225,264,257,278,217,285,193,289,172,239,256,229,209,218,180,208,157,217,266,210,236,220,267,227,289,197,282,196,268,207,288,215,303,K
230,360,260,335,270,290,265,252,253,224,264,258,277,217,284,192,288,170,239,256,229,209,217,181,206,157,217,266,209,236,220,268,227,290,197,283,196,268,207,288,215,303,K
236,361,267,334,275,287,266,249,255,220,270,255,284,211,290,184,294,161,244,254,231,204,220,173,209,147,220,265,212,235,224,267,232,289,199,283,198,267,210,288,219,303,K
241,359,272,331,281,281,271,242,259,212,274,249,288,204,295,177,299,152,247,247,233,195,222,162,212,135,222,258,215,225,227,260,235,284,201,277,200,260,213,283,222,299,K
244,357,277,328,286,278,276,237,264,205,278,244,293,196,300,167,305,141,250,242,236,188,224,153,214,125,224,254,219,218,232,255,239,280,202,273,202,254,216,277,225,294,K
250,356,283,326,293,274,282,232,268,200,284,238,299,190,307,161,311,135,255,236,241,180,228,145,217,117,229,248,222,215,236,252,244,277,206,269,206,251,221,274,230,291,K
237,358,273,326,282,275,269,233,253,203,273,241,288,194,294,165,296,139,244,240,231,184,219,152,207,124,218,253,213,219,226,255,234,280,196,274,198,253,211,276,219,294,K
213,357,246,324,252,275,238,235,222,209,246,240,259,197,266,170,269,146,219,240,203,190,189,158,177,131,195,253,187,223,199,255,207,280,176,275,174,257,187,277,195,293,K
181,363,212,326,215,279,197,241,182,214,211,245,219,201,222,174,222,149,181,245,163,196,146,165,130,140,157,258,142,230,155,262,166,286,137,280,130,262,143,282,155,299,K
174,361,204,326,207,278,191,238,173,210,202,245,210,200,212,173,211,149,173,245,156,197,138,167,122,143,150,259,133,230,149,263,162,286,131,280,125,262,138,282,151,297,K
203,360,239,327,243,278,227,238,210,214,237,247,250,206,254,182,257,160,210,247,196,199,183,170,171,147,187,259,181,232,194,261,203,283,167,279,168,260,181,280,189,296,K
250,359,281,328,289,282,280,246,263,223,282,250,297,212,304,189,308,168,258,249,247,201,240,174,233,152,235,260,234,232,248,261,256,283,214,278,222,260,236,279,243,295,K
263,361,296,334,307,292,298,258,278,240,297,262,309,221,316,198,320,177,273,260,263,214,258,187,253,165,253,268,254,241,265,270,270,292,235,284,241,267,252,286,257,301,K
267,366,296,341,307,301,298,271,277,258,295,271,308,234,314,212,318,193,273,270,265,226,260,202,253,182,254,279,255,253,266,280,270,300,237,294,244,278,254,295,257,310,K
262,367,290,344,302,304,293,273,273,260,291,279,302,241,309,222,312,203,270,277,261,234,257,210,251,190,251,285,253,260,264,286,267,305,234,299,242,283,251,301,254,314,K
244,370,270,345,278,307,270,278,252,267,270,284,280,247,285,228,288,210,250,282,240,242,235,218,229,198,233,291,232,264,241,289,245,307,217,305,222,289,231,305,234,317,K
237,372,262,348,270,314,260,288,243,276,261,286,272,254,277,234,279,217,242,286,234,246,229,223,223,204,224,295,225,273,233,297,237,314,209,310,213,295,221,311,223,323,K
238,400,259,382,265,350,254,328,240,316,253,317,259,285,260,268,261,253,234,319,225,283,219,263,215,246,217,330,214,314,224,334,231,350,204,346,204,340,213,352,218,362,K
427,492,405,486,388,475,379,470,373,467,398,433,396,402,395,383,395,366,422,433,435,404,446,387,453,377,443,441,456,441,453,459,449,474,459,455,472,456,472,471,470,484,K
397,479,372,462,357,437,362,416,377,402,380,412,386,388,386,371,386,356,401,414,407,388,408,369,407,353,422,423,428,401,425,393,421,387,441,437,448,426,445,426,439,428,K
396,446,353,430,324,392,341,356,364,329,343,305,336,246,333,212,331,181,381,305,394,241,405,203,412,170,412,325,416,292,406,337,399,368,440,357,439,343,425,371,414,392,K
396,416,353,397,330,353,356,318,385,294,349,270,340,210,336,172,334,138,387,269,399,201,411,157,422,117,420,287,430,255,419,300,411,333,447,318,450,306,434,335,421,358,K
385,392,341,376,318,332,344,295,373,271,337,246,329,182,324,141,323,105,377,244,390,173,400,127,409,85,410,264,422,228,410,276,400,310,437,295,442,281,425,311,409,334,K
378,387,333,371,309,325,338,286,369,264,330,241,321,174,318,133,317,97,370,238,382,165,394,117,404,75,403,258,415,219,403,267,392,303,430,290,436,276,419,306,402,331,K
362,387,320,372,293,327,319,290,350,267,312,240,304,175,298,134,296,97,352,239,366,167,378,119,390,77,385,258,397,223,382,268,371,302,413,289,416,279,399,309,387,332,K
353,385,304,376,269,333,271,288,275,252,300,240,291,175,286,134,282,98,341,238,352,167,361,119,369,75,375,257,388,220,374,265,363,298,404,288,410,277,393,308,378,331,K
362,380,309,370,277,325,274,278,266,237,316,235,307,169,302,127,299,89,358,234,375,162,390,113,404,68,390,255,409,218,397,266,386,299,416,288,432,275,416,305,398,329,K
377,384,326,372,297,328,305,283,305,244,328,236,313,170,306,129,300,92,371,235,388,161,404,112,418,68,406,256,423,224,412,271,402,305,434,289,447,277,430,307,412,330,K
401,402,348,390,319,343,330,296,332,256,345,254,320,190,305,150,295,112,388,252,398,177,411,127,426,83,423,273,437,245,424,294,416,328,451,305,459,291,443,324,430,347,K
400,402,350,391,322,343,335,295,342,254,342,253,319,191,303,153,293,116,387,250,398,178,411,129,426,83,423,269,438,248,424,300,415,335,453,299,461,295,443,330,428,353,K
402,410,352,396,325,347,340,298,351,257,344,261,321,200,306,161,295,125,389,259,401,187,416,138,432,94,426,279,441,257,425,310,417,344,456,311,464,301,447,336,433,359,K
404,419,354,405,325,357,338,309,347,267,340,275,315,214,299,177,288,143,385,274,396,201,409,156,423,114,422,292,430,279,415,330,409,360,453,321,456,314,441,349,430,370,K
398,419,350,404,324,356,338,308,349,266,336,275,311,215,296,178,284,145,381,272,391,203,402,158,416,114,419,290,427,277,413,331,407,359,451,319,453,318,437,352,425,370,K
402,426,352,411,325,361,341,312,351,271,340,282,315,223,299,186,287,152,384,281,394,210,406,165,422,121,421,300,430,281,415,334,410,363,454,330,456,321,439,354,429,373,K
391,444,346,425,321,377,334,329,344,289,332,299,309,238,294,201,282,167,377,298,389,226,402,183,415,143,415,316,423,304,408,353,402,381,449,345,452,335,436,367,427,387,K
380,444,334,424,310,374,325,326,333,285,327,298,304,236,290,198,279,163,370,298,379,227,391,184,405,141,408,318,413,299,399,351,393,380,441,348,441,339,424,372,413,391,K
381,444,336,423,315,375,331,328,341,289,333,296,310,236,296,198,285,164,375,296,385,227,396,183,409,141,411,317,421,298,406,348,400,378,444,349,449,337,432,369,421,388,K
448,450,400,423,380,369,401,320,415,280,401,293,386,231,377,191,371,155,445,291,462,219,477,171,494,131,482,311,501,284,486,330,477,362,512,343,527,327,511,358,495,382,K
462,455,413,427,396,369,420,316,432,276,422,294,405,232,396,193,392,157,464,294,475,220,489,172,505,130,499,315,515,283,503,330,495,364,530,349,544,326,528,357,513,382,K
455,447,409,416,394,358,412,308,421,269,419,289,403,231,394,194,389,160,458,290,467,218,475,174,486,135,491,310,504,272,492,316,485,347,519,341,528,315,513,345,501,369,K
455,439,410,409,396,354,415,304,424,266,417,288,403,233,395,198,392,165,456,288,464,220,472,177,483,141,487,306,499,269,485,313,477,345,516,336,520,312,505,342,495,367,K
454,429,411,398,398,345,417,300,427,264,419,284,404,231,396,198,391,168,456,284,464,219,470,178,479,143,486,302,494,268,481,309,475,338,512,330,515,306,503,334,495,356,K
449,421,408,390,397,337,414,292,421,256,416,282,401,230,394,197,390,167,451,282,458,218,464,179,473,145,480,300,488,265,475,303,468,331,506,326,510,302,496,327,488,347,K
446,409,405,382,391,331,406,287,414,254,411,275,397,226,389,196,385,169,444,275,451,214,456,178,465,146,471,292,479,260,467,297,461,324,496,319,502,296,488,321,479,342,K
443,399,403,371,390,322,406,280,414,247,410,267,396,220,389,190,384,163,443,268,451,210,457,174,465,143,470,285,476,253,464,290,458,316,494,312,497,289,485,313,477,332,K
439,395,400,368,386,320,399,278,407,244,405,265,391,218,383,189,378,162,437,266,444,208,449,172,456,142,464,283,469,251,457,285,452,310,487,309,491,284,479,308,472,328,K
435,387,397,361,385,313,399,272,408,239,404,261,391,215,383,187,378,161,435,262,442,205,447,170,454,141,461,278,465,247,453,280,446,305,485,303,486,279,475,302,468,321,K
433,385,396,358,383,311,397,271,407,239,403,261,390,215,382,187,378,161,433,261,440,205,445,171,452,141,459,277,462,246,449,280,443,303,482,301,483,279,470,302,463,321,K
430,383,394,357,382,311,395,272,406,240,401,261,388,217,381,189,377,163,431,262,438,206,443,172,450,144,456,277,460,246,447,280,441,304,479,300,479,279,467,303,460,322,K
296,455,327,434,338,396,326,364,308,346,339,363,347,313,351,280,355,256,314,361,309,313,305,281,303,257,288,370,283,349,287,365,292,381,264,384,264,368,270,382,274,395,K
270,413,310,383,329,344,320,304,316,276,328,318,350,283,363,260,376,240,304,314,302,271,302,242,305,217,281,318,285,299,287,327,287,348,260,328,267,312,269,333,269,350,K
246,417,237,380,241,345,253,326,267,318,282,318,299,292,301,283,299,282,290,328,306,299,309,291,307,291,295,342,308,318,312,310,310,311,295,361,306,342,309,334,308,332,K
232,408,263,386,276,348,273,315,280,289,280,324,294,287,304,264,312,247,258,323,255,281,253,253,251,231,237,330,233,321,237,346,240,363,218,343,218,334,222,352,226,365,K
233,403,264,382,280,347,273,314,273,289,281,318,293,283,300,261,307,242,258,318,255,278,255,252,257,230,236,325,233,314,236,341,239,360,217,338,216,324,221,345,224,361,K
229,403,260,381,276,344,269,310,267,284,277,317,287,280,293,257,299,237,252,317,250,278,248,250,248,227,230,324,227,311,229,339,232,359,210,337,209,325,214,346,218,362,K
226,403,257,381,273,343,266,308,265,281,274,316,285,279,291,255,297,234,249,316,246,275,244,247,244,223,226,323,222,311,226,340,230,361,206,336,204,324,209,345,213,362,K
220,395,253,376,271,332,265,292,263,261,273,310,283,262,291,231,297,205,244,307,242,260,238,225,235,195,218,313,212,296,217,331,222,355,195,325,193,307,199,333,203,353,K
220,382,255,360,272,314,264,274,260,243,274,285,287,237,295,204,301,175,244,283,238,236,231,198,226,165,217,291,207,276,213,313,219,340,193,307,188,294,195,323,202,345,K
224,385,257,359,274,314,263,274,258,244,275,278,289,232,297,203,306,179,244,279,237,230,233,195,232,166,218,290,210,279,215,315,220,341,194,308,189,298,196,325,203,345,K
233,391,264,372,283,336,271,306,251,286,282,286,299,238,308,207,316,182,253,283,247,230,243,193,241,164,227,293,218,285,222,316,227,336,202,308,198,300,203,324,208,339,K
339,394,380,370,402,317,394,272,387,235,393,267,412,211,424,178,431,150,360,265,356,201,355,162,351,132,330,277,341,258,355,293,360,317,304,296,322,284,336,308,341,326,K
356,384,398,356,417,302,403,255,398,220,410,252,432,201,443,166,452,138,376,252,374,193,371,152,370,120,345,265,351,258,361,301,367,331,316,286,328,279,340,310,345,333,K
356,379,398,355,419,298,404,250,400,213,413,248,435,195,447,160,456,131,378,248,377,187,375,145,374,110,346,262,351,247,361,291,368,323,316,282,326,268,340,302,348,329,K
351,377,394,349,414,298,400,255,391,221,411,247,433,194,444,160,453,132,376,248,373,185,372,143,373,110,344,262,349,249,359,289,365,317,314,283,322,272,336,299,345,321,K
199,344,236,322,253,275,245,231,236,199,251,234,266,175,272,140,277,111,220,232,213,176,202,136,196,105,192,241,179,226,179,255,183,277,167,255,160,243,165,265,172,284,K
189,347,224,319,241,269,229,223,223,188,241,227,252,171,257,136,263,106,207,228,197,174,186,134,178,100,176,241,164,229,172,270,181,299,149,263,142,254,151,286,161,308,K
183,350,219,319,235,267,221,220,216,182,235,226,247,169,253,135,259,106,199,228,188,169,180,130,176,98,168,242,160,225,172,266,181,293,141,262,139,250,151,281,159,303,K
170,347,214,313,232,254,217,203,199,169,241,240,243,163,245,119,250,84,200,242,183,163,168,112,159,72,161,252,151,209,160,238,167,263,127,265,126,227,135,250,139,273,K
176,335,217,300,231,242,215,191,203,149,233,207,242,142,247,102,252,68,195,208,182,144,171,99,164,61,160,222,147,199,160,243,171,275,131,245,123,224,136,257,146,283,K
178,353,220,319,236,261,219,210,206,170,236,223,245,157,250,117,255,81,197,222,183,157,174,111,168,71,162,232,150,221,161,268,171,300,131,251,127,240,138,274,146,300,K
203,384,241,351,257,290,252,236,238,197,256,255,266,189,272,150,279,118,222,256,209,191,201,146,197,108,190,270,182,249,193,288,202,316,162,291,157,275,169,305,176,327,K
342,393,376,394,408,367,405,325,401,295,420,308,437,268,445,241,447,223,396,291,413,241,422,207,428,183,367,289,383,248,395,223,406,203,335,299,339,288,346,297,353,307,K
370,388,407,369,428,324,417,281,412,249,420,283,437,234,449,203,456,177,393,281,395,226,398,193,398,166,367,291,369,280,373,310,374,330,343,306,349,301,356,322,359,336,K
381,380,422,359,442,311,428,268,426,237,433,274,453,229,463,198,472,172,404,273,409,221,412,185,415,156,377,280,386,267,393,305,397,333,352,294,366,284,375,314,379,338,K
377,379,413,358,430,312,421,276,414,246,425,271,445,225,454,195,461,171,396,272,400,218,403,182,406,155,368,283,376,270,383,304,387,328,341,299,352,286,362,312,367,332,K
358,380,397,361,417,315,407,276,402,246,413,276,432,228,442,198,449,173,383,276,386,221,388,185,392,155,355,285,362,272,368,307,372,333,328,300,337,288,347,315,352,336,K
353,382,392,360,410,316,401,276,394,247,406,279,426,230,435,200,442,174,377,278,380,223,382,187,386,158,348,286,356,273,362,309,367,336,321,301,329,290,341,315,347,336,K
521,437,488,416,472,380,479,348,487,325,477,354,466,316,461,292,458,270,501,353,495,312,494,287,497,264,525,360,520,347,515,375,513,394,546,372,536,363,530,383,529,397,K
517,432,484,410,470,367,478,330,485,305,476,348,464,306,457,280,453,257,500,347,497,302,495,273,497,246,524,355,526,331,517,363,513,387,545,368,541,353,532,376,527,393,K
514,412,475,385,460,339,467,300,475,272,463,321,453,282,446,253,443,227,491,319,495,277,496,242,501,213,517,326,523,305,514,335,509,359,541,338,538,327,529,349,524,368,K
521,392,480,370,463,319,470,274,475,241,466,300,455,256,449,226,445,200,494,299,493,252,491,220,492,192,522,306,525,283,519,315,517,340,547,319,543,305,537,330,534,351,K
525,386,485,361,467,311,477,268,484,237,471,288,460,240,455,208,452,179,500,287,499,234,500,199,503,168,529,295,533,269,526,306,523,335,555,311,552,295,544,322,540,343,K
532,391,489,362,470,309,476,263,480,231,475,286,462,236,455,204,451,175,505,286,503,233,502,195,505,163,534,296,539,267,530,302,525,332,561,313,558,295,548,320,541,342,K
455,366,418,354,395,310,397,275,401,249,407,280,396,236,386,205,378,181,435,274,432,224,427,190,424,163,462,279,456,259,454,287,454,309,488,292,482,280,475,301,473,319,K
408,356,366,328,348,275,353,230,356,198,378,250,371,206,366,172,361,143,405,254,399,230,391,250,389,268,431,267,418,246,403,279,399,304,454,285,437,267,421,291,416,309,K
388,348,349,321,336,269,347,228,350,199,346,245,331,200,322,169,316,144,375,244,364,190,357,152,357,119,404,253,394,231,383,264,379,290,433,270,417,252,405,277,401,299,K
349,361,311,327,303,275,317,231,327,201,320,248,307,206,298,177,292,152,349,249,341,196,332,162,328,136,379,261,367,237,352,270,346,297,408,280,393,260,375,283,366,306,K
329,362,284,337,269,291,285,251,295,224,282,253,267,206,258,177,252,152,309,251,298,196,291,161,290,134,337,258,322,244,316,276,317,299,364,274,344,258,333,283,331,302,K
276,339,231,298,223,246,238,202,247,170,239,223,228,181,219,152,214,125,265,223,258,169,249,133,247,102,292,232,272,206,260,240,261,266,320,246,290,223,277,252,279,275,K
247,337,208,303,200,255,214,212,223,182,216,227,203,183,196,156,193,132,242,226,234,173,228,138,227,109,270,235,250,214,237,247,234,273,296,251,272,231,257,256,252,278,K
231,339,194,308,184,260,197,219,202,191,200,231,185,186,176,157,172,132,227,230,215,175,206,138,205,108,255,239,236,216,222,251,219,279,282,255,257,233,241,260,237,284,K
252,319,208,281,197,229,212,185,220,151,210,206,195,166,185,141,178,116,238,202,227,153,215,119,209,89,268,209,248,186,235,220,233,249,298,223,273,201,261,228,262,251,K
264,286,220,258,202,220,208,187,220,166,215,177,200,135,191,108,185,84,239,170,228,118,219,83,214,54,267,174,250,144,242,172,241,198,295,185,275,160,265,180,264,201,K
240,255,196,219,186,175,199,134,210,106,202,155,190,116,182,90,177,67,225,151,219,97,211,66,208,38,251,156,238,123,226,155,224,183,278,167,260,140,245,163,239,185,K
233,247,194,215,185,172,197,133,206,106,201,152,188,113,181,88,177,66,224,149,214,96,208,64,206,36,249,153,236,123,225,155,222,183,275,164,258,141,244,162,238,184,K
237,250,197,219,186,174,198,136,206,109,202,156,189,115,181,88,177,65,226,153,216,99,208,66,205,37,252,157,239,127,229,158,226,185,278,168,259,142,247,164,244,186,K
324,300,280,282,255,243,262,208,277,190,270,188,256,148,241,121,228,101,300,184,292,152,283,153,276,159,330,190,322,168,318,190,317,211,360,204,353,186,345,205,342,225,K
424,307,384,286,362,243,366,206,374,181,381,206,377,172,370,147,363,129,411,209,421,173,417,192,410,212,439,221,449,193,441,214,433,232,463,242,472,218,464,233,456,249,K
482,306,434,288,415,229,425,181,436,150,423,210,408,152,402,113,399,81,455,204,453,145,449,104,450,71,487,211,492,183,485,217,482,247,517,226,514,211,506,239,502,263,K
310,335,332,327,348,301,346,276,340,257,349,277,357,247,360,225,362,208,331,274,331,238,331,214,331,194,313,277,316,264,322,283,324,297,295,286,303,276,309,290,312,301,K
309,338,332,327,347,299,345,274,339,255,349,276,357,245,360,224,362,208,331,274,332,237,332,214,333,196,313,278,317,265,323,284,325,298,295,287,304,277,311,291,313,303,K
298,330,326,315,342,287,342,261,344,243,342,271,349,243,350,225,351,210,324,269,326,237,325,215,325,199,308,272,309,258,311,274,312,289,292,278,296,266,299,277,300,288,K
296,339,323,324,337,297,334,272,333,255,337,278,341,251,340,234,340,220,320,276,319,247,317,227,315,211,304,281,303,270,305,287,307,301,289,288,291,280,295,292,298,302,K
300,344,325,328,337,302,329,279,324,262,334,282,336,256,335,239,334,225,317,282,315,253,312,233,310,216,301,286,300,276,305,294,308,308,286,295,290,286,295,299,298,310,K
294,346,321,334,334,305,327,280,322,264,332,287,333,260,330,243,328,228,314,286,312,257,309,237,307,221,298,291,298,276,302,295,304,310,282,299,287,288,292,302,294,314,K
294,347,320,333,332,305,324,280,318,264,330,288,331,261,328,243,326,228,312,288,309,258,305,238,302,222,296,292,295,279,300,297,302,312,280,301,285,290,290,303,293,314,K
295,352,319,339,331,310,323,285,316,268,330,292,330,265,327,247,325,232,312,291,309,262,305,242,302,225,296,296,295,283,300,302,303,317,280,305,284,294,290,307,293,319,K
299,354,321,337,330,307,325,279,317,260,333,300,331,265,328,243,325,226,314,299,309,262,304,237,300,217,295,303,289,279,295,293,299,305,277,308,278,289,283,299,286,309,K
282,334,308,316,320,285,309,257,299,238,321,274,320,244,316,223,312,204,301,272,294,237,288,214,283,196,282,276,277,256,282,277,287,291,265,286,264,270,270,284,275,295,K
277,322,301,306,310,274,301,247,298,226,313,257,312,225,308,203,306,184,292,257,286,220,280,197,276,178,274,264,268,248,274,272,279,288,258,276,255,261,261,278,266,290,K
274,325,298,307,306,273,296,245,296,224,311,255,310,220,307,199,305,180,290,256,283,218,278,194,274,174,272,264,265,246,272,270,276,286,254,277,253,260,259,277,262,290,K
272,327,296,308,305,274,295,246,294,223,310,253,309,217,305,195,303,175,288,254,281,215,274,190,270,169,269,262,262,244,267,270,272,288,251,274,248,259,253,277,258,291,K
271,323,294,305,306,269,299,239,297,217,312,249,311,213,307,189,304,170,291,248,282,210,276,185,272,165,272,255,264,244,269,267,274,284,255,266,253,259,257,277,260,289,K
286,312,309,297,321,264,316,237,307,219,325,241,327,201,327,176,326,156,305,240,294,199,287,174,282,154,288,246,276,238,279,259,284,276,276,257,269,249,271,265,274,279,K
307,296,338,274,358,235,346,207,327,195,354,217,359,186,361,168,363,155,331,215,326,178,321,152,316,131,312,222,309,210,317,225,322,238,296,235,296,225,303,236,308,247,K
353,279,382,261,398,226,396,195,394,170,402,197,412,159,416,134,418,112,380,196,378,151,374,122,369,98,358,203,356,187,361,214,365,232,337,215,339,200,345,221,351,236,K
352,275,383,260,399,223,397,189,397,162,405,198,416,157,420,128,423,102,380,194,379,149,375,116,371,90,357,199,352,182,356,211,360,234,335,211,334,196,339,218,344,237,K
353,277,383,260,398,223,396,188,398,161,404,195,416,155,421,127,425,104,379,193,378,148,375,115,373,90,355,200,349,182,353,210,357,231,334,213,333,198,337,220,342,238,K
353,281,385,265,403,226,399,190,396,163,410,199,421,156,426,128,431,105,385,196,384,147,381,114,379,89,361,201,358,181,359,211,359,234,338,211,339,195,342,218,343,237,K
347,279,380,262,400,227,396,191,395,163,407,194,418,151,423,124,427,102,381,191,381,145,377,113,376,87,356,198,356,182,358,211,360,233,333,210,336,194,340,216,343,234,K
341,279,374,260,394,222,393,186,391,159,400,190,411,149,416,123,421,101,375,189,375,143,372,111,370,85,350,197,350,177,354,206,357,228,327,210,331,193,336,215,338,233,K
338,275,370,255,389,218,386,182,386,155,396,187,406,146,409,120,413,98,370,185,370,140,365,109,362,83,346,193,343,177,347,205,350,227,323,206,324,192,328,213,331,230,K
323,271,355,254,380,211,378,173,372,148,378,182,389,141,395,116,399,96,354,180,352,135,350,107,346,83,333,187,329,173,335,196,339,211,312,199,314,191,320,207,324,219,K
297,280,310,284,308,279,285,272,261,263,338,211,344,158,347,126,349,99,319,196,311,142,301,112,293,89,299,196,279,182,281,207,287,226,282,204,267,197,268,215,272,232,K
248,278,276,251,289,207,285,172,278,148,299,192,297,145,296,117,296,94,278,193,263,144,252,114,243,90,256,199,238,173,238,194,243,210,236,209,223,189,224,205,229,218,K
222,270,248,243,263,203,258,168,257,143,274,182,273,140,272,115,272,94,250,182,238,140,229,112,222,90,228,189,213,174,216,199,221,218,209,201,200,190,203,209,209,223,K
214,272,239,245,252,206,247,173,247,148,264,185,263,145,261,119,261,97,240,185,228,143,218,116,211,92,219,192,203,177,207,203,213,220,199,205,189,194,192,212,197,226,K
206,271,231,246,245,207,240,173,242,148,256,185,255,144,253,120,252,99,233,185,221,144,211,117,203,94,212,192,196,180,201,206,207,222,192,204,183,197,186,217,192,229,K
210,275,239,248,252,210,243,176,237,153,259,190,255,148,253,122,252,101,235,191,221,149,210,120,202,96,214,199,199,183,203,205,207,220,195,212,186,198,189,214,193,227,K
254,262,250,275,243,276,241,271,240,271,262,213,262,181,264,166,266,153,266,194,261,151,256,124,250,100,271,188,264,156,262,156,261,159,277,188,273,167,272,168,272,174,K
328,240,349,226,359,193,357,162,355,137,359,170,367,133,369,109,369,89,337,168,328,128,319,101,313,79,317,176,311,169,316,191,324,205,302,188,297,184,305,200,311,208,K
344,244,374,229,389,191,380,158,375,134,393,169,397,125,398,96,400,72,368,167,362,122,355,90,350,64,345,173,340,153,343,182,347,204,323,186,322,166,328,190,332,207,K
525,369,490,367,463,349,455,325,457,308,477,311,460,278,448,259,439,244,499,301,496,265,494,241,496,223,519,299,510,278,504,288,504,300,535,299,524,283,518,291,519,301,K
524,366,489,366,462,346,454,320,455,302,474,311,459,274,448,253,439,238,499,301,496,263,495,239,498,221,520,298,507,278,502,287,502,298,536,298,522,283,517,291,520,301,K
495,324,469,311,455,285,457,256,456,236,444,266,433,239,426,221,420,204,464,263,463,230,465,209,467,190,484,268,484,252,482,272,481,287,502,278,499,265,495,280,493,294,K
498,324,470,308,456,280,458,251,456,230,444,261,433,232,426,214,419,197,464,259,464,226,466,204,468,185,485,263,489,246,486,266,483,282,504,272,503,258,498,273,494,287,K
496,324,470,309,456,278,455,247,452,225,444,261,432,232,425,213,418,196,465,260,463,227,466,204,469,184,486,265,488,247,486,268,485,284,505,274,502,261,499,277,497,291,K
500,331,473,312,459,279,458,247,454,225,446,266,436,234,429,215,422,197,466,264,466,230,469,206,472,185,487,268,491,251,491,273,491,290,506,276,505,264,502,280,501,295,K
501,336,474,316,461,283,461,251,456,229,447,268,438,235,431,216,424,198,468,267,469,232,472,208,475,186,490,272,496,255,493,278,491,296,509,281,509,268,505,285,501,300,K
500,338,473,319,460,286,460,253,455,229,446,268,437,235,430,215,424,196,468,267,469,232,472,207,476,185,490,273,495,256,492,281,490,300,509,282,508,268,505,286,502,302,K
498,334,471,315,457,280,456,247,451,223,445,263,435,230,429,209,423,190,467,261,467,225,470,200,473,178,490,266,493,252,490,275,489,293,510,275,507,263,503,281,501,296,K
505,315,474,295,459,260,460,227,462,204,455,247,444,204,436,177,432,155,476,246,478,195,482,163,488,137,501,250,507,224,503,242,502,257,526,258,525,235,520,249,518,261,K
515,299,483,280,468,241,471,200,465,169,452,223,442,181,436,155,431,130,478,217,482,172,488,142,493,116,504,222,515,205,512,235,507,255,525,232,532,221,528,244,522,261,K
515,302,484,279,470,238,472,197,464,165,451,217,441,175,433,147,428,122,478,215,484,168,490,137,496,109,504,223,518,205,514,237,509,259,527,236,532,222,529,245,524,263,K
516,304,484,281,470,239,475,196,468,163,453,213,443,170,435,142,429,116,481,212,486,164,491,131,497,103,508,221,520,203,515,236,509,258,531,235,536,221,531,245,524,263,K
519,306,487,279,474,236,478,193,472,161,455,213,446,168,438,140,432,115,483,212,489,164,495,131,502,102,511,222,525,204,519,237,514,260,534,237,540,224,535,249,528,267,K
506,295,474,284,457,259,479,242,500,233,446,206,430,161,419,133,411,108,473,201,472,150,476,118,480,90,501,210,511,197,509,228,506,250,526,227,531,221,527,243,521,260,K
487,283,452,275,432,243,453,213,471,194,425,195,408,149,399,121,391,96,453,189,453,136,456,102,459,75,479,198,485,185,486,213,486,233,501,213,503,203,502,225,502,242,K
447,286,405,258,384,209,386,159,383,122,369,188,354,139,344,106,336,74,399,184,400,129,402,89,406,54,431,191,439,162,431,200,426,229,460,204,462,182,454,208,446,231,K
