196,375,235,352,255,316,259,279,271,254,239,286,245,260,241,288,237,312,218,286,225,267,220,301,216,325,197,289,204,274,203,306,202,328,175,292,183,276,186,298,186,314,A
193,369,231,348,250,311,255,275,265,249,236,279,243,257,241,285,237,307,215,279,225,260,219,297,214,320,194,281,203,272,201,306,199,325,171,285,180,271,183,295,183,310,A
183,371,220,352,241,314,246,278,256,252,223,281,227,259,224,288,221,311,202,282,207,266,204,302,201,324,181,285,186,274,187,308,187,327,160,289,166,273,169,295,170,310,A
178,372,215,351,234,313,238,277,248,251,220,283,224,259,222,287,218,312,198,283,204,265,200,301,196,325,177,286,182,275,182,308,182,329,154,291,159,275,164,297,167,313,A
174,373,211,351,229,313,233,277,243,251,215,282,218,259,216,288,213,312,193,283,199,265,195,302,191,325,172,286,177,276,177,310,177,329,149,290,155,275,159,297,160,312,A
174,372,211,350,228,312,232,277,242,250,214,281,217,259,214,288,211,312,193,282,199,264,194,302,191,325,171,286,177,275,177,309,177,329,148,290,155,274,159,298,161,313,A
175,372,212,351,231,314,233,277,244,251,216,281,217,258,213,288,211,312,194,283,198,265,194,302,191,325,173,286,176,274,176,309,177,329,150,290,155,274,159,299,161,314,A
176,371,213,350,232,313,234,277,246,251,218,281,220,258,216,287,213,312,196,282,200,265,195,302,192,325,175,286,179,274,178,308,178,329,152,290,157,273,160,297,163,313,A
176,370,214,350,232,312,235,276,246,251,219,280,221,258,217,288,213,312,197,281,202,264,197,301,193,324,175,284,180,273,179,308,179,328,152,288,158,272,161,296,164,312,A
176,370,215,349,233,313,236,277,247,250,219,280,221,259,216,288,213,312,197,281,201,265,196,301,193,325,176,285,179,274,179,308,179,329,154,288,159,273,161,297,164,313,A
177,370,214,350,233,311,236,276,248,250,219,279,223,259,219,288,215,312,197,281,204,264,198,301,195,325,176,284,181,273,181,308,180,328,153,287,160,273,163,297,165,312,A
177,370,214,350,233,311,236,276,247,250,217,280,222,258,218,288,214,313,195,281,203,264,198,300,194,324,174,285,181,274,181,307,180,328,152,289,160,273,163,296,165,311,A
177,371,214,350,233,311,235,276,247,251,216,280,221,258,217,288,213,313,194,282,201,265,196,301,193,325,174,285,179,274,179,307,179,328,151,289,158,273,162,295,163,311,A
177,371,214,350,233,311,235,276,246,251,217,281,220,258,216,286,213,312,195,282,200,265,196,301,193,325,174,286,179,274,179,307,179,329,151,290,158,273,161,295,163,311,A
176,371,214,350,233,312,235,276,247,251,218,281,221,258,217,286,214,310,196,282,202,264,197,300,194,324,176,286,180,273,180,307,180,328,153,289,159,273,162,296,164,312,A
177,370,215,349,233,311,236,276,247,250,218,280,222,258,218,287,214,312,196,282,203,264,198,301,194,325,175,285,181,274,180,307,180,328,152,289,160,274,163,297,165,313,A
176,371,214,350,232,312,235,276,246,251,217,281,221,259,217,288,214,312,195,283,201,266,197,303,194,326,174,286,180,275,180,308,179,328,151,290,158,274,162,296,164,310,A
175,372,214,350,232,313,234,277,246,252,216,281,219,259,215,289,212,313,194,283,199,267,195,304,192,326,173,287,178,275,178,309,178,329,151,291,157,275,160,297,162,313,A
177,373,215,351,234,314,236,278,248,252,217,282,220,260,216,288,213,313,195,283,200,267,196,302,193,326,175,287,179,275,179,309,180,330,153,291,159,276,162,299,165,315,A
179,370,216,351,235,314,236,278,248,252,220,280,223,259,219,287,217,310,198,281,204,264,199,301,196,324,177,284,182,273,181,308,182,329,154,288,161,273,164,298,165,314,A
180,369,217,350,236,313,238,277,249,251,222,280,223,259,219,288,217,312,200,281,203,265,199,302,196,325,179,285,182,274,182,308,182,328,157,288,161,273,165,297,167,313,A
180,370,217,350,236,313,238,277,250,252,222,281,226,260,222,289,218,312,200,282,207,264,201,301,198,324,179,285,185,274,184,308,183,328,156,289,163,273,166,297,169,311,A
179,371,217,350,235,313,238,278,249,252,220,282,223,260,220,289,217,313,198,283,204,266,200,303,196,325,177,286,183,275,182,309,182,329,155,290,161,274,165,297,166,312,A
178,371,216,351,235,313,237,277,249,253,219,281,223,260,219,290,216,314,197,283,202,267,198,303,196,326,176,286,181,275,181,309,182,330,154,290,160,275,164,297,166,313,A
178,375,215,353,233,316,235,280,247,255,217,286,220,263,217,293,214,316,195,288,200,271,196,307,193,329,174,291,179,278,179,312,178,331,152,295,157,277,160,299,161,314,A
178,373,215,353,233,316,235,281,246,255,218,282,221,262,217,291,214,315,196,284,201,268,196,305,193,329,175,287,180,276,179,311,179,333,152,291,158,275,161,299,163,316,A
178,379,215,357,235,321,238,285,250,259,219,287,222,265,217,293,215,317,197,287,201,271,196,307,194,331,177,290,180,280,179,313,180,336,154,294,158,280,162,304,165,320,A
193,406,226,391,246,363,254,332,259,308,240,322,237,294,237,303,239,321,216,316,212,298,211,312,213,328,192,315,189,302,190,315,192,330,168,318,167,306,170,317,172,330,A
459,419,428,405,406,372,396,341,383,320,418,362,416,328,421,341,421,357,439,363,435,331,438,345,439,363,460,366,454,336,456,351,457,369,481,370,473,346,473,359,473,373,A
446,383,411,367,390,327,383,294,368,271,410,295,405,287,408,317,411,338,433,295,425,292,425,326,428,350,453,301,446,300,442,333,442,356,470,309,464,307,458,332,456,348,A
465,392,429,372,411,332,407,298,393,276,430,306,425,291,427,320,431,342,453,308,447,295,447,328,449,354,475,313,467,303,463,334,464,358,495,320,486,310,479,333,479,351,A
464,383,428,361,413,323,409,289,396,266,435,291,432,284,433,312,434,335,457,293,451,290,449,323,451,348,476,300,470,299,464,330,463,353,493,308,488,306,481,328,479,344,A
456,383,420,359,406,321,402,287,390,264,427,290,424,285,426,315,429,337,449,291,446,292,442,324,443,348,469,298,465,302,458,332,455,355,486,308,482,311,473,335,470,350,A
458,380,425,360,410,320,406,286,393,264,428,289,427,281,428,308,429,330,451,290,448,288,445,320,444,344,471,296,468,299,460,329,457,352,489,305,485,306,477,329,472,344,A
461,380,426,359,410,318,405,284,391,262,430,285,426,280,428,310,430,332,452,286,448,288,445,320,445,344,473,293,468,299,460,329,458,351,491,303,485,306,476,330,474,345,A
459,380,424,357,407,317,402,284,388,262,426,284,424,281,427,311,430,333,449,284,446,288,444,320,445,344,471,291,466,298,459,329,458,351,489,301,483,304,475,329,473,345,A
451,378,416,359,401,319,396,285,381,265,420,283,416,282,419,313,422,333,443,283,438,287,436,320,436,342,464,290,458,298,451,329,449,349,482,301,476,306,467,330,465,343,A
448,375,410,354,392,316,385,283,370,262,410,282,405,280,409,310,413,330,433,281,426,284,426,317,430,340,454,287,448,294,442,326,442,346,473,296,467,300,459,325,457,339,A
450,375,411,357,392,318,385,284,371,261,410,280,405,279,410,309,415,331,433,278,427,285,427,318,431,341,455,284,448,294,443,326,444,347,473,293,465,300,459,326,458,341,A
451,376,414,359,395,319,388,285,374,262,413,280,408,280,413,311,417,333,436,278,430,285,430,319,433,342,458,284,452,294,447,327,447,348,477,295,471,301,464,327,463,343,A
453,376,417,359,398,318,391,284,379,260,415,278,412,278,417,310,419,332,439,276,434,285,434,320,436,342,461,282,456,295,451,327,449,348,481,292,474,301,467,327,465,341,A
454,376,418,359,400,317,394,282,381,258,418,276,414,278,418,309,422,331,442,275,437,284,436,319,438,342,464,281,458,295,452,327,451,348,484,292,476,301,468,327,467,342,A
455,375,418,357,400,316,395,281,382,257,419,276,415,276,419,307,423,329,442,274,437,282,436,317,438,340,464,280,458,293,452,326,451,347,484,290,475,301,467,327,465,342,A
456,375,419,357,401,316,396,281,383,257,420,275,417,276,420,307,423,329,443,273,440,284,438,318,439,341,465,280,461,294,454,326,452,347,485,291,479,301,470,327,467,342,A
457,376,421,357,403,316,398,281,385,257,422,275,419,277,423,308,426,331,446,274,441,284,440,318,441,342,468,281,462,295,456,326,455,348,487,292,480,301,473,326,470,341,A
458,375,422,357,405,315,400,281,388,257,424,276,421,276,424,306,427,328,448,275,444,283,441,317,442,340,469,281,464,294,457,325,455,346,489,292,482,300,474,325,471,340,A
460,376,422,355,405,314,400,280,388,255,425,275,421,275,424,306,427,329,448,274,443,282,441,317,443,340,470,281,464,293,457,325,456,346,489,291,481,301,473,327,471,342,A
461,375,424,355,407,315,402,280,389,256,426,275,424,277,427,308,430,331,450,273,446,284,444,317,445,342,471,279,467,295,460,326,458,348,490,290,483,301,475,327,473,342,A
461,375,425,356,407,316,402,281,390,256,427,275,424,276,427,307,430,329,450,273,446,283,444,317,445,341,472,280,468,295,460,327,458,348,491,291,484,302,476,328,473,343,A
462,374,425,355,408,315,403,280,391,255,427,275,424,276,428,307,431,329,451,273,446,283,445,317,446,341,472,279,467,295,460,326,458,348,491,290,484,303,476,328,472,343,A
252,299,284,291,309,261,313,231,313,210,291,233,297,214,294,240,290,249,272,232,278,213,278,244,273,251,253,235,259,217,260,246,256,253,232,239,240,226,244,245,241,250,A
250,298,283,292,307,260,311,229,311,210,289,232,296,213,292,240,288,247,270,231,277,213,276,245,271,249,251,234,257,217,259,246,254,251,230,237,238,226,242,245,238,249,A
249,298,282,291,306,260,311,229,312,210,290,232,295,213,291,240,287,247,269,231,276,212,274,244,269,248,250,234,256,216,257,245,252,250,229,237,236,225,240,244,237,247,A
247,295,279,291,303,259,307,228,310,209,287,231,291,212,288,238,285,247,268,231,273,212,272,243,268,249,249,233,254,215,255,245,251,251,228,237,234,225,238,244,235,248,A
245,294,278,288,302,257,306,226,309,208,285,229,289,212,286,238,282,245,266,228,271,211,269,242,266,246,247,231,252,214,253,243,249,247,226,234,232,224,235,243,232,245,A
236,293,267,285,293,254,298,223,299,204,277,227,281,210,276,236,274,240,257,227,261,209,259,240,257,242,237,229,240,211,242,241,239,244,217,231,221,222,224,240,221,242,A
225,292,256,286,281,255,285,224,286,206,268,225,270,208,265,235,264,239,247,225,250,208,249,239,247,242,228,227,230,211,232,240,230,245,208,230,211,221,214,240,214,243,A
220,291,251,284,276,253,280,223,279,205,263,225,266,207,260,233,259,237,244,224,245,207,243,238,243,239,224,226,226,210,226,239,226,242,205,228,207,220,209,240,209,243,A
199,288,233,280,255,249,256,219,253,201,240,224,240,202,237,228,237,236,220,223,220,204,220,232,220,238,202,225,201,207,202,234,204,241,183,228,183,215,186,234,187,241,A
183,288,216,279,239,249,241,218,239,200,224,225,223,204,220,229,221,236,204,224,203,206,202,234,204,238,186,225,184,208,185,235,187,241,167,228,166,216,168,236,169,242,A
179,288,211,282,234,250,235,218,233,198,219,224,218,204,215,229,215,237,199,223,197,205,197,234,199,238,181,224,178,208,180,236,182,241,162,227,161,214,163,234,164,241,A
171,288,203,282,227,251,228,218,226,198,211,223,210,202,207,228,208,235,191,222,190,204,190,234,192,238,173,224,171,208,173,237,175,242,154,227,154,216,157,236,157,242,A
165,289,194,278,218,250,219,218,217,197,201,222,199,202,196,227,198,233,182,222,179,205,180,234,182,235,164,224,160,209,163,235,166,237,144,228,141,219,146,237,149,240,A
162,289,192,280,216,251,217,217,215,195,200,223,198,201,195,228,195,234,180,222,177,204,178,234,179,234,161,225,158,208,161,235,163,237,141,228,139,218,144,236,146,239,A
170,284,201,274,224,244,224,215,221,195,205,214,207,197,206,220,207,229,187,215,186,199,189,226,190,233,169,219,168,204,173,229,174,237,150,225,151,213,156,231,157,239,A
206,277,235,262,254,233,256,207,257,190,237,202,247,190,245,213,243,218,221,200,231,192,231,216,230,221,204,203,215,195,217,218,215,225,186,209,198,204,202,219,203,223,A
238,268,268,253,287,226,295,200,302,181,279,195,291,182,286,203,282,207,262,190,275,180,272,206,271,209,246,192,258,182,258,207,257,212,229,197,239,190,241,209,241,214,A
268,260,303,247,327,218,332,191,335,174,315,188,321,173,319,196,318,202,297,186,303,172,302,198,302,204,279,188,284,173,285,198,285,206,259,191,265,181,268,198,268,204,A
294,252,329,245,354,218,361,189,365,169,340,189,349,170,343,193,338,205,323,185,331,167,326,197,321,205,304,185,311,168,309,197,304,205,282,187,291,175,292,195,289,202,A
300,249,333,244,359,217,365,188,368,168,345,189,352,170,347,193,342,204,327,185,335,167,330,195,326,203,309,185,316,168,314,197,310,205,288,188,297,176,298,195,294,202,A
304,250,337,245,362,219,367,190,370,169,347,190,354,171,349,194,344,206,330,187,338,167,334,196,328,205,311,187,319,168,317,197,313,205,291,189,300,176,301,196,298,202,A
302,250,335,246,361,220,366,191,370,170,347,190,354,171,348,195,342,206,328,187,337,168,331,198,326,207,310,187,317,169,314,198,310,207,289,189,298,176,298,196,295,202,A
292,248,323,242,347,215,351,189,355,172,334,186,341,171,337,192,335,201,317,184,323,170,320,194,319,202,299,185,304,170,303,194,302,203,280,187,286,177,286,194,285,200,A
253,246,283,240,306,213,310,186,304,168,297,187,302,170,295,188,292,195,283,185,287,169,280,191,277,198,270,186,271,170,267,192,265,200,255,188,257,176,254,191,252,199,A
227,249,260,243,281,213,283,182,281,163,264,185,266,167,262,189,262,198,246,185,247,168,246,194,246,201,229,189,231,173,232,197,232,204,212,193,214,183,216,198,215,204,A
219,269,245,263,262,240,267,217,268,201,251,212,250,196,246,216,247,233,229,213,229,200,226,224,227,238,209,217,209,207,208,228,210,240,191,223,192,214,193,230,195,239,A
478,463,445,459,416,428,410,396,409,375,418,385,407,351,400,331,394,315,442,378,437,364,443,393,450,417,467,378,463,370,467,397,471,420,491,383,489,367,487,382,488,398,A
427,316,389,298,369,263,365,231,361,208,384,234,379,208,381,233,384,244,407,233,401,206,400,235,405,243,431,238,427,213,423,241,426,248,456,246,451,228,444,245,446,251,A
413,295,376,274,359,238,357,207,353,184,378,205,372,181,372,208,375,221,400,206,394,182,391,213,395,221,423,212,419,188,413,217,415,225,445,222,442,201,434,218,434,226,A
406,281,370,265,351,225,350,193,345,170,371,194,367,168,367,197,369,209,394,195,390,169,386,202,390,208,417,200,415,175,409,206,413,213,441,209,439,188,431,208,432,215,A
406,278,372,261,355,223,354,190,351,166,374,193,371,167,371,193,374,204,396,193,393,168,390,198,394,205,419,199,418,173,412,201,414,208,443,207,442,186,434,203,435,210,A
430,275,392,258,373,219,370,186,367,162,393,189,390,163,392,192,394,199,416,188,414,164,411,196,414,199,440,193,440,169,434,199,436,203,464,202,464,182,458,201,458,206,A
434,276,398,260,379,221,375,187,370,163,397,190,395,163,397,191,400,201,421,189,418,164,417,197,419,202,445,194,445,170,440,200,441,204,469,203,471,183,464,201,463,207,A
442,277,405,262,385,222,382,187,378,163,404,190,402,164,404,193,407,202,428,190,425,165,424,198,427,202,453,195,452,170,448,201,450,205,478,202,478,182,472,202,473,207,A
458,275,419,261,396,222,392,187,387,163,416,190,413,161,416,191,419,200,440,189,438,164,437,197,439,199,465,193,464,168,461,200,462,203,490,200,491,181,485,200,485,206,A
464,278,425,265,402,224,398,188,393,163,421,190,419,163,423,195,425,202,446,189,443,164,442,200,445,200,471,193,471,169,467,201,469,203,496,199,497,181,490,202,491,206,A
465,280,425,266,403,225,398,188,392,162,421,191,418,163,422,195,426,203,446,189,444,164,443,200,446,200,472,193,472,170,468,202,470,203,497,200,498,183,491,203,491,206,A
468,280,429,265,407,225,403,188,397,163,424,191,423,164,427,195,430,203,450,190,448,165,448,201,449,201,475,194,477,171,472,203,472,205,500,201,502,181,495,202,493,207,A
469,280,429,267,405,226,401,190,395,164,423,191,421,163,425,196,428,205,448,190,447,165,446,202,448,203,474,194,475,170,471,203,472,205,499,200,500,183,494,204,493,208,A
453,280,414,265,392,226,387,190,382,166,409,193,407,166,411,196,413,204,434,192,432,167,431,201,432,203,459,196,460,172,456,202,455,206,484,203,486,182,480,201,479,207,A
441,281,404,267,382,228,376,193,370,169,397,195,394,168,397,198,399,206,422,194,419,169,418,202,419,205,447,198,447,173,443,203,443,207,472,204,473,184,468,202,468,207,A
439,281,400,268,377,229,373,194,366,170,393,195,391,168,395,199,397,209,418,194,415,169,415,204,417,207,443,197,443,173,440,205,441,209,469,203,470,185,465,204,464,209,A
432,281,394,270,370,231,365,196,359,172,387,196,382,169,386,201,390,209,411,195,406,171,406,206,410,207,436,199,433,174,430,207,433,210,461,205,460,185,454,206,455,210,A
435,282,396,269,373,230,368,195,361,171,390,198,386,170,390,199,393,210,414,196,410,171,411,205,413,208,440,199,438,174,436,204,436,209,465,205,465,185,460,204,459,210,A
444,282,405,270,381,230,376,195,371,171,398,196,395,169,400,199,402,208,422,194,419,169,420,204,422,208,448,197,447,173,445,205,446,210,474,204,474,184,470,204,470,210,A
462,283,423,271,399,231,394,195,388,171,416,196,413,168,418,198,420,209,441,194,439,169,440,204,441,209,466,198,467,174,465,206,465,212,493,205,495,184,490,205,487,213,A
481,283,440,271,415,231,409,194,404,169,432,195,432,168,437,199,438,207,458,194,458,169,459,206,458,207,484,197,486,175,484,208,483,210,510,204,513,186,508,209,506,214,A
488,285,448,271,424,231,419,194,414,169,441,196,440,169,445,200,447,209,467,196,466,170,467,207,467,208,493,200,495,175,493,208,492,211,518,206,522,186,516,208,515,213,A
494,286,456,272,432,230,428,194,423,169,450,196,450,169,453,201,455,209,476,196,475,171,474,208,474,208,502,200,503,175,500,209,501,211,527,206,530,187,524,210,523,214,A
498,285,458,272,434,231,429,194,422,167,452,196,452,169,456,201,458,208,478,195,478,171,477,209,476,207,503,199,507,176,502,210,501,210,528,205,532,187,525,209,523,213,A
229,313,259,298,280,262,284,233,290,213,264,236,266,217,264,245,261,248,243,238,245,221,247,253,245,251,223,243,225,230,230,258,229,256,204,249,207,242,213,259,212,260,A
226,312,254,297,273,262,279,232,283,211,260,236,261,217,258,244,255,248,238,238,240,222,242,252,240,251,218,244,219,230,225,257,224,255,200,250,202,243,209,259,208,260,A
224,311,252,297,271,262,276,232,280,211,256,235,257,215,256,242,252,247,235,237,236,220,239,251,237,251,215,243,216,230,222,257,221,256,197,249,198,241,206,259,206,260,A
226,309,255,294,274,259,279,230,284,209,259,234,261,213,259,240,256,245,238,236,240,218,242,248,241,248,219,241,220,228,225,254,225,253,200,247,202,240,208,257,209,258,A
237,309,268,295,290,259,294,229,299,209,275,234,278,213,273,240,271,245,254,234,256,217,256,247,254,248,234,239,235,225,238,252,238,253,215,245,216,237,222,255,222,256,A
265,300,296,288,320,252,328,224,336,206,306,224,315,205,310,233,305,236,285,224,294,208,293,240,289,240,265,228,274,217,276,245,272,246,246,234,255,226,259,245,256,248,A
288,295,320,282,345,247,353,218,359,199,329,218,341,204,336,230,330,232,309,217,321,204,318,234,314,235,289,221,300,209,301,238,296,239,269,226,281,220,284,239,279,241,A
311,285,344,274,369,240,377,212,384,193,352,210,365,195,360,222,354,228,333,209,345,196,342,228,338,230,313,212,325,202,325,232,320,234,294,218,306,212,308,232,303,235,A
331,276,365,266,388,233,397,206,405,188,373,204,386,188,381,214,374,220,354,203,368,189,365,220,358,222,335,206,348,194,348,223,342,226,315,210,329,203,331,223,326,226,A
343,262,377,253,401,222,411,195,418,176,388,193,399,175,394,200,387,206,370,191,381,175,377,205,370,207,351,192,361,180,360,208,354,210,330,195,342,188,344,207,339,211,A
332,241,366,233,388,202,395,173,403,155,376,175,384,155,380,179,375,187,357,173,365,155,362,185,357,190,338,176,346,160,346,189,341,194,317,180,328,169,330,188,325,193,A
319,227,353,220,375,188,383,160,391,142,363,162,371,141,366,166,361,173,345,160,351,140,349,170,345,175,325,162,333,147,333,175,330,179,305,167,314,156,316,175,313,178,A
306,208,339,198,361,167,368,138,375,121,348,140,355,119,351,144,347,153,329,139,336,119,334,149,329,155,310,142,316,125,317,154,314,159,290,147,296,135,300,153,298,158,A
291,197,324,189,349,156,355,123,363,104,336,129,341,106,337,134,332,141,314,128,320,106,318,139,314,143,294,131,299,114,301,144,298,147,273,136,279,124,283,144,280,147,A
288,196,321,192,346,155,353,121,361,103,333,127,339,105,333,133,328,141,311,127,318,106,316,139,312,143,291,130,296,112,298,144,294,148,269,134,276,123,279,144,275,147,A
279,221,310,219,337,182,343,145,350,123,319,150,325,127,319,157,316,167,294,151,302,128,300,165,298,170,271,156,277,138,280,171,278,175,248,164,253,152,259,175,258,178,A
262,250,296,247,324,206,328,165,338,142,304,173,310,151,303,185,301,193,276,175,284,154,282,193,280,197,252,181,257,164,260,199,259,202,228,188,232,176,237,201,237,204,A
236,274,270,275,290,245,292,211,302,190,270,213,274,197,267,232,265,241,241,215,246,201,244,240,245,246,219,221,222,213,223,246,224,249,200,227,200,223,203,248,204,252,A
203,344,239,330,267,290,275,253,281,228,248,254,252,232,246,267,243,275,222,254,224,236,224,276,223,280,198,259,196,246,201,281,202,285,174,265,173,256,180,279,182,284,A
199,319,228,323,252,307,258,287,264,267,234,278,237,272,234,303,232,310,209,277,211,277,212,311,214,314,186,282,187,284,191,313,194,316,168,288,165,295,171,316,175,318,A
198,390,237,375,268,332,277,295,283,268,248,283,253,275,248,312,243,315,220,278,221,281,222,320,223,316,193,283,192,290,198,324,201,320,169,291,169,301,176,324,178,322,A
208,371,245,369,283,323,292,277,301,251,263,280,270,261,260,296,253,298,231,275,236,262,232,306,231,306,202,278,203,272,208,310,209,311,174,284,172,289,181,313,187,311,A
215,375,253,370,296,315,306,261,314,226,271,263,277,239,269,282,261,285,233,260,239,240,238,294,235,295,199,267,200,251,208,299,209,300,166,276,164,270,176,300,182,299,A
214,377,260,366,304,303,316,243,328,204,275,245,281,220,274,267,265,273,234,242,238,221,239,280,235,280,196,250,195,236,205,286,206,284,160,260,156,259,171,289,179,285,A
219,370,272,360,318,298,334,235,352,196,298,229,303,204,294,257,284,259,252,224,257,206,256,269,251,262,212,232,211,221,221,273,220,267,175,239,174,244,188,277,193,270,A
212,368,263,351,311,291,332,235,349,196,292,230,300,203,287,253,278,254,250,226,255,205,252,265,249,259,211,232,210,217,216,269,217,265,175,239,173,237,183,271,189,269,A
196,366,248,348,289,290,309,235,327,199,272,231,277,203,267,251,259,256,231,227,234,207,232,263,230,258,194,234,194,218,199,265,199,260,160,243,160,238,170,268,172,267,A
391,412,348,401,311,361,299,325,286,297,334,312,321,298,325,332,333,355,363,311,346,299,347,338,355,361,392,316,375,305,374,341,382,363,422,325,407,312,400,338,402,356,A
373,368,326,347,294,309,279,276,273,249,319,276,301,259,302,272,304,268,342,271,323,255,326,273,334,268,368,269,350,255,350,275,357,271,394,273,380,257,376,271,381,271,A
372,332,324,317,288,278,269,244,261,217,306,236,287,222,287,232,287,221,331,227,309,213,317,237,328,227,360,225,339,213,344,238,354,230,389,227,372,215,370,234,379,233,A
359,307,309,299,267,247,252,200,245,170,292,196,273,182,286,220,294,220,326,193,301,179,308,225,319,223,359,197,337,185,339,230,350,229,391,202,372,198,367,228,376,229,A
343,310,290,303,250,251,235,206,225,173,273,195,252,178,266,222,276,224,310,189,283,176,290,227,302,226,345,195,320,187,322,236,333,236,377,202,357,206,352,236,360,234,A
352,305,296,292,255,240,238,196,228,161,280,186,260,164,272,209,283,214,316,182,292,165,297,216,309,215,350,187,329,177,328,224,340,223,383,196,365,193,358,222,366,221,A
371,302,311,287,271,235,256,190,245,159,298,186,278,161,289,204,299,208,332,182,310,161,314,212,326,211,366,186,345,169,345,217,357,215,399,192,381,185,376,214,386,212,A
406,295,352,287,310,238,293,191,281,158,327,191,318,162,331,206,337,210,363,187,350,162,356,212,362,209,397,190,387,170,388,217,391,215,430,195,421,183,418,213,423,212,A
427,291,373,283,331,236,313,189,300,157,348,192,341,160,352,202,356,207,383,188,375,161,379,210,380,206,416,189,409,167,409,213,411,211,448,192,442,178,438,208,441,210,A
447,290,397,282,358,237,341,193,326,163,374,195,366,165,378,205,383,210,407,191,398,165,402,211,406,208,438,192,431,168,430,212,433,211,468,194,463,177,458,206,460,209,A
461,286,414,282,375,241,358,198,344,170,390,197,382,173,392,210,397,210,421,193,411,170,416,215,417,209,451,193,443,173,443,216,445,212,479,194,474,181,470,209,472,209,A
460,290,416,286,381,249,366,211,352,185,393,210,386,183,396,218,401,221,421,205,415,182,419,223,421,219,449,206,444,185,444,224,446,221,475,207,471,192,467,218,469,220,A
464,289,423,284,391,249,377,213,366,189,401,213,397,192,406,223,409,222,429,210,424,189,428,228,428,222,455,211,451,192,450,229,451,226,480,211,476,198,472,224,474,226,A
464,288,427,284,397,251,384,218,373,195,407,217,403,195,411,224,415,227,433,213,427,195,430,229,432,225,457,214,453,198,452,231,454,228,480,215,477,203,473,226,475,228,A
469,286,432,284,402,252,389,219,380,196,413,218,409,197,417,225,420,227,439,216,435,197,437,231,438,227,462,216,459,201,458,233,459,230,485,217,482,206,480,228,482,228,A
481,278,444,280,411,244,398,205,390,179,421,206,421,181,429,212,430,217,449,202,449,180,451,218,451,215,476,203,478,183,475,218,474,219,502,204,504,188,499,211,497,216,A
485,274,445,277,410,235,397,192,387,164,422,195,423,167,431,201,432,207,453,190,452,167,454,209,453,206,482,191,484,169,481,208,479,209,510,193,512,174,507,199,505,205,A
497,255,453,254,415,208,397,161,385,129,425,164,427,132,435,168,434,175,459,160,460,132,463,180,459,175,490,161,495,137,493,180,489,178,521,163,525,142,522,171,519,176,A
510,238,463,233,425,186,409,139,397,107,438,139,440,107,449,146,448,154,473,135,475,107,478,156,472,155,505,138,511,113,508,158,501,160,537,143,542,121,537,149,532,156,A
522,227,474,225,436,175,423,124,412,91,450,124,457,92,464,133,461,140,486,121,490,93,490,144,485,139,518,124,524,99,520,145,514,144,549,127,556,106,549,137,544,143,A
512,231,466,222,427,175,411,126,402,92,441,126,449,93,457,135,454,142,476,126,484,95,484,147,475,143,508,129,519,104,513,149,505,147,540,133,550,113,544,144,535,150,A
481,241,433,231,396,188,379,141,367,107,409,138,409,106,418,145,418,153,442,135,443,107,446,157,440,153,473,137,480,113,476,158,469,156,505,140,512,120,506,152,500,156,A
427,248,380,251,339,208,323,161,313,131,353,161,349,131,360,168,364,176,385,156,379,129,385,175,386,174,416,156,413,135,414,177,413,176,447,157,445,141,442,170,442,174,A
271,507,304,491,328,455,338,423,342,403,307,414,315,390,314,418,312,443,282,416,292,400,294,436,294,461,260,424,271,411,274,441,273,464,239,437,249,426,254,450,255,466,A
288,506,317,486,334,453,340,423,339,403,309,414,306,397,303,427,302,453,286,418,284,408,286,440,288,465,266,426,265,416,269,442,271,463,248,438,247,429,250,447,252,461,A
258,414,296,405,327,362,337,322,349,297,310,325,320,301,316,334,310,348,284,324,291,304,290,342,286,353,258,327,267,315,269,354,265,367,232,332,245,321,249,351,247,364,A
265,389,309,374,342,337,358,301,369,274,327,299,336,274,333,304,327,319,302,296,308,276,307,311,303,323,278,299,285,284,286,320,284,333,253,304,261,294,264,321,262,334,A
274,376,311,364,342,328,358,293,369,266,330,290,339,262,334,293,328,305,306,288,312,265,310,303,306,309,281,292,286,276,287,313,286,320,256,298,260,285,265,310,264,319,A
268,353,308,344,340,310,357,276,366,249,330,272,338,242,334,272,329,285,307,269,313,243,310,280,308,288,283,271,288,252,288,287,286,296,258,275,265,259,267,284,266,294,A
279,334,317,324,351,290,368,258,380,236,340,251,351,227,346,257,340,266,319,249,327,230,324,264,320,267,297,251,304,237,303,269,301,273,273,254,282,245,284,266,281,272,A
280,336,318,331,354,299,371,265,383,243,344,259,354,235,346,265,342,273,322,255,329,235,323,270,321,272,299,256,303,241,300,275,300,277,275,257,278,248,278,272,278,277,A
278,340,316,337,352,305,368,272,382,250,343,266,353,241,342,272,337,281,320,261,327,241,319,277,316,278,297,259,302,245,297,280,296,281,273,260,277,250,277,275,276,279,A
279,340,316,336,352,303,368,269,380,246,343,264,350,240,341,270,336,280,320,259,325,240,319,276,316,279,296,259,299,244,296,278,296,281,272,260,274,251,275,275,276,279,A
285,340,320,332,349,297,362,262,370,237,338,261,344,234,339,264,335,275,315,259,317,238,316,273,315,278,291,263,294,248,295,281,295,285,267,268,270,257,275,279,274,285,A
295,348,326,331,343,290,344,252,345,224,325,256,321,232,323,259,323,272,302,261,298,241,305,273,306,281,280,270,280,256,289,286,289,292,258,282,263,270,270,290,271,296,A
302,353,330,331,342,287,334,251,331,224,317,259,310,235,318,264,319,276,294,268,289,247,302,281,301,285,274,280,271,266,285,296,284,297,254,294,254,284,266,302,265,305,A
303,356,332,332,342,288,333,254,329,227,314,263,308,236,317,265,318,279,292,272,289,249,302,282,301,289,273,285,271,269,286,299,284,303,253,301,253,286,266,305,266,311,A
302,357,331,333,341,288,331,252,327,227,311,263,306,237,317,267,317,278,290,272,287,250,302,284,299,288,270,285,270,270,286,301,283,303,251,301,252,287,266,307,264,311,A
302,356,332,333,343,291,341,256,338,230,315,259,317,238,325,265,325,276,293,267,296,248,308,278,306,285,273,279,279,267,292,294,289,298,255,295,264,284,276,302,274,307,A
285,355,324,344,355,307,368,272,381,248,337,269,346,247,344,277,341,285,315,267,322,251,323,285,319,290,292,271,298,261,302,292,300,295,270,278,276,272,282,294,282,299,A
275,348,312,349,352,322,374,290,391,270,350,280,361,258,349,288,343,296,328,271,336,254,325,290,323,295,305,267,309,256,302,291,302,296,282,266,287,258,284,285,283,292,A
270,339,305,345,348,326,375,300,396,283,354,286,369,267,349,293,342,298,332,274,343,257,324,290,322,294,310,266,316,254,301,288,300,293,286,261,293,251,284,276,282,283,A
266,327,299,338,344,324,374,300,397,287,354,288,371,268,347,290,338,297,335,272,346,255,323,286,319,291,314,261,320,249,301,281,300,287,292,252,296,245,285,268,284,275,A
267,328,301,338,345,324,374,301,395,286,354,288,369,267,346,290,338,297,334,273,345,255,323,285,320,289,313,262,320,248,302,279,300,286,290,253,295,244,286,268,285,275,A
266,326,299,336,342,322,372,298,395,285,352,288,368,266,345,290,337,297,333,272,343,255,321,285,317,289,312,261,318,248,300,279,298,285,289,252,294,244,284,267,283,275,A
272,318,308,319,347,292,373,267,387,247,346,255,358,239,344,264,338,268,324,248,335,232,323,263,318,268,301,246,311,234,302,263,298,269,278,244,287,236,283,256,279,262,A
279,311,313,302,341,268,355,238,362,217,333,234,341,215,334,242,330,249,311,232,318,214,314,245,311,250,288,235,295,222,295,251,292,256,265,240,272,231,275,250,272,255,A
278,317,311,306,336,271,342,236,347,211,321,237,324,211,323,239,321,250,299,237,301,216,302,249,301,254,277,242,279,227,282,257,281,261,254,249,258,236,263,257,261,261,A
277,325,312,317,340,279,344,242,349,217,321,244,324,217,321,247,319,257,298,245,302,223,302,258,300,261,276,249,279,234,282,267,281,267,253,255,258,244,263,267,261,270,A
274,325,311,315,339,278,345,240,348,215,322,243,324,215,323,246,320,256,298,243,302,220,302,256,300,259,276,247,279,231,281,264,280,265,253,252,257,240,261,263,260,266,A
270,324,307,315,338,278,346,240,349,215,322,243,326,216,322,247,319,256,299,241,303,219,302,255,300,257,277,244,280,228,281,261,280,262,254,248,257,236,260,260,260,264,A
255,333,296,325,329,298,350,268,350,243,323,267,335,241,325,261,317,274,302,260,312,236,303,262,297,274,281,257,289,235,283,263,278,275,258,255,268,237,265,257,261,268,A
253,330,294,323,327,296,346,266,350,241,321,265,332,239,323,258,315,272,301,258,309,234,299,261,293,274,279,255,286,233,280,262,276,275,254,253,263,234,262,255,259,268,A
251,327,293,324,327,295,345,263,349,240,319,264,330,236,320,259,314,271,299,257,307,232,297,262,293,273,277,253,284,231,277,263,274,274,253,250,261,233,259,256,256,267,A
251,329,291,327,326,296,344,264,348,240,318,264,329,236,318,260,314,272,297,258,305,232,296,263,293,272,275,255,281,231,276,263,273,274,250,253,257,235,256,258,255,269,A
248,330,290,327,324,297,342,264,346,239,317,264,326,235,317,259,312,272,295,258,302,232,294,262,291,272,272,256,279,232,273,264,270,275,247,255,255,236,253,259,251,270,A
256,321,292,302,318,267,328,235,328,211,305,233,310,211,306,233,304,243,281,234,285,213,285,240,282,252,259,240,262,221,265,246,264,259,236,247,241,231,245,247,244,258,A
207,285,252,274,281,236,293,200,299,175,278,208,285,182,281,196,286,199,256,203,262,178,252,204,253,211,233,202,238,182,229,211,228,219,209,206,213,190,209,211,209,218,A
188,302,231,300,268,257,285,212,293,183,255,219,265,192,257,224,254,239,225,215,233,190,226,230,223,244,195,216,201,198,198,238,196,251,164,219,172,202,173,231,170,243,A
221,332,266,322,305,282,322,240,337,212,297,240,307,209,296,244,291,258,264,234,274,207,263,254,262,261,230,234,237,217,232,260,231,263,195,237,200,222,201,253,201,257,A
228,326,278,327,326,279,341,227,350,193,307,226,320,192,308,232,302,244,273,219,285,189,274,238,270,245,239,219,249,198,243,245,239,249,204,222,216,204,215,237,210,242,A
231,334,281,329,332,282,353,230,359,194,316,228,332,192,317,235,310,245,282,220,295,187,282,241,278,243,247,219,257,196,250,246,247,245,211,219,221,203,220,238,215,241,A
226,342,282,337,334,284,352,230,360,193,315,230,329,194,314,240,308,249,280,223,294,190,281,246,277,246,244,222,254,199,247,252,244,250,208,223,218,207,216,245,212,248,A
224,342,280,334,333,283,353,229,360,191,315,229,329,188,314,236,307,247,279,222,293,188,280,245,275,245,244,222,253,198,246,250,243,247,207,222,216,205,215,242,211,245,A
221,327,278,318,331,271,355,218,363,179,318,215,332,175,317,222,309,235,281,206,293,175,280,233,276,233,244,205,253,183,246,234,243,232,206,205,215,189,215,225,210,229,A
216,322,274,312,325,263,350,210,357,170,313,210,325,168,311,211,303,228,276,201,286,167,273,222,271,225,239,199,245,176,238,226,238,227,200,200,208,182,207,217,204,222,A
227,317,284,312,340,267,369,219,381,183,328,204,350,174,336,220,327,228,295,195,313,172,301,224,294,224,260,193,276,180,268,227,261,225,222,192,240,188,237,221,229,223,A
234,296,294,293,356,256,394,219,419,192,353,197,384,176,362,214,352,221,323,185,351,169,328,214,319,218,290,180,314,173,294,216,284,221,255,177,275,176,264,209,255,215,A
249,266,304,274,370,249,414,218,446,196,382,196,416,170,385,206,374,214,354,176,383,157,350,202,344,205,323,164,346,151,319,194,313,198,290,154,310,145,293,179,285,184,A
255,246,304,261,371,243,420,218,453,197,393,196,426,174,388,202,379,208,368,174,397,155,357,192,353,193,339,157,359,145,325,182,324,182,310,140,325,135,304,164,299,167,A
256,238,305,258,373,244,421,216,454,195,391,197,424,170,386,199,375,205,366,175,394,153,354,190,350,192,338,157,358,142,323,179,322,180,309,140,324,130,303,159,299,163,A
254,238,301,259,371,245,419,217,451,196,388,196,421,171,383,201,372,206,363,174,390,153,351,192,346,192,334,157,353,143,319,182,315,182,303,140,317,132,298,163,293,165,A
254,245,304,256,366,228,406,196,432,168,381,182,404,157,374,187,364,196,354,164,368,143,340,182,337,186,323,152,332,140,309,177,309,179,291,142,298,139,284,165,282,168,A
428,328,379,326,335,285,314,245,303,216,358,241,342,214,348,251,354,265,392,236,371,213,374,260,383,267,425,241,406,229,407,273,416,278,458,248,438,241,436,272,445,278,A
434,314,385,305,343,263,323,224,312,194,365,221,345,193,351,228,359,238,397,219,375,191,377,237,390,244,430,224,411,206,411,251,422,255,465,230,445,218,442,249,450,254,A
443,310,393,302,350,261,325,220,315,187,367,218,353,184,363,222,371,238,401,215,384,185,391,232,399,239,434,217,419,201,423,246,429,248,469,222,453,210,452,242,458,249,A
457,312,400,310,351,267,324,227,309,196,365,221,351,190,365,231,372,241,401,214,385,187,395,239,402,243,436,214,424,202,430,251,435,250,471,216,457,213,459,247,465,247,A
473,313,420,316,365,276,334,234,317,202,374,228,358,195,374,232,382,243,409,221,392,187,405,239,412,246,442,219,431,202,441,252,445,253,476,220,465,213,470,247,476,249,A
476,315,422,317,368,277,336,235,318,202,373,227,359,195,377,234,385,245,408,219,394,190,408,242,414,244,443,218,434,204,443,254,445,251,476,218,468,212,472,247,477,248,A
470,315,417,303,373,262,351,222,343,194,386,213,378,182,387,218,389,234,420,212,413,191,418,237,419,243,454,216,450,208,450,250,448,252,487,223,481,220,479,249,479,252,A
444,317,398,286,376,230,378,182,387,146,413,192,411,157,400,194,402,211,444,199,438,173,420,217,424,227,471,215,460,204,441,247,446,252,495,235,479,230,463,258,466,262,A
428,317,390,282,375,226,376,184,385,150,415,188,409,156,393,189,390,212,444,199,433,173,411,212,412,230,470,217,454,203,432,240,433,255,494,241,476,227,454,252,453,265,A
424,312,387,276,374,219,375,175,385,141,417,181,409,150,392,184,390,206,445,194,430,168,409,210,414,228,470,213,448,202,426,242,431,255,492,238,469,227,448,252,449,264,A
426,322,378,289,351,238,344,197,351,171,390,191,373,164,361,200,366,218,419,199,400,173,382,216,388,235,447,215,428,195,408,236,411,252,474,237,455,222,435,249,437,261,A
441,312,385,298,340,256,316,217,303,189,353,215,342,186,351,226,359,231,387,210,373,178,378,229,385,236,422,212,410,193,412,243,416,246,455,218,443,208,440,241,444,243,A
440,287,389,288,341,253,314,211,301,177,352,204,341,171,348,203,356,219,385,198,372,170,379,215,387,224,417,200,407,185,411,228,416,233,448,203,436,197,439,227,444,231,A
431,283,385,295,332,257,303,212,289,183,336,210,323,176,341,214,348,223,369,203,358,175,373,223,376,226,402,201,395,184,407,229,407,230,434,199,427,191,433,223,436,227,A
436,279,387,290,332,265,297,233,274,206,327,223,309,192,334,225,341,233,359,208,341,180,364,225,366,228,391,200,382,185,401,229,399,230,423,193,415,187,427,218,429,220,A
435,267,388,281,333,259,295,228,270,201,325,213,304,186,331,215,341,224,357,198,337,172,362,214,365,218,388,189,378,175,396,217,395,218,419,181,411,172,421,203,422,209,A
434,268,388,282,333,259,295,227,271,199,325,213,306,185,331,215,341,224,356,197,339,170,363,215,366,219,387,189,381,176,398,220,396,219,417,181,413,176,423,206,424,209,A
436,264,386,268,335,240,303,207,283,183,339,197,324,168,338,196,343,207,370,188,353,161,366,199,371,204,401,185,393,168,402,205,402,208,433,184,426,173,430,199,433,203,A
438,254,386,258,342,224,318,183,304,157,349,180,339,149,351,181,356,192,381,173,367,143,378,186,382,189,411,173,404,152,410,195,410,196,441,173,434,162,435,190,438,193,A
440,258,388,260,344,224,322,182,309,154,354,179,348,148,359,184,362,194,387,175,381,148,388,194,388,194,418,176,416,157,418,199,417,199,448,177,444,166,443,196,445,201,A
441,258,393,262,348,224,327,182,315,156,360,179,357,148,367,179,370,192,393,176,392,151,400,194,399,199,424,178,425,161,429,199,426,203,453,180,451,170,453,198,453,203,A
455,266,406,255,372,213,361,170,360,139,393,176,391,142,397,162,403,186,424,176,421,149,426,180,428,206,451,183,448,160,450,191,451,215,479,193,476,176,475,198,473,216,A
501,270,447,272,404,221,389,171,382,141,438,178,429,147,430,185,436,206,476,181,461,154,460,198,467,213,506,192,496,169,493,209,499,224,536,203,526,191,523,220,528,231,A
505,277,453,290,398,238,379,184,373,149,417,189,414,148,423,188,426,213,463,187,457,145,464,207,463,222,504,194,503,164,504,217,503,225,546,201,541,184,542,220,543,227,A
486,295,423,304,368,242,353,178,349,141,397,187,400,141,407,188,408,211,448,187,448,146,449,207,446,218,492,198,495,168,490,221,490,228,537,208,536,194,533,228,534,233,A
485,303,419,312,357,243,339,176,334,136,390,180,388,135,395,184,398,210,441,180,436,141,438,201,436,215,486,189,485,160,482,214,479,226,530,199,527,183,525,221,524,230,A
483,304,416,303,357,238,332,177,328,133,383,170,374,125,379,181,386,203,430,169,416,124,414,196,424,205,475,177,464,145,458,211,466,215,520,186,507,172,500,217,507,223,A
468,320,405,292,361,235,344,184,341,141,392,183,379,138,375,181,381,210,429,182,413,143,408,194,419,214,466,187,446,159,442,209,453,225,506,196,480,177,474,212,485,225,A
419,311,376,303,344,260,333,220,333,190,369,217,361,189,360,225,365,240,397,218,385,191,380,235,390,240,423,225,412,206,406,247,414,250,451,234,438,221,430,250,438,255,A
430,346,380,321,351,284,341,247,343,219,375,247,364,214,363,249,370,262,399,249,386,219,384,259,394,265,424,254,412,232,406,270,415,273,450,262,434,247,426,271,434,276,A
419,347,373,326,343,291,333,255,342,229,362,256,351,228,354,261,360,269,386,257,374,232,374,270,382,272,411,262,400,244,397,280,403,282,437,269,424,257,417,280,424,284,A
422,349,377,329,349,294,340,260,342,233,373,259,357,233,358,262,366,274,396,260,378,237,377,271,387,277,419,266,402,247,397,280,405,287,442,275,420,264,414,286,422,292,A
232,376,271,363,304,321,321,286,328,258,289,278,302,251,299,282,295,296,265,276,276,252,276,288,272,300,240,280,251,258,253,294,248,306,214,287,230,272,233,297,228,307,A
234,366,273,361,309,321,332,282,351,256,308,273,317,242,308,274,301,289,280,267,287,243,280,284,277,288,252,268,258,250,254,288,254,289,223,271,228,262,229,288,230,290,A
232,367,271,363,311,323,334,282,356,256,309,274,321,241,308,277,298,290,280,268,290,242,279,287,276,288,252,268,257,248,252,289,253,289,223,270,226,259,228,288,229,291,A
229,358,273,351,314,311,339,272,361,250,311,264,322,232,308,269,301,279,282,258,291,233,280,278,277,276,253,258,261,237,255,278,255,277,224,260,230,246,231,275,231,278,A
230,356,274,349,315,310,341,271,362,247,309,261,322,229,309,266,301,277,280,255,290,231,280,278,278,275,252,255,259,235,254,277,255,276,224,256,227,245,228,274,229,277,A
246,363,288,347,322,296,340,254,352,223,307,252,316,222,311,257,303,270,278,251,285,227,284,272,279,273,248,257,255,237,258,279,254,281,217,266,226,253,231,282,227,285,A
236,377,280,380,323,321,343,268,360,237,306,265,315,229,307,271,301,291,267,262,276,235,273,288,269,296,232,268,239,248,242,297,240,304,197,278,204,270,210,305,211,310,A
239,367,292,356,331,295,357,245,379,213,313,241,327,210,324,249,320,260,275,239,288,211,289,256,283,265,238,246,251,223,255,267,251,279,202,257,216,239,224,270,221,281,A
243,352,296,342,344,282,368,229,391,197,323,225,339,185,330,234,318,252,284,220,298,187,293,248,284,254,245,225,256,203,257,258,251,259,206,235,215,224,223,261,219,263,A
231,357,285,337,328,277,352,228,374,197,310,224,321,185,315,229,308,247,273,221,282,191,279,245,273,253,234,228,242,202,244,254,239,260,193,238,203,226,210,260,206,266,A
222,364,271,333,303,272,321,227,343,199,286,221,295,191,292,231,288,240,254,222,264,199,264,245,258,247,221,232,232,211,236,255,229,257,186,246,201,231,207,262,199,267,A
215,362,258,324,284,267,290,227,294,203,263,224,265,196,267,229,269,239,233,228,236,207,240,247,239,253,204,240,209,222,216,260,214,267,175,255,184,243,191,269,189,275,A
213,376,242,334,247,300,237,275,232,255,222,252,219,224,233,221,249,223,198,256,190,231,204,232,222,237,174,268,168,245,181,249,197,257,151,286,148,268,160,268,174,271,A
204,361,229,318,229,268,220,235,199,223,194,248,182,223,196,246,203,260,172,259,161,235,180,264,183,272,153,274,145,250,164,278,167,287,133,294,133,276,147,293,148,301,A
213,364,235,323,233,278,223,243,207,223,196,257,187,228,205,251,210,265,177,268,167,239,190,267,190,279,158,284,149,255,174,282,175,294,138,305,136,279,155,296,155,307,A
209,365,232,323,232,278,225,243,207,224,194,260,185,230,204,253,208,269,175,270,167,241,190,270,190,283,156,286,150,256,174,284,173,297,136,306,137,279,155,297,155,310,A
306,317,348,313,388,284,416,262,438,250,381,240,406,230,398,256,393,267,362,233,387,229,379,256,372,264,341,230,368,230,361,256,353,264,320,230,347,235,346,253,341,260,A
310,316,351,310,388,283,415,263,436,252,377,238,400,228,395,254,387,263,360,233,384,228,378,255,370,262,340,232,367,230,363,255,354,263,320,234,346,236,347,254,341,260,A
294,351,328,342,351,314,358,286,356,265,335,286,338,268,336,289,335,296,316,285,317,270,317,293,317,298,296,288,298,273,301,295,300,300,276,293,281,281,284,297,283,303,A
294,332,324,325,350,298,356,268,355,247,336,270,338,247,334,270,333,281,317,268,318,249,316,277,316,283,298,270,299,252,300,280,301,287,278,272,281,258,283,277,283,285,A
288,334,318,334,346,304,352,272,352,253,332,274,334,253,331,278,330,287,312,273,314,256,314,284,312,289,293,274,295,258,297,286,295,292,274,276,278,264,280,284,279,291,A
281,339,309,339,337,310,344,276,345,256,326,280,325,257,321,281,323,290,305,279,304,259,303,288,306,293,286,280,285,263,286,291,289,296,267,281,268,268,269,288,269,295,A
278,339,307,342,335,312,342,275,340,254,322,281,322,257,319,282,320,292,302,279,302,259,302,290,303,293,283,280,283,262,284,291,286,296,264,280,265,268,267,288,267,294,A
274,340,304,342,333,311,338,276,337,255,319,282,319,258,316,284,317,293,299,280,299,260,298,291,300,294,280,280,279,263,281,292,282,296,260,281,261,268,263,289,263,295,A
269,338,300,339,329,311,333,275,330,253,315,280,314,256,311,280,312,290,294,277,293,257,293,288,294,291,274,277,272,260,274,289,275,294,254,278,254,265,257,286,257,292,A
266,336,295,336,324,307,328,271,325,249,311,276,310,252,306,276,306,285,289,274,288,254,288,285,289,288,270,274,268,257,270,287,272,291,249,276,249,263,253,284,254,290,A
260,331,291,326,317,299,323,267,323,245,306,270,304,246,301,270,302,280,285,269,283,249,282,279,285,283,266,269,263,253,264,281,268,286,246,271,246,258,247,278,249,285,A
245,315,276,317,301,282,308,247,308,225,290,250,290,226,287,251,287,263,269,249,269,228,269,257,269,266,250,252,249,233,252,263,252,272,230,255,231,241,234,262,235,270,A
219,298,252,300,281,264,288,228,287,206,266,231,267,209,264,237,263,248,246,230,246,210,246,242,246,249,227,232,225,215,227,246,229,254,207,234,207,222,208,245,210,253,A
210,297,240,293,269,261,276,223,277,198,257,227,252,203,248,229,251,240,233,225,229,203,227,237,233,244,211,226,206,208,207,240,213,248,189,229,186,215,189,238,193,246,A
206,295,239,296,269,262,275,222,276,194,255,226,251,200,246,226,248,239,231,224,228,201,226,235,231,243,209,225,204,206,205,238,212,246,188,226,184,213,186,237,191,245,A
229,289,265,280,287,244,292,211,291,189,267,211,275,192,277,219,274,234,248,210,256,194,259,223,256,237,229,212,238,200,243,227,240,240,208,217,221,208,226,228,224,238,A
276,283,300,267,318,230,325,200,328,180,294,201,303,184,309,199,311,210,276,200,288,187,296,207,298,217,258,204,273,191,282,210,284,220,241,211,257,198,266,211,269,219,A
327,266,362,261,387,228,397,198,394,177,372,199,378,179,376,196,370,211,352,195,359,180,357,201,350,217,333,195,339,180,341,201,337,217,313,196,322,183,324,199,322,212,A
368,260,402,251,430,215,434,181,435,162,420,189,423,168,418,192,415,201,398,185,402,165,399,196,398,204,376,184,380,165,380,196,379,207,352,183,358,169,359,192,359,200,A
379,253,414,248,443,217,452,184,452,161,428,185,434,161,429,186,426,197,407,182,412,160,408,191,405,199,385,182,390,162,389,193,387,203,361,185,368,167,370,189,368,198,A
370,247,404,238,428,206,436,178,436,157,415,175,422,156,419,179,417,190,396,174,400,156,399,182,397,192,376,176,379,158,381,185,380,196,354,180,359,165,362,185,361,195,A
340,236,375,232,403,200,411,168,411,146,389,166,394,146,391,172,390,182,369,165,372,146,372,175,371,184,350,168,351,150,353,180,353,190,329,172,332,158,334,180,335,190,A
310,235,347,231,377,196,385,159,384,136,360,165,361,138,358,166,358,178,338,164,339,140,338,173,338,182,317,166,317,146,319,178,320,187,295,170,296,154,300,176,301,185,A
309,245,342,237,373,206,380,170,380,146,355,169,358,147,356,176,354,184,333,168,336,150,336,183,334,187,312,172,314,155,317,188,315,194,290,178,294,163,299,185,296,193,A
346,309,375,293,394,265,399,243,399,229,387,236,389,218,388,232,391,242,367,236,369,221,368,240,370,251,346,241,347,227,348,245,350,257,325,249,326,235,329,249,332,258,A
370,343,395,332,416,302,422,275,421,254,401,264,404,249,405,277,403,287,379,265,384,252,387,284,386,291,357,270,362,259,367,289,366,298,334,278,341,267,349,289,349,297,A
369,362,398,353,419,320,422,289,420,268,403,292,404,271,402,297,401,307,383,293,384,276,385,306,385,310,364,296,364,281,367,310,368,314,343,301,346,288,350,309,350,315,A
361,371,390,361,410,328,412,298,413,278,394,302,395,281,395,306,395,314,376,303,377,286,379,316,378,318,357,306,358,290,362,319,362,323,337,311,340,297,345,316,345,323,A
357,371,384,359,402,329,406,300,406,280,389,304,390,282,391,304,390,315,372,305,372,288,374,315,374,321,354,309,355,292,359,318,359,325,335,314,338,298,342,316,343,324,A
351,367,378,353,394,322,399,295,398,276,382,299,383,281,385,300,384,308,365,301,366,286,369,308,368,311,348,305,349,291,354,312,354,317,330,310,333,296,338,311,338,317,A
339,347,362,334,382,305,388,282,383,264,364,276,367,258,371,272,371,280,348,277,351,263,355,281,355,287,332,282,335,270,340,288,341,296,314,289,319,278,326,291,327,299,A
314,326,345,311,367,286,374,261,374,241,355,261,358,239,357,249,358,255,336,260,338,239,338,254,338,262,317,262,318,242,320,258,320,267,295,266,298,248,302,260,302,269,A
280,291,315,283,340,249,348,214,342,192,327,226,335,204,331,220,330,225,308,224,316,203,313,226,311,233,290,225,296,207,295,230,293,238,271,227,276,213,276,229,276,235,A
264,278,299,273,328,238,335,198,334,172,312,203,311,177,308,206,308,219,288,202,286,179,286,214,288,223,265,205,264,185,266,219,269,228,241,210,242,194,246,217,247,226,A
304,387,271,385,248,364,244,340,241,319,246,310,225,269,212,243,202,222,271,294,258,247,251,216,246,190,296,289,284,243,277,211,271,185,321,291,318,254,314,229,310,206,A
479,315,451,312,425,287,415,259,413,239,437,257,432,234,434,257,437,268,456,257,452,240,453,270,455,273,475,261,471,250,470,278,471,280,495,265,489,259,486,280,489,284,A
473,315,443,314,418,283,408,253,405,233,430,254,425,230,427,254,431,265,450,255,444,236,443,267,448,270,469,259,465,247,462,278,466,279,489,265,483,258,479,279,483,283,A
472,318,440,317,414,284,406,251,404,230,428,253,424,229,424,254,428,265,448,255,443,236,441,269,445,271,468,259,463,246,459,278,463,280,487,264,481,259,477,281,481,283,A
476,321,443,317,418,284,409,252,406,231,431,254,427,229,430,255,433,264,453,255,448,235,446,268,450,270,473,261,468,248,464,279,467,279,493,266,486,261,481,282,484,284,A
481,324,449,318,425,284,414,253,412,231,436,254,432,228,436,256,438,265,458,255,454,235,453,270,455,271,478,260,475,248,472,281,474,280,499,266,494,261,491,284,494,285,A
486,325,452,317,428,283,418,251,415,228,440,253,437,225,439,253,442,265,462,255,460,233,459,269,461,272,484,260,481,246,478,280,479,280,506,266,501,259,497,281,499,284,A
490,324,455,310,432,278,423,248,423,225,445,254,439,223,443,242,445,257,468,255,464,232,466,259,467,272,491,259,484,243,486,269,487,279,514,266,504,253,504,272,507,281,A
527,288,486,288,447,244,435,197,441,168,462,204,464,179,466,206,466,218,491,205,493,178,492,216,491,221,517,212,521,194,517,229,516,232,543,218,542,208,541,232,543,235,A
521,279,483,277,449,232,438,187,441,159,466,190,468,157,470,188,469,201,495,194,497,164,494,207,492,211,522,202,525,183,518,223,515,226,548,210,547,197,543,226,543,232,A
525,262,481,259,444,211,435,164,437,136,463,172,467,137,469,164,468,182,494,176,498,146,497,186,493,198,522,185,524,165,522,203,518,213,548,194,547,182,546,210,546,219,A
413,249,381,229,362,196,360,169,363,150,375,171,379,149,381,160,380,176,398,175,406,156,404,175,400,191,418,183,426,168,422,186,417,201,436,197,443,182,439,195,434,207,A
394,241,357,219,339,187,337,159,338,143,355,164,356,144,356,164,355,180,375,169,376,152,372,175,371,188,394,176,394,163,388,184,386,196,412,187,411,174,405,190,402,200,A
346,226,311,212,288,184,283,159,290,141,300,161,295,139,297,156,300,167,321,161,317,142,316,164,316,174,340,164,335,152,332,173,333,180,360,171,351,162,349,177,351,182,A
341,233,303,219,281,191,274,162,278,142,298,166,289,142,289,166,294,177,316,166,306,143,304,174,312,180,336,170,325,152,321,182,328,188,357,176,344,164,338,184,343,190,A
338,236,300,225,278,195,272,166,275,146,294,168,286,144,287,169,293,178,313,169,304,147,303,178,310,182,333,173,324,157,320,188,328,191,354,179,343,168,338,188,344,193,A
338,248,302,236,279,209,270,182,275,162,291,182,283,157,285,179,289,191,310,182,302,160,302,188,306,197,331,185,322,169,320,197,325,205,352,191,341,180,338,200,343,206,A
348,315,320,309,295,284,285,259,283,240,306,258,300,239,303,253,307,267,324,256,318,239,319,259,323,274,343,257,335,246,335,266,339,279,362,262,352,253,350,268,352,279,A
185,359,216,342,237,309,240,277,247,253,221,282,227,264,222,287,217,307,202,282,209,269,203,299,199,320,182,284,190,274,187,305,186,325,161,286,169,267,170,286,170,301,A
185,361,216,344,236,311,241,279,249,255,222,285,229,268,223,292,218,312,203,283,211,272,204,303,199,324,183,284,191,277,188,307,187,327,163,287,172,271,173,290,173,306,A
185,362,216,346,236,312,241,281,249,256,223,286,230,269,224,292,219,312,203,284,212,274,204,303,200,325,184,285,192,279,189,309,188,329,164,288,172,273,174,293,174,309,A
186,363,218,347,238,312,242,281,251,256,223,286,231,269,226,292,220,312,204,284,213,274,206,305,201,326,185,285,194,280,190,310,189,330,165,288,174,273,175,293,175,309,A
186,361,217,345,238,311,242,279,250,255,221,285,228,267,223,291,218,311,202,284,211,272,205,304,200,325,183,286,192,278,189,310,188,329,164,288,173,271,174,290,173,305,A
187,357,219,342,239,307,243,275,252,251,224,281,230,262,225,287,220,307,205,281,213,268,206,299,202,319,185,283,193,274,190,305,189,324,165,285,174,266,175,285,175,300,A
186,356,217,340,238,307,242,275,249,251,221,280,227,260,223,285,219,305,202,279,211,267,205,299,201,318,183,280,192,273,190,304,188,323,164,283,173,266,175,285,175,299,A
186,355,216,338,236,305,240,274,246,249,220,279,226,260,223,283,219,302,201,278,210,266,205,298,200,317,183,279,191,272,189,303,187,322,163,282,171,264,173,283,173,297,A
186,355,216,339,236,305,240,274,247,249,222,277,228,261,223,285,218,305,203,276,211,266,204,297,199,318,184,277,192,271,189,302,187,322,164,280,172,263,173,283,172,297,A
186,353,216,338,237,304,241,272,248,248,222,277,228,259,223,283,218,302,203,276,211,264,204,296,199,316,184,277,192,270,188,301,187,320,164,279,173,262,173,281,172,296,A
186,345,217,329,238,296,242,265,248,242,222,270,226,249,223,272,219,292,203,270,210,258,203,289,199,308,184,271,191,261,188,292,186,312,165,273,173,254,173,274,172,291,A
187,325,221,303,241,271,245,241,253,217,226,246,232,227,227,251,222,271,207,245,215,232,208,262,204,283,188,246,196,235,192,265,190,286,168,247,176,229,177,248,177,265,A
190,304,226,280,246,246,251,214,259,190,231,220,238,205,231,229,224,249,212,218,221,206,213,235,207,257,193,218,202,209,198,238,194,259,172,220,181,203,182,221,182,238,A
198,287,233,270,256,233,263,199,273,174,242,205,249,186,242,211,236,232,222,203,230,192,220,224,215,245,201,203,209,194,203,227,201,248,179,203,187,184,188,205,188,222,A
205,281,239,267,263,229,271,193,283,167,251,202,258,179,249,206,243,227,230,199,238,185,228,219,223,239,209,199,217,187,211,221,209,242,187,200,196,177,196,199,196,216,A
211,279,246,265,269,229,276,193,288,169,257,201,265,178,255,203,248,224,236,199,244,184,233,218,227,238,216,199,223,187,216,220,213,240,194,199,202,177,200,198,200,215,A
223,284,258,270,280,236,288,203,296,178,268,205,276,183,269,209,262,229,248,204,258,189,249,222,243,242,228,204,237,192,232,226,228,246,206,205,216,184,218,205,216,223,A
232,295,267,279,290,246,297,213,307,188,276,217,285,198,277,221,269,241,257,215,267,202,257,232,249,252,238,215,247,204,241,235,236,256,216,216,226,197,228,216,226,232,A
239,309,271,293,294,261,302,232,311,210,280,235,290,217,283,238,276,257,261,233,271,223,263,252,257,272,243,233,253,226,247,255,243,274,223,234,236,220,234,239,230,255,A
236,317,266,303,288,272,295,242,304,219,276,247,285,226,279,246,273,265,259,246,269,233,260,261,253,281,241,245,251,235,244,263,239,283,222,244,233,229,231,246,228,260,A
235,322,266,308,287,278,293,249,301,227,275,255,282,234,276,251,271,269,258,254,266,240,258,267,253,287,240,253,249,243,243,270,239,290,221,252,232,236,231,253,228,267,A
233,326,263,313,284,283,290,254,298,232,272,261,279,240,273,258,268,276,255,259,264,246,256,273,250,293,238,259,247,248,240,275,236,295,219,258,229,241,228,258,225,272,A
229,329,259,316,278,286,284,258,290,237,268,266,275,246,269,259,265,275,251,264,260,251,252,277,246,297,235,263,242,254,236,280,232,299,216,263,225,248,223,263,220,276,A
222,337,248,324,267,296,270,269,277,248,258,275,265,257,261,268,259,281,241,273,249,261,242,285,237,304,224,273,231,264,226,289,223,307,206,274,214,259,213,275,211,289,A
218,342,245,329,264,301,268,274,273,254,251,280,258,262,253,277,249,292,235,279,243,266,237,292,233,311,219,278,227,269,223,295,220,314,202,279,210,264,210,281,209,295,A
213,344,241,332,259,304,264,276,270,256,247,284,252,264,247,281,242,298,231,284,238,271,231,296,226,315,216,283,222,274,218,299,215,317,199,283,206,269,205,284,204,298,A
209,345,234,333,252,305,257,278,263,257,241,285,245,265,241,283,238,298,225,284,230,271,226,297,223,315,209,284,214,275,212,300,211,317,193,285,198,269,199,285,198,298,A
196,338,222,325,240,298,243,271,245,250,228,279,233,260,229,266,227,277,212,278,218,263,213,287,210,307,196,278,201,267,199,292,198,311,179,279,185,263,186,278,185,292,A
181,329,209,317,225,288,227,260,231,239,211,266,212,246,210,258,209,272,195,267,197,253,195,278,193,297,178,269,181,258,181,285,180,304,161,272,163,254,165,268,166,280,A
168,327,196,315,213,283,215,254,218,230,200,260,200,242,196,257,194,273,181,259,183,247,180,275,179,297,164,261,167,252,167,280,168,301,147,263,151,250,153,267,154,281,A
161,326,188,313,207,282,208,251,214,227,194,257,195,238,189,252,187,267,176,257,177,245,173,273,172,295,158,258,159,250,158,278,160,298,138,261,141,246,143,264,144,278,A
156,325,184,312,201,278,204,246,211,222,186,253,189,233,185,254,183,273,168,253,171,240,169,270,166,292,150,255,154,246,154,275,154,295,131,258,135,243,137,261,138,275,A
154,326,182,311,200,277,201,243,208,218,185,251,186,232,182,256,180,276,166,252,169,239,166,270,164,291,147,254,151,244,151,274,152,295,128,256,132,239,134,258,135,273,A
155,323,184,309,203,274,206,241,213,216,187,247,189,226,185,249,183,269,168,248,171,234,168,265,166,287,148,250,152,240,152,271,153,290,128,253,132,235,135,254,136,268,A
162,317,193,304,212,268,216,234,223,209,199,241,201,220,196,242,193,262,179,242,181,228,176,259,173,281,159,244,162,234,161,265,161,286,138,247,143,231,144,250,145,264,A
171,315,202,301,222,264,225,231,234,206,207,238,211,219,206,241,203,262,187,238,192,224,186,255,183,278,167,240,172,230,171,262,170,284,146,242,153,224,155,241,155,255,A
193,314,225,299,249,263,257,229,263,203,235,233,241,216,237,238,231,258,215,232,222,220,215,253,210,276,193,232,202,226,198,259,196,281,170,234,181,218,183,239,182,256,A
207,312,239,300,264,265,271,232,275,205,252,235,260,215,255,230,251,246,232,233,242,219,233,251,226,275,211,232,220,223,214,255,210,278,188,233,200,217,199,238,196,254,A
221,312,255,299,281,265,289,233,298,207,268,234,277,214,270,233,262,252,248,232,259,219,249,252,241,276,227,232,238,223,231,256,225,278,205,234,217,217,216,236,213,251,A
230,321,263,304,286,271,293,239,302,215,273,243,283,222,276,247,270,267,253,241,263,228,254,260,248,281,233,241,243,230,236,262,231,282,211,243,224,226,223,248,219,263,A
482,351,457,337,440,313,431,289,427,270,452,301,447,277,444,257,443,242,466,298,463,272,459,253,456,237,482,297,479,273,476,254,472,238,498,299,495,277,492,261,489,247,A
481,348,457,331,443,306,438,283,440,265,435,304,423,278,417,256,413,240,447,301,439,273,434,249,432,230,463,300,456,271,452,249,449,232,481,300,478,277,474,259,472,243,A
479,345,451,318,436,290,426,268,425,248,437,287,434,261,433,241,432,226,448,288,448,259,449,241,450,228,463,291,464,263,466,246,468,234,480,295,480,272,481,257,481,246,A
468,320,436,292,420,267,413,245,414,225,436,245,430,230,419,231,412,238,449,241,442,225,434,237,432,255,464,241,456,226,448,242,445,261,480,244,478,221,471,229,466,244,A
460,300,431,272,416,238,412,211,404,188,432,209,425,204,426,224,426,243,452,210,442,204,440,232,441,253,470,215,462,210,456,236,456,256,487,224,480,215,474,230,473,243,A
464,286,435,263,419,226,415,197,407,173,439,201,434,189,434,215,434,236,459,204,452,195,450,227,451,248,479,211,471,208,465,236,464,255,497,220,491,211,485,227,484,238,A
469,287,442,265,426,227,423,198,416,174,447,199,441,189,440,213,440,234,467,204,459,196,456,226,456,248,486,213,479,207,473,236,471,256,504,225,504,212,498,217,493,221,A
475,287,447,264,432,226,430,199,425,176,454,199,447,188,446,214,446,235,474,203,466,196,463,227,463,250,493,212,485,207,480,236,478,257,511,222,506,212,500,226,498,236,A
479,289,451,265,437,226,435,198,430,174,459,202,454,188,451,214,450,236,479,207,472,196,468,228,468,251,498,216,492,208,485,237,483,258,517,227,515,212,508,224,506,234,A
479,289,450,267,435,226,434,197,427,173,458,201,453,189,451,216,450,239,479,206,472,196,467,229,465,252,498,215,491,209,483,239,481,260,517,226,511,214,504,231,503,243,A
