229,325,272,316,310,275,336,244,363,230,282,220,290,173,291,141,291,114,255,217,259,199,253,239,249,269,228,219,229,207,231,245,235,270,202,223,204,185,207,164,213,143,I love you
231,324,275,316,313,274,339,243,365,229,285,219,293,172,293,140,294,112,257,216,261,198,255,238,252,268,230,219,232,207,234,245,238,270,204,223,206,185,209,163,215,141,I love you
237,322,281,314,318,271,346,240,372,226,290,214,299,166,301,135,303,107,263,212,267,195,261,236,258,266,235,215,238,204,239,243,241,269,208,221,210,181,213,159,220,136,I love you
241,320,286,311,323,268,351,237,378,224,296,212,305,163,307,132,309,104,269,209,273,191,267,231,264,261,241,212,244,198,245,238,247,264,214,217,216,177,220,154,227,130,I love you
243,318,288,310,325,267,353,235,380,222,298,211,308,161,309,129,311,102,271,207,276,189,269,229,266,260,243,210,246,196,247,236,250,261,216,214,219,175,223,153,229,130,I love you
251,322,296,312,332,270,361,241,388,227,307,213,316,164,318,133,321,106,279,210,285,194,279,233,276,263,251,214,257,203,257,242,258,268,224,219,226,178,229,155,235,132,I love you
261,322,306,315,344,274,372,244,398,228,319,214,329,165,332,133,334,105,291,211,297,194,292,234,289,265,262,214,267,201,269,240,271,266,234,219,236,178,239,155,244,131,I love you
266,321,312,313,350,271,378,242,403,228,323,213,334,162,337,131,341,103,295,210,303,193,297,232,294,262,267,212,273,199,274,239,275,265,239,216,241,176,245,153,253,130,I love you
287,316,334,310,375,268,402,237,427,223,348,210,360,157,366,125,370,96,320,207,332,186,327,226,322,255,292,208,303,192,304,232,303,258,265,211,270,168,276,144,283,120,I love you
283,311,330,303,370,262,396,231,420,218,342,203,356,151,360,119,365,91,314,199,328,179,324,221,319,252,286,201,297,187,299,229,300,257,258,204,263,162,269,139,276,114,I love you
268,309,315,300,353,258,381,228,407,215,326,200,338,148,343,116,346,88,298,198,308,177,300,218,294,249,269,200,279,187,278,227,278,255,241,205,244,162,249,139,257,116,I love you
251,315,298,306,337,263,367,231,394,217,310,205,320,155,323,121,326,93,282,203,290,182,282,223,276,255,253,205,260,192,260,232,260,260,225,210,227,168,231,145,237,122,I love you
237,321,284,311,322,269,353,237,381,223,295,211,304,161,306,127,308,99,266,209,270,189,264,230,260,263,238,211,240,200,241,240,243,267,210,216,212,174,215,151,219,128,I love you
226,321,272,313,311,269,339,237,365,225,282,211,289,162,290,128,291,99,253,209,254,191,249,231,247,264,225,213,224,204,226,243,229,271,196,218,199,177,201,154,205,132,I love you
211,334,257,324,294,280,322,246,350,231,265,222,269,173,269,137,268,108,234,221,232,205,226,247,224,279,205,225,201,216,204,256,208,284,177,232,178,190,179,166,181,142,I love you
208,346,253,335,290,291,319,258,348,242,260,232,266,181,266,146,267,116,232,230,230,214,224,258,221,290,203,234,198,224,201,266,207,293,174,240,175,198,176,175,179,151,I love you
218,349,265,340,306,295,336,262,365,249,276,235,283,184,285,150,285,122,247,234,246,221,240,265,236,297,218,238,214,230,216,270,219,298,189,243,191,200,192,176,195,152,I love you
239,343,288,334,332,293,362,261,389,243,301,232,312,181,315,146,318,116,271,228,279,213,272,255,266,286,241,231,247,221,248,263,248,290,212,236,216,192,220,167,225,142,I love you
255,334,303,327,345,286,375,253,405,238,317,222,329,169,333,135,337,106,288,219,296,201,288,244,284,275,257,221,264,209,264,251,265,278,228,226,232,182,236,157,243,132,I love you
254,330,302,326,347,283,378,252,407,237,318,218,333,164,337,130,343,100,288,214,298,196,290,240,286,274,258,216,265,204,266,248,267,276,228,219,234,176,240,152,248,128,I love you
242,319,292,311,334,270,363,239,388,223,305,206,316,152,322,119,326,90,274,203,284,183,280,226,276,259,244,206,254,192,256,234,256,262,215,211,219,166,224,141,232,115,I love you
235,318,284,309,326,269,356,239,383,223,297,205,310,153,314,119,318,90,267,203,276,183,270,227,266,260,238,205,246,193,247,234,249,261,209,208,213,165,218,141,225,118,I love you
216,319,263,310,304,267,334,237,361,223,275,207,285,154,289,119,291,89,245,204,252,185,246,229,242,262,215,207,221,196,222,239,223,266,187,211,190,168,194,145,200,121,I love you
209,317,257,309,298,267,330,237,357,222,270,205,280,153,282,119,284,90,240,201,248,184,242,228,238,260,211,204,217,193,219,234,221,261,183,208,186,165,191,142,198,119,I love you
208,316,256,307,297,267,327,237,354,220,268,205,278,153,280,120,282,91,239,201,246,184,240,227,236,258,210,204,215,192,217,233,219,259,182,208,186,166,190,143,196,120,I love you
212,310,258,303,300,264,329,234,355,218,271,202,281,151,284,119,286,91,243,199,249,183,243,223,238,253,215,201,220,189,220,230,221,254,187,204,190,164,195,142,201,118,I love you
211,309,256,300,295,263,324,235,349,221,268,205,278,157,280,126,282,99,241,202,248,184,243,223,238,252,214,203,219,191,221,229,222,254,187,206,191,167,195,146,200,124,I love you
210,311,253,303,291,268,319,242,344,225,266,211,275,165,277,135,279,109,239,208,244,193,238,231,234,259,213,211,216,202,217,239,219,262,187,214,190,177,194,156,200,134,I love you
194,347,234,339,270,309,296,282,319,265,250,252,262,205,268,180,272,156,225,251,234,227,234,257,234,282,201,257,209,240,214,269,217,290,176,265,173,232,168,217,166,203,I love you
471,509,431,490,394,453,367,424,344,394,443,402,441,355,440,326,439,299,486,408,493,410,478,448,466,465,522,428,528,433,513,468,502,484,552,451,574,443,580,458,585,465,I love you
491,489,438,458,392,406,356,368,322,339,437,339,429,273,424,235,416,198,482,340,495,319,491,377,482,414,523,353,543,346,533,399,519,434,561,370,597,327,627,302,651,277,I love you
515,450,451,425,401,370,369,325,334,292,452,285,441,216,437,173,432,131,500,286,516,264,512,326,501,367,543,299,565,290,553,349,535,386,581,319,615,272,645,246,669,218,I love you
517,402,451,376,398,318,367,269,331,235,443,230,430,154,423,107,415,61,491,227,502,191,502,253,498,300,536,236,554,216,546,276,534,316,580,252,605,195,624,158,640,117,I love you
513,365,445,353,387,302,356,254,323,219,426,205,411,131,402,89,395,47,475,202,484,165,487,228,485,272,520,211,537,187,528,252,513,292,566,225,583,165,597,127,606,84,I love you
503,351,435,340,377,286,347,236,313,202,413,192,396,116,386,71,378,28,461,187,470,149,475,210,474,256,506,194,522,170,517,234,505,275,553,204,567,143,577,105,582,64,I love you
491,345,421,334,361,280,332,230,301,192,394,188,376,112,365,68,356,24,439,181,439,144,442,206,444,251,483,186,487,160,482,223,473,264,529,194,527,132,524,93,518,50,I love you
493,345,423,338,362,284,334,232,303,192,397,188,379,113,367,67,356,23,441,182,441,144,443,203,443,247,483,187,490,160,485,224,474,266,527,195,524,134,521,95,516,53,I love you
493,373,424,361,368,309,343,258,314,224,401,222,385,149,376,105,367,64,443,218,445,181,451,237,452,279,484,223,489,201,489,258,481,295,527,231,525,170,521,135,513,98,I love you
491,392,425,378,374,328,350,282,325,247,402,249,389,181,382,141,375,102,443,246,446,214,451,267,450,305,482,250,487,230,487,283,479,317,523,257,521,201,518,169,510,135,I love you
485,403,423,391,375,343,352,299,327,266,401,271,389,206,382,168,375,132,439,267,441,235,446,284,447,321,476,270,480,251,480,302,473,334,515,278,513,225,511,195,504,163,I love you
479,402,421,391,374,348,352,305,327,274,398,278,387,218,380,183,373,149,434,273,437,245,440,291,441,326,468,276,472,260,472,310,466,341,503,282,503,235,501,207,496,177,I love you
469,403,413,394,367,349,346,306,321,276,393,280,381,222,373,188,366,155,428,276,428,248,431,293,434,328,461,279,463,261,462,311,457,343,495,286,496,241,494,213,488,183,I love you
473,404,415,396,366,348,344,302,317,271,395,274,382,213,374,176,364,141,432,269,433,242,437,293,438,331,468,274,473,258,471,309,462,342,505,280,503,230,503,198,500,166,I love you
474,401,413,395,359,342,334,293,305,262,389,263,375,196,366,155,357,117,428,257,431,226,437,280,438,320,467,261,476,243,474,299,464,335,509,268,509,211,509,177,504,141,I love you
479,402,412,394,358,339,330,289,298,255,389,255,374,183,364,140,355,98,430,248,434,215,440,272,440,315,472,252,480,234,478,293,468,331,515,259,514,202,515,165,512,127,I love you
478,401,412,393,355,339,327,290,296,254,388,254,373,182,363,138,353,96,431,247,431,213,437,269,439,312,472,251,478,232,476,291,466,329,515,259,513,203,512,167,508,128,I love you
486,434,422,423,369,372,344,325,315,291,400,294,387,227,380,189,373,152,440,291,445,264,450,315,449,355,479,296,485,281,486,335,479,369,519,304,521,251,522,218,518,184,I love you
490,450,429,439,377,389,351,343,322,313,403,318,392,254,386,217,379,181,442,314,448,286,452,337,451,375,479,319,488,305,487,356,477,389,518,326,520,275,520,245,516,215,I love you
483,454,426,442,376,391,352,346,326,313,405,320,395,257,389,221,383,186,443,317,448,293,450,344,448,382,480,323,487,310,484,362,474,394,516,332,520,283,523,253,522,221,I love you
446,458,387,447,338,397,315,351,289,322,368,327,358,267,353,230,349,196,405,323,401,302,403,351,405,389,441,328,437,316,436,363,433,395,478,335,482,289,485,261,485,229,I love you
