223,287,267,278,304,253,330,228,354,212,282,187,300,148,309,122,314,99,256,176,267,127,273,96,275,70,229,178,228,133,227,102,226,74,203,190,192,158,185,136,181,113,Hello
219,290,264,281,301,255,328,229,351,213,279,187,297,147,306,122,311,98,252,177,262,127,268,95,270,69,225,179,222,132,220,101,219,74,198,192,186,158,179,136,174,113,Hello
215,294,260,284,296,257,323,231,347,214,274,189,291,148,299,122,305,99,246,178,254,127,259,95,262,69,218,182,215,134,213,103,212,75,191,196,178,163,170,140,166,117,Hello
197,303,241,291,278,259,302,230,324,212,246,192,260,148,267,120,269,95,217,184,220,130,222,96,221,68,189,190,181,140,176,108,172,81,162,207,145,173,134,150,125,127,Hello
187,309,235,295,270,262,296,232,319,212,236,193,249,147,253,117,254,90,205,186,206,130,206,95,204,65,176,193,166,143,161,109,156,78,148,211,130,177,117,153,108,129,Hello
196,311,244,298,284,266,310,236,334,217,250,195,266,149,270,119,272,93,218,186,222,129,224,93,222,63,188,192,181,139,176,105,172,75,159,208,143,173,133,149,124,127,Hello
214,315,264,305,304,275,332,247,357,230,279,203,296,157,303,128,308,102,249,191,256,134,261,99,263,70,218,195,215,142,212,107,210,75,188,210,175,173,167,149,159,125,Hello
223,318,273,308,317,281,347,256,373,241,293,206,313,163,324,135,331,109,263,195,276,140,283,104,286,73,233,198,234,146,233,111,232,80,202,211,193,174,187,149,183,125,Hello
226,319,276,311,318,284,348,258,374,240,296,209,317,166,328,138,335,112,267,197,280,142,286,107,289,75,238,199,238,149,239,114,240,81,207,213,198,176,192,150,189,125,Hello
221,321,269,311,311,283,339,255,364,237,288,208,307,164,316,135,322,108,257,197,268,141,275,106,278,76,226,200,225,147,225,112,226,81,196,214,184,178,177,152,173,127,Hello
205,320,254,308,293,277,320,248,345,228,267,205,284,157,292,127,296,100,236,194,243,136,246,99,246,68,205,198,199,146,195,110,193,77,174,215,160,178,151,153,144,128,Hello
215,321,264,309,305,278,332,250,358,232,278,205,296,160,304,130,308,102,248,195,256,137,260,100,261,68,217,199,214,146,211,111,209,79,187,214,174,177,165,152,159,126,Hello
233,321,282,308,324,281,353,255,379,237,299,207,317,162,325,133,331,107,269,196,278,141,283,105,285,74,238,200,237,148,235,114,234,83,208,214,198,178,191,152,186,128,Hello
281,324,331,312,373,285,401,260,427,241,355,210,376,170,387,143,394,119,329,199,344,144,353,110,358,82,300,200,305,148,307,115,310,85,268,212,263,174,261,151,259,128,Hello
322,320,375,313,419,284,447,259,472,247,401,207,423,164,435,137,443,113,373,195,390,140,400,106,407,77,344,195,350,142,355,108,359,79,314,206,310,168,309,142,310,116,Hello
356,318,409,312,453,287,486,265,511,252,443,210,468,167,481,140,491,115,416,196,436,141,448,106,457,76,387,194,396,141,401,106,407,75,355,203,355,165,356,139,360,114,Hello
370,314,422,311,469,285,502,262,528,250,461,206,488,165,503,136,513,111,435,191,459,138,474,103,484,73,407,190,419,137,427,102,434,71,377,200,379,162,381,136,386,110,Hello
372,309,423,303,467,277,500,253,526,240,458,201,485,159,499,131,511,106,434,186,456,132,471,98,483,67,407,185,416,132,425,97,435,65,377,194,378,155,380,128,385,102,Hello
333,303,387,296,432,265,462,238,487,222,414,185,439,142,453,113,462,87,386,172,406,116,419,81,427,51,357,172,364,118,371,84,377,54,326,183,323,143,323,116,325,91,Hello
299,300,353,291,400,259,429,229,455,214,377,179,400,132,412,102,421,75,347,167,363,108,373,71,380,40,317,168,321,112,325,76,329,45,285,181,279,141,277,113,277,86,Hello
273,299,328,286,374,252,401,220,430,201,344,170,365,121,375,90,381,63,312,160,324,99,332,62,337,30,280,163,281,105,282,69,284,38,247,178,240,136,236,108,235,81,Hello
258,297,313,283,356,248,382,214,409,193,324,169,340,118,349,86,355,56,291,158,299,96,306,58,310,25,259,162,255,104,254,66,255,31,227,179,216,137,209,108,205,80,Hello
273,302,330,289,377,254,405,221,435,200,346,171,364,119,372,87,377,57,312,161,323,98,330,58,333,24,279,164,280,105,280,68,281,35,245,179,238,135,234,107,230,80,Hello
298,303,353,292,399,258,428,227,456,208,375,175,395,125,405,93,412,64,344,163,357,101,366,63,372,30,312,166,313,107,315,69,318,35,279,180,272,138,269,110,267,82,Hello
322,289,375,280,422,247,456,217,485,198,403,164,426,116,438,83,447,55,373,151,391,90,403,49,410,16,342,153,348,93,353,54,358,19,308,167,307,123,306,94,308,65,Hello
312,277,368,266,415,233,445,202,472,182,394,150,416,101,428,69,437,42,363,136,381,76,393,39,403,9,332,136,337,78,343,39,349,6,299,149,294,105,292,75,294,47,Hello
286,270,340,259,388,227,419,193,445,171,367,143,388,93,400,62,409,33,335,130,349,72,360,39,368,10,303,131,306,75,310,39,315,7,270,144,263,100,261,70,261,42,Hello
226,281,278,265,320,229,349,195,371,173,288,152,303,102,310,71,313,44,257,143,263,79,265,43,266,11,227,146,222,88,219,53,217,23,196,162,183,122,174,98,169,74,Hello
199,295,247,278,290,242,315,208,339,187,255,171,268,122,273,92,276,66,224,162,228,102,230,67,229,37,195,166,188,111,185,77,183,47,166,182,152,144,144,119,138,94,Hello
184,302,230,284,268,250,291,217,312,193,233,180,243,133,246,104,247,78,202,172,204,116,203,81,200,51,174,179,165,126,159,93,155,63,146,196,130,160,121,136,113,111,Hello
178,312,226,296,262,260,286,228,308,206,226,191,237,143,240,112,240,85,195,184,196,127,195,90,192,60,167,191,158,138,153,104,148,74,140,207,125,171,115,146,107,122,Hello
190,326,236,309,273,275,296,242,317,219,238,205,249,159,252,129,253,102,207,197,209,140,209,105,206,74,178,204,170,152,165,119,161,89,150,220,136,183,127,158,120,134,Hello
217,344,265,330,303,298,328,269,351,249,276,227,288,180,292,150,293,124,244,217,250,161,252,125,250,96,214,221,210,168,206,136,203,108,184,236,172,198,164,174,159,151,Hello
247,356,297,344,339,315,366,286,391,265,315,244,332,198,340,169,345,143,285,233,297,178,303,143,306,114,256,236,257,185,258,153,259,124,226,248,221,210,219,185,220,161,Hello
259,363,309,352,351,325,380,299,405,279,331,253,350,208,360,179,367,153,302,244,317,190,326,155,332,126,273,247,277,198,280,164,284,134,242,260,239,223,237,198,236,173,Hello
242,367,290,357,333,328,360,300,386,282,311,257,329,211,338,183,344,157,282,247,295,194,303,160,307,131,253,251,254,201,255,170,258,142,223,264,217,228,214,204,213,181,Hello
192,367,239,350,277,315,303,283,324,263,244,249,254,201,261,172,267,147,213,242,215,183,216,148,217,117,185,248,179,197,175,166,171,139,159,265,150,230,142,212,137,192,Hello
167,363,214,347,252,313,277,281,300,258,218,243,227,195,230,163,232,135,185,235,185,178,184,142,183,111,155,242,146,191,140,157,136,126,125,260,108,224,98,201,90,177,Hello
175,361,223,345,261,308,286,275,309,254,224,240,232,192,234,161,235,133,192,233,191,176,190,140,188,110,163,241,153,188,147,154,142,123,135,259,117,223,106,198,98,174,Hello
209,364,260,349,299,314,323,282,347,261,265,245,278,198,284,168,288,141,234,237,238,179,241,144,241,113,205,242,199,189,195,156,191,125,176,259,161,222,153,198,147,173,Hello
238,364,287,351,328,320,353,289,378,268,301,248,316,202,322,174,328,148,271,239,278,183,283,149,286,120,241,243,240,192,238,159,237,130,211,258,203,221,198,197,195,173,Hello
250,369,302,357,344,327,370,299,395,279,320,253,338,208,347,178,353,150,291,245,304,191,311,156,315,125,261,249,264,199,266,165,269,135,231,264,227,228,226,202,227,176,Hello
227,372,275,359,316,325,344,293,371,275,288,256,304,209,312,179,318,152,258,247,267,191,274,155,277,124,228,252,227,200,227,167,228,137,198,268,188,232,182,208,178,184,Hello
199,374,248,358,287,322,311,289,336,270,253,253,266,205,272,174,276,147,221,246,225,188,227,151,227,120,191,252,184,199,181,164,180,134,162,270,146,234,137,209,132,185,Hello
180,372,229,357,268,321,292,287,315,265,232,251,242,202,246,171,248,142,199,244,200,187,200,150,199,118,169,252,160,200,155,165,151,133,139,271,123,236,112,212,103,187,Hello
210,376,260,361,300,327,325,294,350,272,266,258,278,210,284,180,288,153,234,250,238,192,240,157,240,127,203,256,199,202,195,168,191,136,174,273,160,236,151,212,144,188,Hello
240,377,290,364,332,333,359,302,384,279,306,261,321,214,328,183,333,157,275,252,284,196,290,161,293,131,245,257,242,206,239,173,238,143,215,273,206,236,202,212,199,188,Hello
252,375,302,363,343,333,370,304,395,281,320,260,337,214,346,183,352,156,291,251,303,196,311,160,316,128,262,255,262,204,264,171,267,141,232,270,225,234,222,209,222,183,Hello
245,372,294,358,335,327,360,298,383,275,310,256,327,209,335,179,340,152,280,247,290,192,296,157,300,127,250,252,249,202,248,168,249,138,220,267,213,231,210,206,209,181,Hello
212,372,261,356,300,320,325,287,347,265,267,250,280,204,288,174,292,147,236,243,241,186,244,150,244,119,207,249,201,197,200,163,199,133,178,267,164,231,155,207,149,183,Hello
